category,title,description,upvotes,has_images,hour,area,priority
pothole,Pothole issue in Whitefield,damaged road near metro station. This is happening in Whitefield near the landmark.,47,0,11,Whitefield,high
pothole,Pothole issue in Koramangala,huge pothole on road. This is happening in Koramangala near the landmark.,43,1,3,Koramangala,high
pothole,Pothole issue in Indiranagar,vehicle damage due to deep gunda on outer ring road. This is happening in Indiranagar near the landmark.,50,1,13,Indiranagar,high
pothole,Pothole issue in HSR Layout,damaged road near metro station. This is happening in HSR Layout near the landmark.,4,0,6,HSR Layout,medium
pothole,Pothole issue in Malleshwaram,vehicle damage due to deep gunda on outer ring road. This is happening in Malleshwaram near the landmark.,19,1,15,Malleshwaram,high
pothole,Pothole issue in Malleshwaram,huge pothole on road. This is happening in Malleshwaram near the landmark.,35,1,15,Malleshwaram,high
pothole,Pothole issue in Jayanagar,vehicle damage due to deep gunda on outer ring road. This is happening in Jayanagar near the landmark.,14,1,14,Jayanagar,high
pothole,Pothole issue in Koramangala,"road condition is very bad, gunda blocking traffic. This is happening in Koramangala near the landmark.",47,0,21,Koramangala,high
pothole,Pothole issue in HSR Layout,gunda on main road. This is happening in HSR Layout near the landmark.,39,1,17,HSR Layout,high
pothole,Pothole issue in Whitefield,potholes everywhere on this stretch. This is happening in Whitefield near the landmark.,1,0,1,Whitefield,medium
pothole,Pothole issue in Jayanagar,huge pothole on road. This is happening in Jayanagar near the landmark.,23,1,23,Jayanagar,high
pothole,Pothole issue in HSR Layout,huge pothole on road. This is happening in HSR Layout near the landmark.,16,1,23,HSR Layout,high
pothole,Pothole issue in Indiranagar,dangerous crater on silk board flyover. This is happening in Indiranagar near the landmark.,36,1,5,Indiranagar,high
pothole,Pothole issue in Indiranagar,deep hole in middle of street. This is happening in Indiranagar near the landmark.,16,0,10,Indiranagar,high
pothole,Pothole issue in Whitefield,many potholes after rain. This is happening in Whitefield near the landmark.,35,0,21,Whitefield,high
pothole,Pothole issue in Whitefield,potholes everywhere on this stretch. This is happening in Whitefield near the landmark.,9,0,0,Whitefield,medium
pothole,Pothole issue in Whitefield,deep hole in middle of street. This is happening in Whitefield near the landmark.,11,0,19,Whitefield,high
pothole,Pothole issue in Koramangala,deep hole in middle of street. This is happening in Koramangala near the landmark.,14,1,9,Koramangala,high
pothole,Pothole issue in Koramangala,huge pothole on road. This is happening in Koramangala near the landmark.,48,1,0,Koramangala,high
pothole,Pothole issue in Indiranagar,potholes everywhere on this stretch. This is happening in Indiranagar near the landmark.,16,0,1,Indiranagar,high
pothole,Pothole issue in MG Road,many potholes after rain. This is happening in MG Road near the landmark.,24,1,14,MG Road,high
pothole,Pothole issue in Koramangala,huge pothole on road. This is happening in Koramangala near the landmark.,2,0,23,Koramangala,medium
pothole,Pothole issue in Koramangala,many potholes after rain. This is happening in Koramangala near the landmark.,27,1,19,Koramangala,high
pothole,Pothole issue in Koramangala,gunda on main road. This is happening in Koramangala near the landmark.,22,1,3,Koramangala,high
pothole,Pothole issue in Indiranagar,deep hole in middle of street. This is happening in Indiranagar near the landmark.,6,0,13,Indiranagar,medium
pothole,Pothole issue in Koramangala,gunda on main road. This is happening in Koramangala near the landmark.,32,0,3,Koramangala,high
pothole,Pothole issue in Jayanagar,deep hole in middle of street. This is happening in Jayanagar near the landmark.,12,0,5,Jayanagar,high
pothole,Pothole issue in Indiranagar,huge pothole on road. This is happening in Indiranagar near the landmark.,21,0,18,Indiranagar,high
pothole,Pothole issue in Whitefield,huge pothole on road. This is happening in Whitefield near the landmark.,1,0,22,Whitefield,medium
pothole,Pothole issue in Koramangala,many potholes after rain. This is happening in Koramangala near the landmark.,29,0,8,Koramangala,high
pothole,Pothole issue in HSR Layout,"road condition is very bad, gunda blocking traffic. This is happening in HSR Layout near the landmark.",33,0,6,HSR Layout,high
pothole,Pothole issue in HSR Layout,gunda on main road. This is happening in HSR Layout near the landmark.,15,1,7,HSR Layout,high
pothole,Pothole issue in Indiranagar,huge pothole on road. This is happening in Indiranagar near the landmark.,11,1,22,Indiranagar,high
pothole,Pothole issue in HSR Layout,"road condition is very bad, gunda blocking traffic. This is happening in HSR Layout near the landmark.",40,1,4,HSR Layout,high
pothole,Pothole issue in Koramangala,many potholes after rain. This is happening in Koramangala near the landmark.,11,0,10,Koramangala,high
pothole,Pothole issue in Jayanagar,many potholes after rain. This is happening in Jayanagar near the landmark.,5,0,11,Jayanagar,medium
pothole,Pothole issue in HSR Layout,many potholes after rain. This is happening in HSR Layout near the landmark.,48,0,3,HSR Layout,high
pothole,Pothole issue in MG Road,gunda on main road. This is happening in MG Road near the landmark.,11,0,13,MG Road,high
pothole,Pothole issue in Whitefield,huge pothole on road. This is happening in Whitefield near the landmark.,24,0,22,Whitefield,high
pothole,Pothole issue in Malleshwaram,damaged road near metro station. This is happening in Malleshwaram near the landmark.,44,0,9,Malleshwaram,high
pothole,Pothole issue in MG Road,many potholes after rain. This is happening in MG Road near the landmark.,9,1,12,MG Road,medium
pothole,Pothole issue in Koramangala,cracked pavement making it hard to drive. This is happening in Koramangala near the landmark.,12,0,0,Koramangala,high
pothole,Pothole issue in Whitefield,potholes everywhere on this stretch. This is happening in Whitefield near the landmark.,20,1,11,Whitefield,high
pothole,Pothole issue in MG Road,dangerous crater on silk board flyover. This is happening in MG Road near the landmark.,45,1,6,MG Road,high
pothole,Pothole issue in Indiranagar,huge pothole on road. This is happening in Indiranagar near the landmark.,50,1,11,Indiranagar,high
pothole,Pothole issue in Indiranagar,damaged road near metro station. This is happening in Indiranagar near the landmark.,8,0,21,Indiranagar,medium
pothole,Pothole issue in Whitefield,damaged road near metro station. This is happening in Whitefield near the landmark.,18,1,5,Whitefield,high
pothole,Pothole issue in Whitefield,many potholes after rain. This is happening in Whitefield near the landmark.,46,0,22,Whitefield,high
pothole,Pothole issue in Indiranagar,"road condition is very bad, gunda blocking traffic. This is happening in Indiranagar near the landmark.",49,1,12,Indiranagar,high
pothole,Pothole issue in Koramangala,"road condition is very bad, gunda blocking traffic. This is happening in Koramangala near the landmark.",34,1,0,Koramangala,high
pothole,Pothole issue in Whitefield,dangerous crater on silk board flyover. This is happening in Whitefield near the landmark.,3,0,22,Whitefield,medium
pothole,Pothole issue in Whitefield,gunda on main road. This is happening in Whitefield near the landmark.,30,0,5,Whitefield,high
pothole,Pothole issue in Whitefield,gunda on main road. This is happening in Whitefield near the landmark.,24,1,11,Whitefield,high
pothole,Pothole issue in Jayanagar,dangerous crater on silk board flyover. This is happening in Jayanagar near the landmark.,10,0,19,Jayanagar,medium
pothole,Pothole issue in Whitefield,potholes everywhere on this stretch. This is happening in Whitefield near the landmark.,17,0,11,Whitefield,high
pothole,Pothole issue in Indiranagar,deep hole in middle of street. This is happening in Indiranagar near the landmark.,23,1,21,Indiranagar,high
pothole,Pothole issue in Malleshwaram,potholes everywhere on this stretch. This is happening in Malleshwaram near the landmark.,12,0,11,Malleshwaram,high
pothole,Pothole issue in Koramangala,huge pothole on road. This is happening in Koramangala near the landmark.,14,1,12,Koramangala,high
pothole,Pothole issue in Whitefield,damaged road near metro station. This is happening in Whitefield near the landmark.,25,0,14,Whitefield,high
pothole,Pothole issue in Jayanagar,"road condition is very bad, gunda blocking traffic. This is happening in Jayanagar near the landmark.",34,1,23,Jayanagar,high
pothole,Pothole issue in Whitefield,cracked pavement making it hard to drive. This is happening in Whitefield near the landmark.,22,0,2,Whitefield,high
pothole,Pothole issue in HSR Layout,potholes everywhere on this stretch. This is happening in HSR Layout near the landmark.,11,1,14,HSR Layout,high
pothole,Pothole issue in Indiranagar,deep hole in middle of street. This is happening in Indiranagar near the landmark.,3,0,10,Indiranagar,medium
pothole,Pothole issue in Whitefield,many potholes after rain. This is happening in Whitefield near the landmark.,49,0,15,Whitefield,high
pothole,Pothole issue in Koramangala,"road condition is very bad, gunda blocking traffic. This is happening in Koramangala near the landmark.",11,0,11,Koramangala,high
pothole,Pothole issue in Koramangala,gunda on main road. This is happening in Koramangala near the landmark.,12,1,4,Koramangala,high
pothole,Pothole issue in Indiranagar,"road condition is very bad, gunda blocking traffic. This is happening in Indiranagar near the landmark.",15,0,23,Indiranagar,high
pothole,Pothole issue in Jayanagar,deep hole in middle of street. This is happening in Jayanagar near the landmark.,28,0,9,Jayanagar,high
pothole,Pothole issue in Indiranagar,dangerous crater on silk board flyover. This is happening in Indiranagar near the landmark.,19,1,8,Indiranagar,high
pothole,Pothole issue in Jayanagar,gunda on main road. This is happening in Jayanagar near the landmark.,40,1,21,Jayanagar,high
pothole,Pothole issue in HSR Layout,huge pothole on road. This is happening in HSR Layout near the landmark.,38,1,7,HSR Layout,high
pothole,Pothole issue in Jayanagar,gunda on main road. This is happening in Jayanagar near the landmark.,7,0,16,Jayanagar,medium
pothole,Pothole issue in Whitefield,huge pothole on road. This is happening in Whitefield near the landmark.,18,1,22,Whitefield,high
pothole,Pothole issue in MG Road,vehicle damage due to deep gunda on outer ring road. This is happening in MG Road near the landmark.,18,0,14,MG Road,high
pothole,Pothole issue in Whitefield,deep hole in middle of street. This is happening in Whitefield near the landmark.,5,0,1,Whitefield,medium
pothole,Pothole issue in MG Road,huge pothole on road. This is happening in MG Road near the landmark.,9,1,14,MG Road,medium
pothole,Pothole issue in Indiranagar,potholes everywhere on this stretch. This is happening in Indiranagar near the landmark.,33,0,23,Indiranagar,high
pothole,Pothole issue in HSR Layout,huge pothole on road. This is happening in HSR Layout near the landmark.,16,0,10,HSR Layout,high
pothole,Pothole issue in HSR Layout,dangerous crater on silk board flyover. This is happening in HSR Layout near the landmark.,10,1,10,HSR Layout,medium
pothole,Pothole issue in Whitefield,many potholes after rain. This is happening in Whitefield near the landmark.,10,1,4,Whitefield,medium
pothole,Pothole issue in Indiranagar,cracked pavement making it hard to drive. This is happening in Indiranagar near the landmark.,9,0,4,Indiranagar,medium
pothole,Pothole issue in HSR Layout,damaged road near metro station. This is happening in HSR Layout near the landmark.,23,1,5,HSR Layout,high
pothole,Pothole issue in MG Road,potholes everywhere on this stretch. This is happening in MG Road near the landmark.,8,1,12,MG Road,medium
pothole,Pothole issue in HSR Layout,cracked pavement making it hard to drive. This is happening in HSR Layout near the landmark.,44,1,4,HSR Layout,high
pothole,Pothole issue in Malleshwaram,dangerous crater on silk board flyover. This is happening in Malleshwaram near the landmark.,35,0,16,Malleshwaram,high
pothole,Pothole issue in Indiranagar,damaged road near metro station. This is happening in Indiranagar near the landmark.,4,0,23,Indiranagar,medium
pothole,Pothole issue in HSR Layout,vehicle damage due to deep gunda on outer ring road. This is happening in HSR Layout near the landmark.,27,1,6,HSR Layout,high
pothole,Pothole issue in MG Road,vehicle damage due to deep gunda on outer ring road. This is happening in MG Road near the landmark.,40,1,11,MG Road,high
pothole,Pothole issue in Whitefield,vehicle damage due to deep gunda on outer ring road. This is happening in Whitefield near the landmark.,7,1,0,Whitefield,medium
pothole,Pothole issue in MG Road,cracked pavement making it hard to drive. This is happening in MG Road near the landmark.,29,1,2,MG Road,high
pothole,Pothole issue in Indiranagar,many potholes after rain. This is happening in Indiranagar near the landmark.,6,1,17,Indiranagar,medium
pothole,Pothole issue in Koramangala,cracked pavement making it hard to drive. This is happening in Koramangala near the landmark.,48,0,1,Koramangala,high
pothole,Pothole issue in MG Road,"road condition is very bad, gunda blocking traffic. This is happening in MG Road near the landmark.",14,0,19,MG Road,high
pothole,Pothole issue in Koramangala,potholes everywhere on this stretch. This is happening in Koramangala near the landmark.,48,1,19,Koramangala,high
pothole,Pothole issue in Whitefield,huge pothole on road. This is happening in Whitefield near the landmark.,0,1,3,Whitefield,medium
pothole,Pothole issue in Whitefield,vehicle damage due to deep gunda on outer ring road. This is happening in Whitefield near the landmark.,41,1,22,Whitefield,high
pothole,Pothole issue in Indiranagar,many potholes after rain. This is happening in Indiranagar near the landmark.,13,0,19,Indiranagar,high
pothole,Pothole issue in Jayanagar,gunda on main road. This is happening in Jayanagar near the landmark.,4,1,3,Jayanagar,medium
pothole,Pothole issue in Koramangala,potholes everywhere on this stretch. This is happening in Koramangala near the landmark.,36,0,8,Koramangala,high
pothole,Pothole issue in Whitefield,"road condition is very bad, gunda blocking traffic. This is happening in Whitefield near the landmark.",42,1,20,Whitefield,high
pothole,Pothole issue in MG Road,damaged road near metro station. This is happening in MG Road near the landmark.,48,1,15,MG Road,high
pothole,Pothole issue in Jayanagar,many potholes after rain. This is happening in Jayanagar near the landmark.,34,0,9,Jayanagar,high
pothole,Pothole issue in Indiranagar,gunda on main road. This is happening in Indiranagar near the landmark.,47,1,2,Indiranagar,high
pothole,Pothole issue in MG Road,huge pothole on road. This is happening in MG Road near the landmark.,1,0,15,MG Road,medium
pothole,Pothole issue in Jayanagar,cracked pavement making it hard to drive. This is happening in Jayanagar near the landmark.,40,1,22,Jayanagar,high
pothole,Pothole issue in Whitefield,many potholes after rain. This is happening in Whitefield near the landmark.,37,0,6,Whitefield,high
pothole,Pothole issue in Whitefield,potholes everywhere on this stretch. This is happening in Whitefield near the landmark.,40,0,20,Whitefield,high
pothole,Pothole issue in Indiranagar,potholes everywhere on this stretch. This is happening in Indiranagar near the landmark.,25,1,13,Indiranagar,high
pothole,Pothole issue in HSR Layout,deep hole in middle of street. This is happening in HSR Layout near the landmark.,25,1,5,HSR Layout,high
pothole,Pothole issue in Malleshwaram,dangerous crater on silk board flyover. This is happening in Malleshwaram near the landmark.,36,0,22,Malleshwaram,high
pothole,Pothole issue in Jayanagar,deep hole in middle of street. This is happening in Jayanagar near the landmark.,13,0,8,Jayanagar,high
pothole,Pothole issue in MG Road,gunda on main road. This is happening in MG Road near the landmark.,12,0,22,MG Road,high
pothole,Pothole issue in Jayanagar,gunda on main road. This is happening in Jayanagar near the landmark.,4,0,21,Jayanagar,medium
pothole,Pothole issue in Koramangala,cracked pavement making it hard to drive. This is happening in Koramangala near the landmark.,2,1,8,Koramangala,medium
pothole,Pothole issue in Indiranagar,potholes everywhere on this stretch. This is happening in Indiranagar near the landmark.,39,0,22,Indiranagar,high
pothole,Pothole issue in Jayanagar,vehicle damage due to deep gunda on outer ring road. This is happening in Jayanagar near the landmark.,48,0,7,Jayanagar,high
pothole,Pothole issue in Koramangala,many potholes after rain. This is happening in Koramangala near the landmark.,21,1,15,Koramangala,high
pothole,Pothole issue in Jayanagar,cracked pavement making it hard to drive. This is happening in Jayanagar near the landmark.,43,0,12,Jayanagar,high
pothole,Pothole issue in Koramangala,dangerous crater on silk board flyover. This is happening in Koramangala near the landmark.,17,0,23,Koramangala,high
pothole,Pothole issue in Koramangala,many potholes after rain. This is happening in Koramangala near the landmark.,31,1,23,Koramangala,high
pothole,Pothole issue in MG Road,huge pothole on road. This is happening in MG Road near the landmark.,13,1,10,MG Road,high
pothole,Pothole issue in MG Road,many potholes after rain. This is happening in MG Road near the landmark.,3,1,13,MG Road,medium
pothole,Pothole issue in Indiranagar,deep hole in middle of street. This is happening in Indiranagar near the landmark.,19,0,7,Indiranagar,high
pothole,Pothole issue in Jayanagar,many potholes after rain. This is happening in Jayanagar near the landmark.,10,1,14,Jayanagar,medium
pothole,Pothole issue in Malleshwaram,vehicle damage due to deep gunda on outer ring road. This is happening in Malleshwaram near the landmark.,12,1,1,Malleshwaram,high
pothole,Pothole issue in MG Road,"road condition is very bad, gunda blocking traffic. This is happening in MG Road near the landmark.",30,1,19,MG Road,high
pothole,Pothole issue in Jayanagar,cracked pavement making it hard to drive. This is happening in Jayanagar near the landmark.,31,1,19,Jayanagar,high
pothole,Pothole issue in Koramangala,many potholes after rain. This is happening in Koramangala near the landmark.,6,1,8,Koramangala,medium
pothole,Pothole issue in Indiranagar,cracked pavement making it hard to drive. This is happening in Indiranagar near the landmark.,31,1,3,Indiranagar,high
pothole,Pothole issue in Malleshwaram,damaged road near metro station. This is happening in Malleshwaram near the landmark.,23,1,21,Malleshwaram,high
pothole,Pothole issue in HSR Layout,deep hole in middle of street. This is happening in HSR Layout near the landmark.,14,1,21,HSR Layout,high
pothole,Pothole issue in Koramangala,dangerous crater on silk board flyover. This is happening in Koramangala near the landmark.,47,0,23,Koramangala,high
pothole,Pothole issue in Malleshwaram,damaged road near metro station. This is happening in Malleshwaram near the landmark.,36,0,20,Malleshwaram,high
pothole,Pothole issue in Indiranagar,vehicle damage due to deep gunda on outer ring road. This is happening in Indiranagar near the landmark.,2,1,18,Indiranagar,medium
pothole,Pothole issue in Malleshwaram,dangerous crater on silk board flyover. This is happening in Malleshwaram near the landmark.,20,0,11,Malleshwaram,high
pothole,Pothole issue in Whitefield,vehicle damage due to deep gunda on outer ring road. This is happening in Whitefield near the landmark.,31,0,14,Whitefield,high
pothole,Pothole issue in Koramangala,damaged road near metro station. This is happening in Koramangala near the landmark.,16,1,14,Koramangala,high
pothole,Pothole issue in Indiranagar,potholes everywhere on this stretch. This is happening in Indiranagar near the landmark.,19,0,3,Indiranagar,high
pothole,Pothole issue in Malleshwaram,vehicle damage due to deep gunda on outer ring road. This is happening in Malleshwaram near the landmark.,29,0,18,Malleshwaram,high
pothole,Pothole issue in MG Road,gunda on main road. This is happening in MG Road near the landmark.,23,0,9,MG Road,high
pothole,Pothole issue in Indiranagar,"road condition is very bad, gunda blocking traffic. This is happening in Indiranagar near the landmark.",31,0,9,Indiranagar,high
pothole,Pothole issue in Indiranagar,damaged road near metro station. This is happening in Indiranagar near the landmark.,26,1,16,Indiranagar,high
pothole,Pothole issue in MG Road,gunda on main road. This is happening in MG Road near the landmark.,22,0,14,MG Road,high
pothole,Pothole issue in Koramangala,cracked pavement making it hard to drive. This is happening in Koramangala near the landmark.,2,0,3,Koramangala,medium
pothole,Pothole issue in Whitefield,potholes everywhere on this stretch. This is happening in Whitefield near the landmark.,11,0,6,Whitefield,high
pothole,Pothole issue in Koramangala,cracked pavement making it hard to drive. This is happening in Koramangala near the landmark.,0,1,21,Koramangala,medium
pothole,Pothole issue in Jayanagar,potholes everywhere on this stretch. This is happening in Jayanagar near the landmark.,47,0,8,Jayanagar,high
pothole,Pothole issue in Koramangala,"road condition is very bad, gunda blocking traffic. This is happening in Koramangala near the landmark.",22,1,15,Koramangala,high
pothole,Pothole issue in Malleshwaram,huge pothole on road. This is happening in Malleshwaram near the landmark.,42,1,15,Malleshwaram,high
pothole,Pothole issue in Jayanagar,potholes everywhere on this stretch. This is happening in Jayanagar near the landmark.,10,0,10,Jayanagar,medium
pothole,Pothole issue in Koramangala,"road condition is very bad, gunda blocking traffic. This is happening in Koramangala near the landmark.",20,1,23,Koramangala,high
pothole,Pothole issue in Whitefield,potholes everywhere on this stretch. This is happening in Whitefield near the landmark.,12,0,22,Whitefield,high
pothole,Pothole issue in Malleshwaram,"road condition is very bad, gunda blocking traffic. This is happening in Malleshwaram near the landmark.",27,1,9,Malleshwaram,high
pothole,Pothole issue in MG Road,potholes everywhere on this stretch. This is happening in MG Road near the landmark.,9,1,4,MG Road,medium
pothole,Pothole issue in Whitefield,many potholes after rain. This is happening in Whitefield near the landmark.,7,1,16,Whitefield,medium
pothole,Pothole issue in Malleshwaram,damaged road near metro station. This is happening in Malleshwaram near the landmark.,30,0,8,Malleshwaram,high
pothole,Pothole issue in Indiranagar,potholes everywhere on this stretch. This is happening in Indiranagar near the landmark.,43,0,0,Indiranagar,high
pothole,Pothole issue in Koramangala,deep hole in middle of street. This is happening in Koramangala near the landmark.,27,1,4,Koramangala,high
pothole,Pothole issue in HSR Layout,cracked pavement making it hard to drive. This is happening in HSR Layout near the landmark.,12,1,17,HSR Layout,high
pothole,Pothole issue in HSR Layout,dangerous crater on silk board flyover. This is happening in HSR Layout near the landmark.,20,1,15,HSR Layout,high
pothole,Pothole issue in Malleshwaram,many potholes after rain. This is happening in Malleshwaram near the landmark.,27,0,20,Malleshwaram,high
pothole,Pothole issue in Malleshwaram,vehicle damage due to deep gunda on outer ring road. This is happening in Malleshwaram near the landmark.,24,1,0,Malleshwaram,high
pothole,Pothole issue in Whitefield,many potholes after rain. This is happening in Whitefield near the landmark.,27,1,20,Whitefield,high
pothole,Pothole issue in Malleshwaram,potholes everywhere on this stretch. This is happening in Malleshwaram near the landmark.,23,0,3,Malleshwaram,high
pothole,Pothole issue in Whitefield,gunda on main road. This is happening in Whitefield near the landmark.,21,0,11,Whitefield,high
pothole,Pothole issue in MG Road,dangerous crater on silk board flyover. This is happening in MG Road near the landmark.,10,0,15,MG Road,medium
pothole,Pothole issue in MG Road,"road condition is very bad, gunda blocking traffic. This is happening in MG Road near the landmark.",6,1,8,MG Road,medium
pothole,Pothole issue in Koramangala,"road condition is very bad, gunda blocking traffic. This is happening in Koramangala near the landmark.",2,1,16,Koramangala,medium
pothole,Pothole issue in MG Road,potholes everywhere on this stretch. This is happening in MG Road near the landmark.,43,1,3,MG Road,high
pothole,Pothole issue in Indiranagar,many potholes after rain. This is happening in Indiranagar near the landmark.,9,0,2,Indiranagar,medium
pothole,Pothole issue in HSR Layout,dangerous crater on silk board flyover. This is happening in HSR Layout near the landmark.,24,0,18,HSR Layout,high
pothole,Pothole issue in Koramangala,huge pothole on road. This is happening in Koramangala near the landmark.,49,0,5,Koramangala,high
pothole,Pothole issue in Jayanagar,damaged road near metro station. This is happening in Jayanagar near the landmark.,45,1,19,Jayanagar,high
pothole,Pothole issue in Jayanagar,dangerous crater on silk board flyover. This is happening in Jayanagar near the landmark.,31,1,6,Jayanagar,high
pothole,Pothole issue in Whitefield,deep hole in middle of street. This is happening in Whitefield near the landmark.,6,1,4,Whitefield,medium
pothole,Pothole issue in HSR Layout,potholes everywhere on this stretch. This is happening in HSR Layout near the landmark.,8,1,14,HSR Layout,medium
pothole,Pothole issue in MG Road,gunda on main road. This is happening in MG Road near the landmark.,0,0,23,MG Road,medium
pothole,Pothole issue in Whitefield,cracked pavement making it hard to drive. This is happening in Whitefield near the landmark.,2,1,9,Whitefield,medium
pothole,Pothole issue in Koramangala,damaged road near metro station. This is happening in Koramangala near the landmark.,48,0,17,Koramangala,high
pothole,Pothole issue in Malleshwaram,many potholes after rain. This is happening in Malleshwaram near the landmark.,42,0,16,Malleshwaram,high
pothole,Pothole issue in Koramangala,huge pothole on road. This is happening in Koramangala near the landmark.,24,1,4,Koramangala,high
pothole,Pothole issue in MG Road,gunda on main road. This is happening in MG Road near the landmark.,18,0,10,MG Road,high
pothole,Pothole issue in HSR Layout,dangerous crater on silk board flyover. This is happening in HSR Layout near the landmark.,21,1,6,HSR Layout,high
pothole,Pothole issue in Jayanagar,"road condition is very bad, gunda blocking traffic. This is happening in Jayanagar near the landmark.",5,1,11,Jayanagar,medium
pothole,Pothole issue in HSR Layout,many potholes after rain. This is happening in HSR Layout near the landmark.,21,0,20,HSR Layout,high
pothole,Pothole issue in Koramangala,deep hole in middle of street. This is happening in Koramangala near the landmark.,14,0,22,Koramangala,high
pothole,Pothole issue in Jayanagar,gunda on main road. This is happening in Jayanagar near the landmark.,17,0,5,Jayanagar,high
pothole,Pothole issue in Malleshwaram,"road condition is very bad, gunda blocking traffic. This is happening in Malleshwaram near the landmark.",40,0,5,Malleshwaram,high
pothole,Pothole issue in HSR Layout,damaged road near metro station. This is happening in HSR Layout near the landmark.,22,0,12,HSR Layout,high
pothole,Pothole issue in Malleshwaram,many potholes after rain. This is happening in Malleshwaram near the landmark.,33,0,13,Malleshwaram,high
pothole,Pothole issue in Whitefield,cracked pavement making it hard to drive. This is happening in Whitefield near the landmark.,3,1,19,Whitefield,medium
pothole,Pothole issue in Indiranagar,cracked pavement making it hard to drive. This is happening in Indiranagar near the landmark.,42,1,21,Indiranagar,high
pothole,Pothole issue in Indiranagar,dangerous crater on silk board flyover. This is happening in Indiranagar near the landmark.,30,1,4,Indiranagar,high
pothole,Pothole issue in HSR Layout,gunda on main road. This is happening in HSR Layout near the landmark.,2,1,17,HSR Layout,medium
pothole,Pothole issue in Koramangala,many potholes after rain. This is happening in Koramangala near the landmark.,25,0,0,Koramangala,high
pothole,Pothole issue in Whitefield,many potholes after rain. This is happening in Whitefield near the landmark.,47,1,10,Whitefield,high
pothole,Pothole issue in Jayanagar,"road condition is very bad, gunda blocking traffic. This is happening in Jayanagar near the landmark.",27,0,9,Jayanagar,high
pothole,Pothole issue in Koramangala,deep hole in middle of street. This is happening in Koramangala near the landmark.,11,0,13,Koramangala,high
pothole,Pothole issue in Whitefield,deep hole in middle of street. This is happening in Whitefield near the landmark.,13,1,12,Whitefield,high
pothole,Pothole issue in MG Road,huge pothole on road. This is happening in MG Road near the landmark.,39,1,15,MG Road,high
pothole,Pothole issue in Jayanagar,cracked pavement making it hard to drive. This is happening in Jayanagar near the landmark.,4,1,21,Jayanagar,medium
pothole,Pothole issue in Koramangala,deep hole in middle of street. This is happening in Koramangala near the landmark.,41,0,4,Koramangala,high
pothole,Pothole issue in Malleshwaram,"road condition is very bad, gunda blocking traffic. This is happening in Malleshwaram near the landmark.",8,1,19,Malleshwaram,medium
pothole,Pothole issue in Jayanagar,vehicle damage due to deep gunda on outer ring road. This is happening in Jayanagar near the landmark.,3,1,11,Jayanagar,medium
pothole,Pothole issue in Koramangala,vehicle damage due to deep gunda on outer ring road. This is happening in Koramangala near the landmark.,18,1,21,Koramangala,high
pothole,Pothole issue in Koramangala,many potholes after rain. This is happening in Koramangala near the landmark.,12,1,0,Koramangala,high
pothole,Pothole issue in Malleshwaram,gunda on main road. This is happening in Malleshwaram near the landmark.,9,1,22,Malleshwaram,medium
pothole,Pothole issue in Malleshwaram,vehicle damage due to deep gunda on outer ring road. This is happening in Malleshwaram near the landmark.,36,0,16,Malleshwaram,high
pothole,Pothole issue in Koramangala,huge pothole on road. This is happening in Koramangala near the landmark.,20,1,19,Koramangala,high
pothole,Pothole issue in MG Road,vehicle damage due to deep gunda on outer ring road. This is happening in MG Road near the landmark.,0,1,6,MG Road,medium
pothole,Pothole issue in Koramangala,gunda on main road. This is happening in Koramangala near the landmark.,21,1,18,Koramangala,high
pothole,Pothole issue in MG Road,vehicle damage due to deep gunda on outer ring road. This is happening in MG Road near the landmark.,39,0,23,MG Road,high
pothole,Pothole issue in MG Road,dangerous crater on silk board flyover. This is happening in MG Road near the landmark.,19,0,0,MG Road,high
pothole,Pothole issue in Indiranagar,damaged road near metro station. This is happening in Indiranagar near the landmark.,3,1,1,Indiranagar,medium
pothole,Pothole issue in MG Road,many potholes after rain. This is happening in MG Road near the landmark.,37,0,2,MG Road,high
pothole,Pothole issue in MG Road,cracked pavement making it hard to drive. This is happening in MG Road near the landmark.,7,1,12,MG Road,medium
pothole,Pothole issue in Malleshwaram,"road condition is very bad, gunda blocking traffic. This is happening in Malleshwaram near the landmark.",35,1,20,Malleshwaram,high
pothole,Pothole issue in Jayanagar,dangerous crater on silk board flyover. This is happening in Jayanagar near the landmark.,29,1,18,Jayanagar,high
pothole,Pothole issue in Malleshwaram,deep hole in middle of street. This is happening in Malleshwaram near the landmark.,2,1,18,Malleshwaram,medium
pothole,Pothole issue in Malleshwaram,damaged road near metro station. This is happening in Malleshwaram near the landmark.,7,0,1,Malleshwaram,medium
pothole,Pothole issue in Jayanagar,many potholes after rain. This is happening in Jayanagar near the landmark.,41,1,3,Jayanagar,high
pothole,Pothole issue in Malleshwaram,huge pothole on road. This is happening in Malleshwaram near the landmark.,26,1,15,Malleshwaram,high
pothole,Pothole issue in Koramangala,dangerous crater on silk board flyover. This is happening in Koramangala near the landmark.,10,1,12,Koramangala,medium
pothole,Pothole issue in MG Road,vehicle damage due to deep gunda on outer ring road. This is happening in MG Road near the landmark.,13,1,9,MG Road,high
pothole,Pothole issue in Koramangala,many potholes after rain. This is happening in Koramangala near the landmark.,18,1,11,Koramangala,high
pothole,Pothole issue in HSR Layout,damaged road near metro station. This is happening in HSR Layout near the landmark.,6,1,8,HSR Layout,medium
pothole,Pothole issue in Malleshwaram,potholes everywhere on this stretch. This is happening in Malleshwaram near the landmark.,29,1,14,Malleshwaram,high
pothole,Pothole issue in Whitefield,gunda on main road. This is happening in Whitefield near the landmark.,43,0,22,Whitefield,high
pothole,Pothole issue in Jayanagar,deep hole in middle of street. This is happening in Jayanagar near the landmark.,11,1,23,Jayanagar,high
pothole,Pothole issue in Indiranagar,dangerous crater on silk board flyover. This is happening in Indiranagar near the landmark.,3,0,5,Indiranagar,medium
pothole,Pothole issue in Koramangala,cracked pavement making it hard to drive. This is happening in Koramangala near the landmark.,15,0,2,Koramangala,high
pothole,Pothole issue in Whitefield,many potholes after rain. This is happening in Whitefield near the landmark.,24,0,10,Whitefield,high
pothole,Pothole issue in Malleshwaram,dangerous crater on silk board flyover. This is happening in Malleshwaram near the landmark.,22,0,7,Malleshwaram,high
pothole,Pothole issue in Koramangala,deep hole in middle of street. This is happening in Koramangala near the landmark.,13,1,12,Koramangala,high
pothole,Pothole issue in MG Road,many potholes after rain. This is happening in MG Road near the landmark.,24,0,12,MG Road,high
pothole,Pothole issue in Indiranagar,potholes everywhere on this stretch. This is happening in Indiranagar near the landmark.,23,0,9,Indiranagar,high
pothole,Pothole issue in Jayanagar,deep hole in middle of street. This is happening in Jayanagar near the landmark.,47,0,5,Jayanagar,high
pothole,Pothole issue in Jayanagar,deep hole in middle of street. This is happening in Jayanagar near the landmark.,26,0,21,Jayanagar,high
pothole,Pothole issue in Koramangala,damaged road near metro station. This is happening in Koramangala near the landmark.,33,0,10,Koramangala,high
pothole,Pothole issue in Malleshwaram,damaged road near metro station. This is happening in Malleshwaram near the landmark.,5,0,2,Malleshwaram,medium
pothole,Pothole issue in Indiranagar,many potholes after rain. This is happening in Indiranagar near the landmark.,6,0,19,Indiranagar,medium
pothole,Pothole issue in Whitefield,huge pothole on road. This is happening in Whitefield near the landmark.,44,0,17,Whitefield,high
pothole,Pothole issue in Malleshwaram,huge pothole on road. This is happening in Malleshwaram near the landmark.,27,0,7,Malleshwaram,high
pothole,Pothole issue in HSR Layout,huge pothole on road. This is happening in HSR Layout near the landmark.,19,0,8,HSR Layout,high
pothole,Pothole issue in Jayanagar,"road condition is very bad, gunda blocking traffic. This is happening in Jayanagar near the landmark.",46,1,1,Jayanagar,high
pothole,Pothole issue in MG Road,vehicle damage due to deep gunda on outer ring road. This is happening in MG Road near the landmark.,41,0,13,MG Road,high
pothole,Pothole issue in Indiranagar,damaged road near metro station. This is happening in Indiranagar near the landmark.,21,0,11,Indiranagar,high
pothole,Pothole issue in Malleshwaram,potholes everywhere on this stretch. This is happening in Malleshwaram near the landmark.,49,1,7,Malleshwaram,high
pothole,Pothole issue in MG Road,"road condition is very bad, gunda blocking traffic. This is happening in MG Road near the landmark.",40,0,21,MG Road,high
pothole,Pothole issue in HSR Layout,many potholes after rain. This is happening in HSR Layout near the landmark.,2,1,1,HSR Layout,medium
pothole,Pothole issue in Koramangala,huge pothole on road. This is happening in Koramangala near the landmark.,25,1,11,Koramangala,high
pothole,Pothole issue in Jayanagar,damaged road near metro station. This is happening in Jayanagar near the landmark.,45,1,15,Jayanagar,high
pothole,Pothole issue in Indiranagar,huge pothole on road. This is happening in Indiranagar near the landmark.,20,0,12,Indiranagar,high
pothole,Pothole issue in Koramangala,dangerous crater on silk board flyover. This is happening in Koramangala near the landmark.,1,1,8,Koramangala,medium
pothole,Pothole issue in Jayanagar,many potholes after rain. This is happening in Jayanagar near the landmark.,50,0,22,Jayanagar,high
pothole,Pothole issue in MG Road,huge pothole on road. This is happening in MG Road near the landmark.,19,1,22,MG Road,high
pothole,Pothole issue in Whitefield,dangerous crater on silk board flyover. This is happening in Whitefield near the landmark.,41,1,22,Whitefield,high
pothole,Pothole issue in Malleshwaram,dangerous crater on silk board flyover. This is happening in Malleshwaram near the landmark.,26,0,13,Malleshwaram,high
pothole,Pothole issue in Koramangala,"road condition is very bad, gunda blocking traffic. This is happening in Koramangala near the landmark.",20,1,22,Koramangala,high
pothole,Pothole issue in MG Road,potholes everywhere on this stretch. This is happening in MG Road near the landmark.,23,0,11,MG Road,high
pothole,Pothole issue in Whitefield,huge pothole on road. This is happening in Whitefield near the landmark.,9,0,3,Whitefield,medium
pothole,Pothole issue in MG Road,many potholes after rain. This is happening in MG Road near the landmark.,49,1,18,MG Road,high
pothole,Pothole issue in Indiranagar,deep hole in middle of street. This is happening in Indiranagar near the landmark.,6,1,21,Indiranagar,medium
pothole,Pothole issue in Indiranagar,huge pothole on road. This is happening in Indiranagar near the landmark.,31,0,21,Indiranagar,high
pothole,Pothole issue in Jayanagar,damaged road near metro station. This is happening in Jayanagar near the landmark.,25,0,6,Jayanagar,high
pothole,Pothole issue in Malleshwaram,deep hole in middle of street. This is happening in Malleshwaram near the landmark.,0,1,8,Malleshwaram,medium
pothole,Pothole issue in Jayanagar,vehicle damage due to deep gunda on outer ring road. This is happening in Jayanagar near the landmark.,49,1,2,Jayanagar,high
pothole,Pothole issue in Koramangala,gunda on main road. This is happening in Koramangala near the landmark.,32,0,3,Koramangala,high
pothole,Pothole issue in Whitefield,vehicle damage due to deep gunda on outer ring road. This is happening in Whitefield near the landmark.,23,1,19,Whitefield,high
pothole,Pothole issue in MG Road,gunda on main road. This is happening in MG Road near the landmark.,21,1,20,MG Road,high
pothole,Pothole issue in Whitefield,cracked pavement making it hard to drive. This is happening in Whitefield near the landmark.,6,1,23,Whitefield,medium
pothole,Pothole issue in Indiranagar,damaged road near metro station. This is happening in Indiranagar near the landmark.,4,0,5,Indiranagar,medium
pothole,Pothole issue in Whitefield,deep hole in middle of street. This is happening in Whitefield near the landmark.,31,0,16,Whitefield,high
pothole,Pothole issue in Indiranagar,dangerous crater on silk board flyover. This is happening in Indiranagar near the landmark.,12,0,20,Indiranagar,high
pothole,Pothole issue in Malleshwaram,damaged road near metro station. This is happening in Malleshwaram near the landmark.,26,1,22,Malleshwaram,high
pothole,Pothole issue in Malleshwaram,dangerous crater on silk board flyover. This is happening in Malleshwaram near the landmark.,27,0,7,Malleshwaram,high
pothole,Pothole issue in Whitefield,damaged road near metro station. This is happening in Whitefield near the landmark.,44,0,18,Whitefield,high
pothole,Pothole issue in HSR Layout,vehicle damage due to deep gunda on outer ring road. This is happening in HSR Layout near the landmark.,40,1,12,HSR Layout,high
pothole,Pothole issue in Koramangala,potholes everywhere on this stretch. This is happening in Koramangala near the landmark.,5,1,14,Koramangala,medium
pothole,Pothole issue in MG Road,potholes everywhere on this stretch. This is happening in MG Road near the landmark.,7,1,23,MG Road,medium
pothole,Pothole issue in Malleshwaram,huge pothole on road. This is happening in Malleshwaram near the landmark.,37,0,1,Malleshwaram,high
pothole,Pothole issue in MG Road,potholes everywhere on this stretch. This is happening in MG Road near the landmark.,46,1,19,MG Road,high
pothole,Pothole issue in Jayanagar,vehicle damage due to deep gunda on outer ring road. This is happening in Jayanagar near the landmark.,29,0,1,Jayanagar,high
pothole,Pothole issue in HSR Layout,potholes everywhere on this stretch. This is happening in HSR Layout near the landmark.,8,1,12,HSR Layout,medium
pothole,Pothole issue in Malleshwaram,many potholes after rain. This is happening in Malleshwaram near the landmark.,33,0,8,Malleshwaram,high
pothole,Pothole issue in Indiranagar,cracked pavement making it hard to drive. This is happening in Indiranagar near the landmark.,6,1,5,Indiranagar,medium
pothole,Pothole issue in MG Road,gunda on main road. This is happening in MG Road near the landmark.,28,1,3,MG Road,high
pothole,Pothole issue in MG Road,dangerous crater on silk board flyover. This is happening in MG Road near the landmark.,30,1,13,MG Road,high
pothole,Pothole issue in Malleshwaram,vehicle damage due to deep gunda on outer ring road. This is happening in Malleshwaram near the landmark.,36,0,14,Malleshwaram,high
pothole,Pothole issue in Malleshwaram,deep hole in middle of street. This is happening in Malleshwaram near the landmark.,28,0,18,Malleshwaram,high
pothole,Pothole issue in Malleshwaram,many potholes after rain. This is happening in Malleshwaram near the landmark.,39,1,8,Malleshwaram,high
pothole,Pothole issue in Indiranagar,huge pothole on road. This is happening in Indiranagar near the landmark.,36,0,13,Indiranagar,high
pothole,Pothole issue in MG Road,vehicle damage due to deep gunda on outer ring road. This is happening in MG Road near the landmark.,49,0,9,MG Road,high
pothole,Pothole issue in MG Road,dangerous crater on silk board flyover. This is happening in MG Road near the landmark.,39,0,16,MG Road,high
pothole,Pothole issue in Whitefield,gunda on main road. This is happening in Whitefield near the landmark.,31,0,5,Whitefield,high
pothole,Pothole issue in Whitefield,cracked pavement making it hard to drive. This is happening in Whitefield near the landmark.,5,1,23,Whitefield,medium
pothole,Pothole issue in MG Road,vehicle damage due to deep gunda on outer ring road. This is happening in MG Road near the landmark.,7,1,22,MG Road,medium
pothole,Pothole issue in Malleshwaram,"road condition is very bad, gunda blocking traffic. This is happening in Malleshwaram near the landmark.",39,0,5,Malleshwaram,high
pothole,Pothole issue in Indiranagar,gunda on main road. This is happening in Indiranagar near the landmark.,13,1,8,Indiranagar,high
pothole,Pothole issue in MG Road,gunda on main road. This is happening in MG Road near the landmark.,18,1,2,MG Road,high
pothole,Pothole issue in HSR Layout,"road condition is very bad, gunda blocking traffic. This is happening in HSR Layout near the landmark.",40,0,23,HSR Layout,high
pothole,Pothole issue in Koramangala,huge pothole on road. This is happening in Koramangala near the landmark.,3,0,10,Koramangala,medium
pothole,Pothole issue in Whitefield,huge pothole on road. This is happening in Whitefield near the landmark.,30,0,16,Whitefield,high
pothole,Pothole issue in Indiranagar,"road condition is very bad, gunda blocking traffic. This is happening in Indiranagar near the landmark.",1,0,17,Indiranagar,medium
pothole,Pothole issue in Whitefield,huge pothole on road. This is happening in Whitefield near the landmark.,43,1,6,Whitefield,high
pothole,Pothole issue in Malleshwaram,potholes everywhere on this stretch. This is happening in Malleshwaram near the landmark.,28,1,19,Malleshwaram,high
pothole,Pothole issue in Indiranagar,"road condition is very bad, gunda blocking traffic. This is happening in Indiranagar near the landmark.",29,1,1,Indiranagar,high
pothole,Pothole issue in Indiranagar,huge pothole on road. This is happening in Indiranagar near the landmark.,20,0,7,Indiranagar,high
pothole,Pothole issue in Whitefield,huge pothole on road. This is happening in Whitefield near the landmark.,30,1,14,Whitefield,high
pothole,Pothole issue in HSR Layout,potholes everywhere on this stretch. This is happening in HSR Layout near the landmark.,28,1,23,HSR Layout,high
pothole,Pothole issue in MG Road,potholes everywhere on this stretch. This is happening in MG Road near the landmark.,20,0,4,MG Road,high
pothole,Pothole issue in HSR Layout,gunda on main road. This is happening in HSR Layout near the landmark.,10,1,1,HSR Layout,medium
pothole,Pothole issue in Whitefield,deep hole in middle of street. This is happening in Whitefield near the landmark.,5,1,14,Whitefield,medium
pothole,Pothole issue in MG Road,damaged road near metro station. This is happening in MG Road near the landmark.,50,1,16,MG Road,high
pothole,Pothole issue in Indiranagar,gunda on main road. This is happening in Indiranagar near the landmark.,50,1,12,Indiranagar,high
pothole,Pothole issue in Indiranagar,huge pothole on road. This is happening in Indiranagar near the landmark.,44,1,11,Indiranagar,high
pothole,Pothole issue in Jayanagar,vehicle damage due to deep gunda on outer ring road. This is happening in Jayanagar near the landmark.,35,1,6,Jayanagar,high
pothole,Pothole issue in HSR Layout,cracked pavement making it hard to drive. This is happening in HSR Layout near the landmark.,0,1,10,HSR Layout,medium
pothole,Pothole issue in Whitefield,potholes everywhere on this stretch. This is happening in Whitefield near the landmark.,31,1,0,Whitefield,high
pothole,Pothole issue in Whitefield,damaged road near metro station. This is happening in Whitefield near the landmark.,17,0,22,Whitefield,high
pothole,Pothole issue in Indiranagar,potholes everywhere on this stretch. This is happening in Indiranagar near the landmark.,23,0,3,Indiranagar,high
pothole,Pothole issue in Whitefield,"road condition is very bad, gunda blocking traffic. This is happening in Whitefield near the landmark.",6,1,12,Whitefield,medium
pothole,Pothole issue in Malleshwaram,huge pothole on road. This is happening in Malleshwaram near the landmark.,3,1,8,Malleshwaram,medium
pothole,Pothole issue in MG Road,many potholes after rain. This is happening in MG Road near the landmark.,12,1,1,MG Road,high
pothole,Pothole issue in MG Road,huge pothole on road. This is happening in MG Road near the landmark.,16,1,17,MG Road,high
pothole,Pothole issue in Whitefield,vehicle damage due to deep gunda on outer ring road. This is happening in Whitefield near the landmark.,12,1,20,Whitefield,high
pothole,Pothole issue in Indiranagar,gunda on main road. This is happening in Indiranagar near the landmark.,10,1,7,Indiranagar,medium
pothole,Pothole issue in Malleshwaram,damaged road near metro station. This is happening in Malleshwaram near the landmark.,13,0,1,Malleshwaram,high
pothole,Pothole issue in Jayanagar,cracked pavement making it hard to drive. This is happening in Jayanagar near the landmark.,35,1,19,Jayanagar,high
pothole,Pothole issue in Jayanagar,dangerous crater on silk board flyover. This is happening in Jayanagar near the landmark.,27,1,3,Jayanagar,high
pothole,Pothole issue in Koramangala,damaged road near metro station. This is happening in Koramangala near the landmark.,17,1,4,Koramangala,high
pothole,Pothole issue in Koramangala,"road condition is very bad, gunda blocking traffic. This is happening in Koramangala near the landmark.",24,0,12,Koramangala,high
pothole,Pothole issue in Whitefield,vehicle damage due to deep gunda on outer ring road. This is happening in Whitefield near the landmark.,4,0,5,Whitefield,medium
pothole,Pothole issue in Jayanagar,vehicle damage due to deep gunda on outer ring road. This is happening in Jayanagar near the landmark.,14,1,1,Jayanagar,high
pothole,Pothole issue in Indiranagar,damaged road near metro station. This is happening in Indiranagar near the landmark.,15,0,0,Indiranagar,high
pothole,Pothole issue in Indiranagar,damaged road near metro station. This is happening in Indiranagar near the landmark.,30,1,7,Indiranagar,high
pothole,Pothole issue in MG Road,huge pothole on road. This is happening in MG Road near the landmark.,2,0,10,MG Road,medium
pothole,Pothole issue in Malleshwaram,huge pothole on road. This is happening in Malleshwaram near the landmark.,48,0,14,Malleshwaram,high
pothole,Pothole issue in Jayanagar,dangerous crater on silk board flyover. This is happening in Jayanagar near the landmark.,49,0,20,Jayanagar,high
pothole,Pothole issue in HSR Layout,dangerous crater on silk board flyover. This is happening in HSR Layout near the landmark.,41,1,14,HSR Layout,high
pothole,Pothole issue in Koramangala,"road condition is very bad, gunda blocking traffic. This is happening in Koramangala near the landmark.",32,1,15,Koramangala,high
pothole,Pothole issue in MG Road,"road condition is very bad, gunda blocking traffic. This is happening in MG Road near the landmark.",45,0,11,MG Road,high
pothole,Pothole issue in Malleshwaram,"road condition is very bad, gunda blocking traffic. This is happening in Malleshwaram near the landmark.",26,1,11,Malleshwaram,high
pothole,Pothole issue in Koramangala,deep hole in middle of street. This is happening in Koramangala near the landmark.,24,0,12,Koramangala,high
pothole,Pothole issue in MG Road,many potholes after rain. This is happening in MG Road near the landmark.,17,1,1,MG Road,high
pothole,Pothole issue in MG Road,damaged road near metro station. This is happening in MG Road near the landmark.,19,0,20,MG Road,high
pothole,Pothole issue in Whitefield,potholes everywhere on this stretch. This is happening in Whitefield near the landmark.,24,0,8,Whitefield,high
pothole,Pothole issue in Indiranagar,dangerous crater on silk board flyover. This is happening in Indiranagar near the landmark.,19,1,23,Indiranagar,high
pothole,Pothole issue in Indiranagar,"road condition is very bad, gunda blocking traffic. This is happening in Indiranagar near the landmark.",7,0,14,Indiranagar,medium
pothole,Pothole issue in HSR Layout,huge pothole on road. This is happening in HSR Layout near the landmark.,32,1,17,HSR Layout,high
pothole,Pothole issue in Whitefield,potholes everywhere on this stretch. This is happening in Whitefield near the landmark.,31,1,0,Whitefield,high
pothole,Pothole issue in Jayanagar,cracked pavement making it hard to drive. This is happening in Jayanagar near the landmark.,0,1,21,Jayanagar,medium
pothole,Pothole issue in Whitefield,many potholes after rain. This is happening in Whitefield near the landmark.,39,1,2,Whitefield,high
pothole,Pothole issue in MG Road,deep hole in middle of street. This is happening in MG Road near the landmark.,49,1,19,MG Road,high
pothole,Pothole issue in Malleshwaram,vehicle damage due to deep gunda on outer ring road. This is happening in Malleshwaram near the landmark.,28,1,16,Malleshwaram,high
pothole,Pothole issue in MG Road,potholes everywhere on this stretch. This is happening in MG Road near the landmark.,39,1,10,MG Road,high
pothole,Pothole issue in Koramangala,many potholes after rain. This is happening in Koramangala near the landmark.,0,1,20,Koramangala,medium
pothole,Pothole issue in HSR Layout,damaged road near metro station. This is happening in HSR Layout near the landmark.,38,0,23,HSR Layout,high
pothole,Pothole issue in Jayanagar,"road condition is very bad, gunda blocking traffic. This is happening in Jayanagar near the landmark.",32,1,16,Jayanagar,high
pothole,Pothole issue in Whitefield,"road condition is very bad, gunda blocking traffic. This is happening in Whitefield near the landmark.",8,0,14,Whitefield,medium
pothole,Pothole issue in Malleshwaram,potholes everywhere on this stretch. This is happening in Malleshwaram near the landmark.,21,1,19,Malleshwaram,high
pothole,Pothole issue in Indiranagar,"road condition is very bad, gunda blocking traffic. This is happening in Indiranagar near the landmark.",12,1,13,Indiranagar,high
pothole,Pothole issue in Whitefield,potholes everywhere on this stretch. This is happening in Whitefield near the landmark.,36,1,12,Whitefield,high
pothole,Pothole issue in HSR Layout,cracked pavement making it hard to drive. This is happening in HSR Layout near the landmark.,9,0,10,HSR Layout,medium
pothole,Pothole issue in HSR Layout,deep hole in middle of street. This is happening in HSR Layout near the landmark.,28,1,7,HSR Layout,high
pothole,Pothole issue in Whitefield,deep hole in middle of street. This is happening in Whitefield near the landmark.,20,0,13,Whitefield,high
pothole,Pothole issue in Whitefield,potholes everywhere on this stretch. This is happening in Whitefield near the landmark.,29,0,18,Whitefield,high
pothole,Pothole issue in Jayanagar,dangerous crater on silk board flyover. This is happening in Jayanagar near the landmark.,2,1,17,Jayanagar,medium
pothole,Pothole issue in MG Road,vehicle damage due to deep gunda on outer ring road. This is happening in MG Road near the landmark.,50,0,4,MG Road,high
pothole,Pothole issue in Whitefield,gunda on main road. This is happening in Whitefield near the landmark.,48,0,13,Whitefield,high
pothole,Pothole issue in Koramangala,huge pothole on road. This is happening in Koramangala near the landmark.,37,1,2,Koramangala,high
pothole,Pothole issue in Koramangala,damaged road near metro station. This is happening in Koramangala near the landmark.,50,1,18,Koramangala,high
pothole,Pothole issue in Jayanagar,vehicle damage due to deep gunda on outer ring road. This is happening in Jayanagar near the landmark.,21,0,8,Jayanagar,high
pothole,Pothole issue in MG Road,potholes everywhere on this stretch. This is happening in MG Road near the landmark.,41,1,15,MG Road,high
pothole,Pothole issue in HSR Layout,damaged road near metro station. This is happening in HSR Layout near the landmark.,31,0,14,HSR Layout,high
pothole,Pothole issue in Malleshwaram,huge pothole on road. This is happening in Malleshwaram near the landmark.,19,1,21,Malleshwaram,high
pothole,Pothole issue in Jayanagar,vehicle damage due to deep gunda on outer ring road. This is happening in Jayanagar near the landmark.,31,1,4,Jayanagar,high
pothole,Pothole issue in Indiranagar,damaged road near metro station. This is happening in Indiranagar near the landmark.,31,1,19,Indiranagar,high
pothole,Pothole issue in Indiranagar,many potholes after rain. This is happening in Indiranagar near the landmark.,37,0,5,Indiranagar,high
pothole,Pothole issue in Koramangala,damaged road near metro station. This is happening in Koramangala near the landmark.,44,0,2,Koramangala,high
pothole,Pothole issue in Malleshwaram,deep hole in middle of street. This is happening in Malleshwaram near the landmark.,33,1,0,Malleshwaram,high
pothole,Pothole issue in Malleshwaram,vehicle damage due to deep gunda on outer ring road. This is happening in Malleshwaram near the landmark.,50,0,8,Malleshwaram,high
pothole,Pothole issue in Indiranagar,damaged road near metro station. This is happening in Indiranagar near the landmark.,25,0,16,Indiranagar,high
pothole,Pothole issue in Indiranagar,vehicle damage due to deep gunda on outer ring road. This is happening in Indiranagar near the landmark.,37,1,23,Indiranagar,high
pothole,Pothole issue in MG Road,"road condition is very bad, gunda blocking traffic. This is happening in MG Road near the landmark.",33,1,4,MG Road,high
pothole,Pothole issue in Indiranagar,dangerous crater on silk board flyover. This is happening in Indiranagar near the landmark.,17,1,19,Indiranagar,high
pothole,Pothole issue in MG Road,cracked pavement making it hard to drive. This is happening in MG Road near the landmark.,34,1,23,MG Road,high
pothole,Pothole issue in HSR Layout,dangerous crater on silk board flyover. This is happening in HSR Layout near the landmark.,34,1,1,HSR Layout,high
pothole,Pothole issue in Koramangala,potholes everywhere on this stretch. This is happening in Koramangala near the landmark.,25,0,14,Koramangala,high
pothole,Pothole issue in Koramangala,damaged road near metro station. This is happening in Koramangala near the landmark.,8,0,7,Koramangala,medium
pothole,Pothole issue in MG Road,damaged road near metro station. This is happening in MG Road near the landmark.,13,1,10,MG Road,high
pothole,Pothole issue in Indiranagar,dangerous crater on silk board flyover. This is happening in Indiranagar near the landmark.,35,1,22,Indiranagar,high
pothole,Pothole issue in Koramangala,dangerous crater on silk board flyover. This is happening in Koramangala near the landmark.,34,1,0,Koramangala,high
pothole,Pothole issue in HSR Layout,gunda on main road. This is happening in HSR Layout near the landmark.,39,1,11,HSR Layout,high
pothole,Pothole issue in Koramangala,deep hole in middle of street. This is happening in Koramangala near the landmark.,29,0,23,Koramangala,high
pothole,Pothole issue in MG Road,damaged road near metro station. This is happening in MG Road near the landmark.,41,1,22,MG Road,high
pothole,Pothole issue in Malleshwaram,many potholes after rain. This is happening in Malleshwaram near the landmark.,9,1,13,Malleshwaram,medium
pothole,Pothole issue in Whitefield,gunda on main road. This is happening in Whitefield near the landmark.,44,1,0,Whitefield,high
pothole,Pothole issue in MG Road,huge pothole on road. This is happening in MG Road near the landmark.,16,0,12,MG Road,high
pothole,Pothole issue in HSR Layout,dangerous crater on silk board flyover. This is happening in HSR Layout near the landmark.,9,1,20,HSR Layout,medium
pothole,Pothole issue in Whitefield,gunda on main road. This is happening in Whitefield near the landmark.,18,0,0,Whitefield,high
pothole,Pothole issue in Koramangala,vehicle damage due to deep gunda on outer ring road. This is happening in Koramangala near the landmark.,5,1,19,Koramangala,medium
pothole,Pothole issue in Jayanagar,gunda on main road. This is happening in Jayanagar near the landmark.,18,0,13,Jayanagar,high
pothole,Pothole issue in Malleshwaram,vehicle damage due to deep gunda on outer ring road. This is happening in Malleshwaram near the landmark.,0,0,0,Malleshwaram,medium
pothole,Pothole issue in Malleshwaram,many potholes after rain. This is happening in Malleshwaram near the landmark.,45,1,9,Malleshwaram,high
pothole,Pothole issue in Malleshwaram,huge pothole on road. This is happening in Malleshwaram near the landmark.,6,0,13,Malleshwaram,medium
pothole,Pothole issue in MG Road,potholes everywhere on this stretch. This is happening in MG Road near the landmark.,3,1,8,MG Road,medium
pothole,Pothole issue in Koramangala,"road condition is very bad, gunda blocking traffic. This is happening in Koramangala near the landmark.",28,1,17,Koramangala,high
pothole,Pothole issue in HSR Layout,"road condition is very bad, gunda blocking traffic. This is happening in HSR Layout near the landmark.",19,1,12,HSR Layout,high
pothole,Pothole issue in MG Road,many potholes after rain. This is happening in MG Road near the landmark.,25,0,13,MG Road,high
pothole,Pothole issue in Malleshwaram,huge pothole on road. This is happening in Malleshwaram near the landmark.,37,0,19,Malleshwaram,high
pothole,Pothole issue in Jayanagar,dangerous crater on silk board flyover. This is happening in Jayanagar near the landmark.,33,1,15,Jayanagar,high
pothole,Pothole issue in Malleshwaram,gunda on main road. This is happening in Malleshwaram near the landmark.,16,1,14,Malleshwaram,high
pothole,Pothole issue in Whitefield,vehicle damage due to deep gunda on outer ring road. This is happening in Whitefield near the landmark.,33,1,0,Whitefield,high
pothole,Pothole issue in Koramangala,many potholes after rain. This is happening in Koramangala near the landmark.,2,1,3,Koramangala,medium
pothole,Pothole issue in Jayanagar,many potholes after rain. This is happening in Jayanagar near the landmark.,3,0,15,Jayanagar,medium
pothole,Pothole issue in Koramangala,gunda on main road. This is happening in Koramangala near the landmark.,44,0,5,Koramangala,high
pothole,Pothole issue in Jayanagar,vehicle damage due to deep gunda on outer ring road. This is happening in Jayanagar near the landmark.,49,0,23,Jayanagar,high
pothole,Pothole issue in Jayanagar,dangerous crater on silk board flyover. This is happening in Jayanagar near the landmark.,6,1,6,Jayanagar,medium
pothole,Pothole issue in Indiranagar,"road condition is very bad, gunda blocking traffic. This is happening in Indiranagar near the landmark.",10,1,13,Indiranagar,medium
pothole,Pothole issue in Indiranagar,gunda on main road. This is happening in Indiranagar near the landmark.,39,1,18,Indiranagar,high
pothole,Pothole issue in MG Road,vehicle damage due to deep gunda on outer ring road. This is happening in MG Road near the landmark.,21,0,8,MG Road,high
pothole,Pothole issue in Koramangala,huge pothole on road. This is happening in Koramangala near the landmark.,44,1,4,Koramangala,high
pothole,Pothole issue in HSR Layout,deep hole in middle of street. This is happening in HSR Layout near the landmark.,26,1,21,HSR Layout,high
pothole,Pothole issue in Indiranagar,huge pothole on road. This is happening in Indiranagar near the landmark.,43,0,17,Indiranagar,high
pothole,Pothole issue in HSR Layout,huge pothole on road. This is happening in HSR Layout near the landmark.,34,0,19,HSR Layout,high
pothole,Pothole issue in Indiranagar,huge pothole on road. This is happening in Indiranagar near the landmark.,0,0,8,Indiranagar,medium
pothole,Pothole issue in HSR Layout,huge pothole on road. This is happening in HSR Layout near the landmark.,35,1,15,HSR Layout,high
pothole,Pothole issue in HSR Layout,"road condition is very bad, gunda blocking traffic. This is happening in HSR Layout near the landmark.",47,1,4,HSR Layout,high
pothole,Pothole issue in Jayanagar,potholes everywhere on this stretch. This is happening in Jayanagar near the landmark.,47,0,13,Jayanagar,high
pothole,Pothole issue in MG Road,huge pothole on road. This is happening in MG Road near the landmark.,48,0,20,MG Road,high
pothole,Pothole issue in Koramangala,gunda on main road. This is happening in Koramangala near the landmark.,14,1,4,Koramangala,high
pothole,Pothole issue in HSR Layout,potholes everywhere on this stretch. This is happening in HSR Layout near the landmark.,48,0,18,HSR Layout,high
pothole,Pothole issue in Koramangala,potholes everywhere on this stretch. This is happening in Koramangala near the landmark.,2,1,7,Koramangala,medium
pothole,Pothole issue in HSR Layout,potholes everywhere on this stretch. This is happening in HSR Layout near the landmark.,21,0,1,HSR Layout,high
pothole,Pothole issue in Jayanagar,many potholes after rain. This is happening in Jayanagar near the landmark.,34,0,6,Jayanagar,high
pothole,Pothole issue in MG Road,cracked pavement making it hard to drive. This is happening in MG Road near the landmark.,34,0,1,MG Road,high
pothole,Pothole issue in HSR Layout,huge pothole on road. This is happening in HSR Layout near the landmark.,23,1,14,HSR Layout,high
pothole,Pothole issue in Whitefield,vehicle damage due to deep gunda on outer ring road. This is happening in Whitefield near the landmark.,29,0,0,Whitefield,high
pothole,Pothole issue in Indiranagar,dangerous crater on silk board flyover. This is happening in Indiranagar near the landmark.,0,0,22,Indiranagar,medium
pothole,Pothole issue in HSR Layout,vehicle damage due to deep gunda on outer ring road. This is happening in HSR Layout near the landmark.,33,1,8,HSR Layout,high
pothole,Pothole issue in Koramangala,"road condition is very bad, gunda blocking traffic. This is happening in Koramangala near the landmark.",31,0,17,Koramangala,high
pothole,Pothole issue in MG Road,cracked pavement making it hard to drive. This is happening in MG Road near the landmark.,48,1,6,MG Road,high
pothole,Pothole issue in MG Road,dangerous crater on silk board flyover. This is happening in MG Road near the landmark.,46,0,0,MG Road,high
pothole,Pothole issue in Indiranagar,deep hole in middle of street. This is happening in Indiranagar near the landmark.,24,0,10,Indiranagar,high
pothole,Pothole issue in MG Road,"road condition is very bad, gunda blocking traffic. This is happening in MG Road near the landmark.",20,0,19,MG Road,high
pothole,Pothole issue in Malleshwaram,dangerous crater on silk board flyover. This is happening in Malleshwaram near the landmark.,34,0,5,Malleshwaram,high
pothole,Pothole issue in HSR Layout,huge pothole on road. This is happening in HSR Layout near the landmark.,25,1,6,HSR Layout,high
pothole,Pothole issue in Indiranagar,"road condition is very bad, gunda blocking traffic. This is happening in Indiranagar near the landmark.",5,0,8,Indiranagar,medium
pothole,Pothole issue in Koramangala,huge pothole on road. This is happening in Koramangala near the landmark.,49,0,6,Koramangala,high
pothole,Pothole issue in Jayanagar,vehicle damage due to deep gunda on outer ring road. This is happening in Jayanagar near the landmark.,31,1,23,Jayanagar,high
pothole,Pothole issue in Koramangala,gunda on main road. This is happening in Koramangala near the landmark.,5,1,3,Koramangala,medium
pothole,Pothole issue in Jayanagar,potholes everywhere on this stretch. This is happening in Jayanagar near the landmark.,11,1,4,Jayanagar,high
pothole,Pothole issue in MG Road,vehicle damage due to deep gunda on outer ring road. This is happening in MG Road near the landmark.,18,1,12,MG Road,high
pothole,Pothole issue in Koramangala,many potholes after rain. This is happening in Koramangala near the landmark.,17,0,23,Koramangala,high
pothole,Pothole issue in Whitefield,potholes everywhere on this stretch. This is happening in Whitefield near the landmark.,33,1,11,Whitefield,high
pothole,Pothole issue in Malleshwaram,"road condition is very bad, gunda blocking traffic. This is happening in Malleshwaram near the landmark.",18,0,3,Malleshwaram,high
pothole,Pothole issue in Indiranagar,dangerous crater on silk board flyover. This is happening in Indiranagar near the landmark.,22,0,6,Indiranagar,high
pothole,Pothole issue in Koramangala,cracked pavement making it hard to drive. This is happening in Koramangala near the landmark.,17,0,8,Koramangala,high
pothole,Pothole issue in Indiranagar,"road condition is very bad, gunda blocking traffic. This is happening in Indiranagar near the landmark.",30,0,2,Indiranagar,high
pothole,Pothole issue in Indiranagar,cracked pavement making it hard to drive. This is happening in Indiranagar near the landmark.,33,0,23,Indiranagar,high
pothole,Pothole issue in Koramangala,"road condition is very bad, gunda blocking traffic. This is happening in Koramangala near the landmark.",18,1,8,Koramangala,high
pothole,Pothole issue in Indiranagar,potholes everywhere on this stretch. This is happening in Indiranagar near the landmark.,14,0,6,Indiranagar,high
pothole,Pothole issue in MG Road,damaged road near metro station. This is happening in MG Road near the landmark.,32,1,5,MG Road,high
pothole,Pothole issue in Koramangala,many potholes after rain. This is happening in Koramangala near the landmark.,14,1,13,Koramangala,high
pothole,Pothole issue in Koramangala,potholes everywhere on this stretch. This is happening in Koramangala near the landmark.,11,0,18,Koramangala,high
pothole,Pothole issue in MG Road,gunda on main road. This is happening in MG Road near the landmark.,32,1,18,MG Road,high
pothole,Pothole issue in HSR Layout,gunda on main road. This is happening in HSR Layout near the landmark.,13,1,12,HSR Layout,high
pothole,Pothole issue in Whitefield,"road condition is very bad, gunda blocking traffic. This is happening in Whitefield near the landmark.",41,0,14,Whitefield,high
pothole,Pothole issue in Indiranagar,damaged road near metro station. This is happening in Indiranagar near the landmark.,47,1,2,Indiranagar,high
pothole,Pothole issue in MG Road,vehicle damage due to deep gunda on outer ring road. This is happening in MG Road near the landmark.,33,1,22,MG Road,high
pothole,Pothole issue in Malleshwaram,potholes everywhere on this stretch. This is happening in Malleshwaram near the landmark.,21,0,16,Malleshwaram,high
pothole,Pothole issue in Malleshwaram,many potholes after rain. This is happening in Malleshwaram near the landmark.,34,1,12,Malleshwaram,high
pothole,Pothole issue in HSR Layout,dangerous crater on silk board flyover. This is happening in HSR Layout near the landmark.,30,1,14,HSR Layout,high
pothole,Pothole issue in Whitefield,potholes everywhere on this stretch. This is happening in Whitefield near the landmark.,28,1,4,Whitefield,high
pothole,Pothole issue in MG Road,many potholes after rain. This is happening in MG Road near the landmark.,6,1,10,MG Road,medium
pothole,Pothole issue in Koramangala,potholes everywhere on this stretch. This is happening in Koramangala near the landmark.,40,1,2,Koramangala,high
pothole,Pothole issue in HSR Layout,vehicle damage due to deep gunda on outer ring road. This is happening in HSR Layout near the landmark.,14,0,19,HSR Layout,high
pothole,Pothole issue in Indiranagar,deep hole in middle of street. This is happening in Indiranagar near the landmark.,50,0,1,Indiranagar,high
pothole,Pothole issue in Indiranagar,gunda on main road. This is happening in Indiranagar near the landmark.,20,0,2,Indiranagar,high
pothole,Pothole issue in Indiranagar,gunda on main road. This is happening in Indiranagar near the landmark.,26,0,0,Indiranagar,high
pothole,Pothole issue in HSR Layout,gunda on main road. This is happening in HSR Layout near the landmark.,49,1,0,HSR Layout,high
pothole,Pothole issue in Whitefield,deep hole in middle of street. This is happening in Whitefield near the landmark.,21,0,21,Whitefield,high
pothole,Pothole issue in Indiranagar,huge pothole on road. This is happening in Indiranagar near the landmark.,10,1,4,Indiranagar,medium
pothole,Pothole issue in MG Road,deep hole in middle of street. This is happening in MG Road near the landmark.,17,1,8,MG Road,high
pothole,Pothole issue in Indiranagar,vehicle damage due to deep gunda on outer ring road. This is happening in Indiranagar near the landmark.,32,0,22,Indiranagar,high
pothole,Pothole issue in Indiranagar,many potholes after rain. This is happening in Indiranagar near the landmark.,22,0,18,Indiranagar,high
pothole,Pothole issue in Indiranagar,huge pothole on road. This is happening in Indiranagar near the landmark.,1,1,21,Indiranagar,medium
pothole,Pothole issue in HSR Layout,gunda on main road. This is happening in HSR Layout near the landmark.,4,0,22,HSR Layout,medium
pothole,Pothole issue in Malleshwaram,huge pothole on road. This is happening in Malleshwaram near the landmark.,50,1,9,Malleshwaram,high
pothole,Pothole issue in Indiranagar,many potholes after rain. This is happening in Indiranagar near the landmark.,44,0,3,Indiranagar,high
pothole,Pothole issue in Whitefield,dangerous crater on silk board flyover. This is happening in Whitefield near the landmark.,20,0,0,Whitefield,high
pothole,Pothole issue in Malleshwaram,dangerous crater on silk board flyover. This is happening in Malleshwaram near the landmark.,3,1,9,Malleshwaram,medium
pothole,Pothole issue in MG Road,huge pothole on road. This is happening in MG Road near the landmark.,40,1,2,MG Road,high
pothole,Pothole issue in Koramangala,cracked pavement making it hard to drive. This is happening in Koramangala near the landmark.,24,1,10,Koramangala,high
pothole,Pothole issue in Whitefield,damaged road near metro station. This is happening in Whitefield near the landmark.,28,1,18,Whitefield,high
pothole,Pothole issue in Whitefield,gunda on main road. This is happening in Whitefield near the landmark.,22,1,16,Whitefield,high
pothole,Pothole issue in Koramangala,deep hole in middle of street. This is happening in Koramangala near the landmark.,32,0,2,Koramangala,high
pothole,Pothole issue in Indiranagar,cracked pavement making it hard to drive. This is happening in Indiranagar near the landmark.,47,1,18,Indiranagar,high
pothole,Pothole issue in HSR Layout,damaged road near metro station. This is happening in HSR Layout near the landmark.,13,1,10,HSR Layout,high
garbage,Garbage issue in Jayanagar,garbage collection truck not coming. This is happening in Jayanagar near the landmark.,27,1,4,Jayanagar,high
garbage,Garbage issue in Jayanagar,community garbage area needs cleaning. This is happening in Jayanagar near the landmark.,31,0,2,Jayanagar,high
garbage,Garbage issue in Indiranagar,community garbage area needs cleaning. This is happening in Indiranagar near the landmark.,22,0,3,Indiranagar,medium
garbage,Garbage issue in Indiranagar,garbage not collected for many days. This is happening in Indiranagar near the landmark.,10,0,20,Indiranagar,medium
garbage,Garbage issue in Whitefield,kachra pileup in corner. This is happening in Whitefield near the landmark.,43,0,6,Whitefield,high
garbage,Garbage issue in MG Road,garbage collection truck not coming. This is happening in MG Road near the landmark.,1,1,16,MG Road,low
garbage,Garbage issue in Whitefield,community garbage area needs cleaning. This is happening in Whitefield near the landmark.,15,0,3,Whitefield,medium
garbage,Garbage issue in Malleshwaram,bin overflow near apartment. This is happening in Malleshwaram near the landmark.,19,0,15,Malleshwaram,medium
garbage,Garbage issue in Whitefield,smell coming from garbage dump. This is happening in Whitefield near the landmark.,48,1,8,Whitefield,high
garbage,Garbage issue in Jayanagar,kachra pileup in corner. This is happening in Jayanagar near the landmark.,28,1,17,Jayanagar,high
garbage,Garbage issue in Whitefield,bin overflow near apartment. This is happening in Whitefield near the landmark.,37,0,3,Whitefield,high
garbage,Garbage issue in Malleshwaram,uncollected waste attracting dogs. This is happening in Malleshwaram near the landmark.,38,1,7,Malleshwaram,high
garbage,Garbage issue in Koramangala,public bin is full and kachra is spilling. This is happening in Koramangala near the landmark.,20,0,15,Koramangala,medium
garbage,Garbage issue in HSR Layout,bin overflow near apartment. This is happening in HSR Layout near the landmark.,45,1,19,HSR Layout,high
garbage,Garbage issue in Indiranagar,waste scattered on sidewalk. This is happening in Indiranagar near the landmark.,17,0,23,Indiranagar,medium
garbage,Garbage issue in HSR Layout,public bin is full and kachra is spilling. This is happening in HSR Layout near the landmark.,16,1,21,HSR Layout,medium
garbage,Garbage issue in HSR Layout,smell coming from garbage dump. This is happening in HSR Layout near the landmark.,25,1,21,HSR Layout,medium
garbage,Garbage issue in MG Road,garbage not collected for many days. This is happening in MG Road near the landmark.,28,0,22,MG Road,high
garbage,Garbage issue in Indiranagar,public bin is full and kachra is spilling. This is happening in Indiranagar near the landmark.,17,1,0,Indiranagar,medium
garbage,Garbage issue in Whitefield,garbage collection truck not coming. This is happening in Whitefield near the landmark.,17,0,19,Whitefield,medium
garbage,Garbage issue in Jayanagar,uncollected waste attracting dogs. This is happening in Jayanagar near the landmark.,48,0,1,Jayanagar,high
garbage,Garbage issue in MG Road,waste scattered on sidewalk. This is happening in MG Road near the landmark.,19,0,14,MG Road,medium
garbage,Garbage issue in Malleshwaram,bin overflow near apartment. This is happening in Malleshwaram near the landmark.,13,0,9,Malleshwaram,medium
garbage,Garbage issue in Koramangala,garbage collection truck not coming. This is happening in Koramangala near the landmark.,47,0,12,Koramangala,high
garbage,Garbage issue in Malleshwaram,garbage not collected for many days. This is happening in Malleshwaram near the landmark.,46,0,1,Malleshwaram,high
garbage,Garbage issue in Malleshwaram,community garbage area needs cleaning. This is happening in Malleshwaram near the landmark.,46,0,21,Malleshwaram,high
garbage,Garbage issue in HSR Layout,garbage not collected for many days. This is happening in HSR Layout near the landmark.,23,0,18,HSR Layout,medium
garbage,Garbage issue in Koramangala,smell coming from garbage dump. This is happening in Koramangala near the landmark.,29,1,22,Koramangala,high
garbage,Garbage issue in Whitefield,smell coming from garbage dump. This is happening in Whitefield near the landmark.,36,0,4,Whitefield,high
garbage,Garbage issue in Koramangala,smell coming from garbage dump. This is happening in Koramangala near the landmark.,0,1,13,Koramangala,low
garbage,Garbage issue in Malleshwaram,smell coming from garbage dump. This is happening in Malleshwaram near the landmark.,7,1,17,Malleshwaram,medium
garbage,Garbage issue in Malleshwaram,kachra pileup in corner. This is happening in Malleshwaram near the landmark.,8,0,18,Malleshwaram,medium
garbage,Garbage issue in Indiranagar,waste scattered on sidewalk. This is happening in Indiranagar near the landmark.,46,1,23,Indiranagar,high
garbage,Garbage issue in Koramangala,community garbage area needs cleaning. This is happening in Koramangala near the landmark.,47,0,3,Koramangala,high
garbage,Garbage issue in Indiranagar,uncollected waste attracting dogs. This is happening in Indiranagar near the landmark.,38,1,15,Indiranagar,high
garbage,Garbage issue in HSR Layout,public bin is full and kachra is spilling. This is happening in HSR Layout near the landmark.,4,1,14,HSR Layout,low
garbage,Garbage issue in HSR Layout,community garbage area needs cleaning. This is happening in HSR Layout near the landmark.,40,0,4,HSR Layout,high
garbage,Garbage issue in Jayanagar,public bin is full and kachra is spilling. This is happening in Jayanagar near the landmark.,35,0,15,Jayanagar,high
garbage,Garbage issue in Koramangala,smell coming from garbage dump. This is happening in Koramangala near the landmark.,31,1,19,Koramangala,high
garbage,Garbage issue in HSR Layout,smell coming from garbage dump. This is happening in HSR Layout near the landmark.,41,1,21,HSR Layout,high
garbage,Garbage issue in HSR Layout,garbage collection truck not coming. This is happening in HSR Layout near the landmark.,29,1,12,HSR Layout,high
garbage,Garbage issue in MG Road,kachra pileup in corner. This is happening in MG Road near the landmark.,16,1,12,MG Road,medium
garbage,Garbage issue in Indiranagar,community garbage area needs cleaning. This is happening in Indiranagar near the landmark.,49,0,5,Indiranagar,high
garbage,Garbage issue in Indiranagar,waste scattered on sidewalk. This is happening in Indiranagar near the landmark.,27,0,4,Indiranagar,high
garbage,Garbage issue in Indiranagar,smell coming from garbage dump. This is happening in Indiranagar near the landmark.,43,0,15,Indiranagar,high
garbage,Garbage issue in Koramangala,kachra pileup in corner. This is happening in Koramangala near the landmark.,46,1,2,Koramangala,high
garbage,Garbage issue in HSR Layout,waste scattered on sidewalk. This is happening in HSR Layout near the landmark.,3,0,21,HSR Layout,low
garbage,Garbage issue in Indiranagar,waste scattered on sidewalk. This is happening in Indiranagar near the landmark.,19,0,22,Indiranagar,medium
garbage,Garbage issue in Indiranagar,kachra pileup in corner. This is happening in Indiranagar near the landmark.,31,1,0,Indiranagar,high
garbage,Garbage issue in HSR Layout,bin overflow near apartment. This is happening in HSR Layout near the landmark.,17,1,11,HSR Layout,medium
garbage,Garbage issue in Jayanagar,community garbage area needs cleaning. This is happening in Jayanagar near the landmark.,32,1,22,Jayanagar,high
garbage,Garbage issue in Indiranagar,bin overflow near apartment. This is happening in Indiranagar near the landmark.,4,1,14,Indiranagar,low
garbage,Garbage issue in MG Road,smell coming from garbage dump. This is happening in MG Road near the landmark.,42,1,9,MG Road,high
garbage,Garbage issue in HSR Layout,bin overflow near apartment. This is happening in HSR Layout near the landmark.,35,0,11,HSR Layout,high
garbage,Garbage issue in MG Road,smell coming from garbage dump. This is happening in MG Road near the landmark.,17,0,17,MG Road,medium
garbage,Garbage issue in HSR Layout,bin overflow near apartment. This is happening in HSR Layout near the landmark.,29,1,15,HSR Layout,high
garbage,Garbage issue in Jayanagar,garbage not collected for many days. This is happening in Jayanagar near the landmark.,43,0,13,Jayanagar,high
garbage,Garbage issue in Jayanagar,garbage not collected for many days. This is happening in Jayanagar near the landmark.,0,0,2,Jayanagar,low
garbage,Garbage issue in Jayanagar,community garbage area needs cleaning. This is happening in Jayanagar near the landmark.,5,1,0,Jayanagar,medium
garbage,Garbage issue in Jayanagar,community garbage area needs cleaning. This is happening in Jayanagar near the landmark.,31,0,0,Jayanagar,high
garbage,Garbage issue in Whitefield,community garbage area needs cleaning. This is happening in Whitefield near the landmark.,30,1,14,Whitefield,high
garbage,Garbage issue in Jayanagar,garbage collection truck not coming. This is happening in Jayanagar near the landmark.,39,0,6,Jayanagar,high
garbage,Garbage issue in Jayanagar,smell coming from garbage dump. This is happening in Jayanagar near the landmark.,12,1,4,Jayanagar,medium
garbage,Garbage issue in Indiranagar,garbage not collected for many days. This is happening in Indiranagar near the landmark.,30,0,14,Indiranagar,high
garbage,Garbage issue in MG Road,community garbage area needs cleaning. This is happening in MG Road near the landmark.,24,0,2,MG Road,medium
garbage,Garbage issue in Indiranagar,garbage collection truck not coming. This is happening in Indiranagar near the landmark.,9,0,15,Indiranagar,medium
garbage,Garbage issue in Indiranagar,uncollected waste attracting dogs. This is happening in Indiranagar near the landmark.,26,0,22,Indiranagar,high
garbage,Garbage issue in Koramangala,smell coming from garbage dump. This is happening in Koramangala near the landmark.,41,0,14,Koramangala,high
garbage,Garbage issue in Koramangala,garbage collection truck not coming. This is happening in Koramangala near the landmark.,35,1,18,Koramangala,high
garbage,Garbage issue in Koramangala,community garbage area needs cleaning. This is happening in Koramangala near the landmark.,15,1,8,Koramangala,medium
garbage,Garbage issue in Whitefield,community garbage area needs cleaning. This is happening in Whitefield near the landmark.,9,1,17,Whitefield,medium
garbage,Garbage issue in Indiranagar,uncollected waste attracting dogs. This is happening in Indiranagar near the landmark.,17,1,22,Indiranagar,medium
garbage,Garbage issue in Jayanagar,waste scattered on sidewalk. This is happening in Jayanagar near the landmark.,33,0,9,Jayanagar,high
garbage,Garbage issue in Koramangala,uncollected waste attracting dogs. This is happening in Koramangala near the landmark.,15,0,10,Koramangala,medium
garbage,Garbage issue in Malleshwaram,garbage collection truck not coming. This is happening in Malleshwaram near the landmark.,48,0,18,Malleshwaram,high
garbage,Garbage issue in Jayanagar,community garbage area needs cleaning. This is happening in Jayanagar near the landmark.,25,1,4,Jayanagar,medium
garbage,Garbage issue in Malleshwaram,waste scattered on sidewalk. This is happening in Malleshwaram near the landmark.,16,0,17,Malleshwaram,medium
garbage,Garbage issue in Koramangala,uncollected waste attracting dogs. This is happening in Koramangala near the landmark.,0,1,4,Koramangala,low
garbage,Garbage issue in Indiranagar,garbage collection truck not coming. This is happening in Indiranagar near the landmark.,45,1,9,Indiranagar,high
garbage,Garbage issue in MG Road,waste scattered on sidewalk. This is happening in MG Road near the landmark.,50,0,16,MG Road,high
garbage,Garbage issue in Jayanagar,illegal dumping of waste near lake. This is happening in Jayanagar near the landmark.,35,1,6,Jayanagar,high
garbage,Garbage issue in Malleshwaram,illegal dumping of waste near lake. This is happening in Malleshwaram near the landmark.,12,1,21,Malleshwaram,medium
garbage,Garbage issue in MG Road,community garbage area needs cleaning. This is happening in MG Road near the landmark.,22,0,9,MG Road,medium
garbage,Garbage issue in HSR Layout,garbage not collected for many days. This is happening in HSR Layout near the landmark.,25,1,21,HSR Layout,medium
garbage,Garbage issue in HSR Layout,waste scattered on sidewalk. This is happening in HSR Layout near the landmark.,21,1,13,HSR Layout,medium
garbage,Garbage issue in Indiranagar,garbage not collected for many days. This is happening in Indiranagar near the landmark.,0,0,14,Indiranagar,low
garbage,Garbage issue in MG Road,public bin is full and kachra is spilling. This is happening in MG Road near the landmark.,10,0,9,MG Road,medium
garbage,Garbage issue in HSR Layout,uncollected waste attracting dogs. This is happening in HSR Layout near the landmark.,22,1,6,HSR Layout,medium
garbage,Garbage issue in Jayanagar,waste scattered on sidewalk. This is happening in Jayanagar near the landmark.,25,0,15,Jayanagar,medium
garbage,Garbage issue in HSR Layout,community garbage area needs cleaning. This is happening in HSR Layout near the landmark.,25,1,8,HSR Layout,medium
garbage,Garbage issue in HSR Layout,smell coming from garbage dump. This is happening in HSR Layout near the landmark.,40,1,14,HSR Layout,high
garbage,Garbage issue in MG Road,garbage collection truck not coming. This is happening in MG Road near the landmark.,13,1,13,MG Road,medium
garbage,Garbage issue in MG Road,uncollected waste attracting dogs. This is happening in MG Road near the landmark.,45,0,15,MG Road,high
garbage,Garbage issue in Koramangala,garbage collection truck not coming. This is happening in Koramangala near the landmark.,47,1,15,Koramangala,high
garbage,Garbage issue in Koramangala,community garbage area needs cleaning. This is happening in Koramangala near the landmark.,50,1,9,Koramangala,high
garbage,Garbage issue in Whitefield,waste scattered on sidewalk. This is happening in Whitefield near the landmark.,1,0,1,Whitefield,low
garbage,Garbage issue in HSR Layout,illegal dumping of waste near lake. This is happening in HSR Layout near the landmark.,5,0,15,HSR Layout,medium
garbage,Garbage issue in Indiranagar,waste scattered on sidewalk. This is happening in Indiranagar near the landmark.,23,0,13,Indiranagar,medium
garbage,Garbage issue in Koramangala,public bin is full and kachra is spilling. This is happening in Koramangala near the landmark.,40,0,9,Koramangala,high
garbage,Garbage issue in Jayanagar,garbage collection truck not coming. This is happening in Jayanagar near the landmark.,13,0,3,Jayanagar,medium
garbage,Garbage issue in Indiranagar,uncollected waste attracting dogs. This is happening in Indiranagar near the landmark.,32,1,4,Indiranagar,high
garbage,Garbage issue in HSR Layout,smell coming from garbage dump. This is happening in HSR Layout near the landmark.,17,1,2,HSR Layout,medium
garbage,Garbage issue in Jayanagar,community garbage area needs cleaning. This is happening in Jayanagar near the landmark.,44,1,15,Jayanagar,high
garbage,Garbage issue in MG Road,garbage collection truck not coming. This is happening in MG Road near the landmark.,44,0,8,MG Road,high
garbage,Garbage issue in MG Road,public bin is full and kachra is spilling. This is happening in MG Road near the landmark.,34,0,9,MG Road,high
garbage,Garbage issue in MG Road,illegal dumping of waste near lake. This is happening in MG Road near the landmark.,23,1,18,MG Road,medium
garbage,Garbage issue in Indiranagar,smell coming from garbage dump. This is happening in Indiranagar near the landmark.,40,1,8,Indiranagar,high
garbage,Garbage issue in Koramangala,uncollected waste attracting dogs. This is happening in Koramangala near the landmark.,16,0,5,Koramangala,medium
garbage,Garbage issue in Indiranagar,smell coming from garbage dump. This is happening in Indiranagar near the landmark.,8,1,1,Indiranagar,medium
garbage,Garbage issue in MG Road,waste scattered on sidewalk. This is happening in MG Road near the landmark.,5,1,22,MG Road,medium
garbage,Garbage issue in MG Road,garbage not collected for many days. This is happening in MG Road near the landmark.,14,1,13,MG Road,medium
garbage,Garbage issue in HSR Layout,smell coming from garbage dump. This is happening in HSR Layout near the landmark.,34,0,5,HSR Layout,high
garbage,Garbage issue in Indiranagar,bin overflow near apartment. This is happening in Indiranagar near the landmark.,15,1,6,Indiranagar,medium
garbage,Garbage issue in Whitefield,kachra pileup in corner. This is happening in Whitefield near the landmark.,49,0,10,Whitefield,high
garbage,Garbage issue in Malleshwaram,community garbage area needs cleaning. This is happening in Malleshwaram near the landmark.,6,0,8,Malleshwaram,medium
garbage,Garbage issue in Jayanagar,illegal dumping of waste near lake. This is happening in Jayanagar near the landmark.,11,1,1,Jayanagar,medium
garbage,Garbage issue in MG Road,community garbage area needs cleaning. This is happening in MG Road near the landmark.,49,0,21,MG Road,high
garbage,Garbage issue in Koramangala,public bin is full and kachra is spilling. This is happening in Koramangala near the landmark.,16,0,17,Koramangala,medium
garbage,Garbage issue in Whitefield,public bin is full and kachra is spilling. This is happening in Whitefield near the landmark.,39,0,1,Whitefield,high
garbage,Garbage issue in MG Road,public bin is full and kachra is spilling. This is happening in MG Road near the landmark.,42,0,7,MG Road,high
garbage,Garbage issue in Jayanagar,smell coming from garbage dump. This is happening in Jayanagar near the landmark.,3,0,13,Jayanagar,low
garbage,Garbage issue in Malleshwaram,public bin is full and kachra is spilling. This is happening in Malleshwaram near the landmark.,47,1,14,Malleshwaram,high
garbage,Garbage issue in Malleshwaram,garbage not collected for many days. This is happening in Malleshwaram near the landmark.,19,0,22,Malleshwaram,medium
garbage,Garbage issue in Whitefield,public bin is full and kachra is spilling. This is happening in Whitefield near the landmark.,29,1,18,Whitefield,high
garbage,Garbage issue in Koramangala,garbage not collected for many days. This is happening in Koramangala near the landmark.,3,0,8,Koramangala,low
garbage,Garbage issue in Indiranagar,garbage collection truck not coming. This is happening in Indiranagar near the landmark.,1,0,11,Indiranagar,low
garbage,Garbage issue in Whitefield,garbage not collected for many days. This is happening in Whitefield near the landmark.,13,0,18,Whitefield,medium
garbage,Garbage issue in Indiranagar,garbage not collected for many days. This is happening in Indiranagar near the landmark.,19,0,17,Indiranagar,medium
garbage,Garbage issue in HSR Layout,smell coming from garbage dump. This is happening in HSR Layout near the landmark.,46,1,13,HSR Layout,high
garbage,Garbage issue in Koramangala,uncollected waste attracting dogs. This is happening in Koramangala near the landmark.,14,0,4,Koramangala,medium
garbage,Garbage issue in MG Road,waste scattered on sidewalk. This is happening in MG Road near the landmark.,12,1,3,MG Road,medium
garbage,Garbage issue in MG Road,illegal dumping of waste near lake. This is happening in MG Road near the landmark.,25,1,0,MG Road,medium
garbage,Garbage issue in HSR Layout,waste scattered on sidewalk. This is happening in HSR Layout near the landmark.,13,1,19,HSR Layout,medium
garbage,Garbage issue in Malleshwaram,waste scattered on sidewalk. This is happening in Malleshwaram near the landmark.,21,1,21,Malleshwaram,medium
garbage,Garbage issue in HSR Layout,illegal dumping of waste near lake. This is happening in HSR Layout near the landmark.,5,1,21,HSR Layout,medium
garbage,Garbage issue in Malleshwaram,garbage not collected for many days. This is happening in Malleshwaram near the landmark.,37,1,14,Malleshwaram,high
garbage,Garbage issue in HSR Layout,bin overflow near apartment. This is happening in HSR Layout near the landmark.,29,0,18,HSR Layout,high
garbage,Garbage issue in MG Road,garbage not collected for many days. This is happening in MG Road near the landmark.,11,1,5,MG Road,medium
garbage,Garbage issue in HSR Layout,waste scattered on sidewalk. This is happening in HSR Layout near the landmark.,4,0,17,HSR Layout,low
garbage,Garbage issue in Koramangala,illegal dumping of waste near lake. This is happening in Koramangala near the landmark.,31,1,3,Koramangala,high
garbage,Garbage issue in Jayanagar,garbage not collected for many days. This is happening in Jayanagar near the landmark.,18,1,13,Jayanagar,medium
garbage,Garbage issue in Jayanagar,illegal dumping of waste near lake. This is happening in Jayanagar near the landmark.,27,0,3,Jayanagar,high
garbage,Garbage issue in Whitefield,kachra pileup in corner. This is happening in Whitefield near the landmark.,30,0,6,Whitefield,high
garbage,Garbage issue in Indiranagar,smell coming from garbage dump. This is happening in Indiranagar near the landmark.,46,1,16,Indiranagar,high
garbage,Garbage issue in Koramangala,public bin is full and kachra is spilling. This is happening in Koramangala near the landmark.,38,0,17,Koramangala,high
garbage,Garbage issue in HSR Layout,public bin is full and kachra is spilling. This is happening in HSR Layout near the landmark.,7,1,9,HSR Layout,medium
garbage,Garbage issue in MG Road,community garbage area needs cleaning. This is happening in MG Road near the landmark.,38,0,2,MG Road,high
garbage,Garbage issue in Jayanagar,waste scattered on sidewalk. This is happening in Jayanagar near the landmark.,15,1,1,Jayanagar,medium
garbage,Garbage issue in Malleshwaram,illegal dumping of waste near lake. This is happening in Malleshwaram near the landmark.,29,1,18,Malleshwaram,high
garbage,Garbage issue in Indiranagar,garbage not collected for many days. This is happening in Indiranagar near the landmark.,21,0,9,Indiranagar,medium
garbage,Garbage issue in Malleshwaram,uncollected waste attracting dogs. This is happening in Malleshwaram near the landmark.,24,0,1,Malleshwaram,medium
garbage,Garbage issue in Koramangala,community garbage area needs cleaning. This is happening in Koramangala near the landmark.,27,0,3,Koramangala,high
garbage,Garbage issue in MG Road,public bin is full and kachra is spilling. This is happening in MG Road near the landmark.,47,1,9,MG Road,high
garbage,Garbage issue in Indiranagar,uncollected waste attracting dogs. This is happening in Indiranagar near the landmark.,33,1,13,Indiranagar,high
garbage,Garbage issue in MG Road,smell coming from garbage dump. This is happening in MG Road near the landmark.,1,0,12,MG Road,low
garbage,Garbage issue in MG Road,public bin is full and kachra is spilling. This is happening in MG Road near the landmark.,29,1,15,MG Road,high
garbage,Garbage issue in Malleshwaram,garbage not collected for many days. This is happening in Malleshwaram near the landmark.,3,1,14,Malleshwaram,low
garbage,Garbage issue in Malleshwaram,public bin is full and kachra is spilling. This is happening in Malleshwaram near the landmark.,14,0,16,Malleshwaram,medium
garbage,Garbage issue in Malleshwaram,kachra pileup in corner. This is happening in Malleshwaram near the landmark.,49,0,1,Malleshwaram,high
garbage,Garbage issue in HSR Layout,uncollected waste attracting dogs. This is happening in HSR Layout near the landmark.,39,1,12,HSR Layout,high
garbage,Garbage issue in MG Road,public bin is full and kachra is spilling. This is happening in MG Road near the landmark.,16,0,19,MG Road,medium
garbage,Garbage issue in Koramangala,uncollected waste attracting dogs. This is happening in Koramangala near the landmark.,25,1,22,Koramangala,medium
garbage,Garbage issue in Koramangala,waste scattered on sidewalk. This is happening in Koramangala near the landmark.,25,0,0,Koramangala,medium
garbage,Garbage issue in HSR Layout,garbage not collected for many days. This is happening in HSR Layout near the landmark.,19,0,5,HSR Layout,medium
garbage,Garbage issue in HSR Layout,kachra pileup in corner. This is happening in HSR Layout near the landmark.,39,1,11,HSR Layout,high
garbage,Garbage issue in MG Road,waste scattered on sidewalk. This is happening in MG Road near the landmark.,24,1,22,MG Road,medium
garbage,Garbage issue in Whitefield,illegal dumping of waste near lake. This is happening in Whitefield near the landmark.,0,0,8,Whitefield,low
garbage,Garbage issue in MG Road,garbage not collected for many days. This is happening in MG Road near the landmark.,33,1,12,MG Road,high
garbage,Garbage issue in Whitefield,smell coming from garbage dump. This is happening in Whitefield near the landmark.,25,1,12,Whitefield,medium
garbage,Garbage issue in Indiranagar,waste scattered on sidewalk. This is happening in Indiranagar near the landmark.,14,0,19,Indiranagar,medium
garbage,Garbage issue in HSR Layout,waste scattered on sidewalk. This is happening in HSR Layout near the landmark.,24,1,13,HSR Layout,medium
garbage,Garbage issue in Jayanagar,illegal dumping of waste near lake. This is happening in Jayanagar near the landmark.,12,0,4,Jayanagar,medium
garbage,Garbage issue in Malleshwaram,garbage collection truck not coming. This is happening in Malleshwaram near the landmark.,7,1,15,Malleshwaram,medium
garbage,Garbage issue in Indiranagar,waste scattered on sidewalk. This is happening in Indiranagar near the landmark.,38,0,9,Indiranagar,high
garbage,Garbage issue in Indiranagar,bin overflow near apartment. This is happening in Indiranagar near the landmark.,21,0,17,Indiranagar,medium
garbage,Garbage issue in Koramangala,smell coming from garbage dump. This is happening in Koramangala near the landmark.,42,1,0,Koramangala,high
garbage,Garbage issue in Malleshwaram,uncollected waste attracting dogs. This is happening in Malleshwaram near the landmark.,13,1,16,Malleshwaram,medium
garbage,Garbage issue in Jayanagar,smell coming from garbage dump. This is happening in Jayanagar near the landmark.,36,1,18,Jayanagar,high
garbage,Garbage issue in Koramangala,bin overflow near apartment. This is happening in Koramangala near the landmark.,23,0,19,Koramangala,medium
garbage,Garbage issue in Whitefield,community garbage area needs cleaning. This is happening in Whitefield near the landmark.,41,0,0,Whitefield,high
garbage,Garbage issue in Malleshwaram,uncollected waste attracting dogs. This is happening in Malleshwaram near the landmark.,10,1,4,Malleshwaram,medium
garbage,Garbage issue in MG Road,uncollected waste attracting dogs. This is happening in MG Road near the landmark.,1,0,19,MG Road,low
garbage,Garbage issue in Whitefield,waste scattered on sidewalk. This is happening in Whitefield near the landmark.,48,0,15,Whitefield,high
garbage,Garbage issue in Indiranagar,public bin is full and kachra is spilling. This is happening in Indiranagar near the landmark.,26,0,2,Indiranagar,high
garbage,Garbage issue in Koramangala,garbage not collected for many days. This is happening in Koramangala near the landmark.,26,1,6,Koramangala,high
garbage,Garbage issue in Jayanagar,garbage collection truck not coming. This is happening in Jayanagar near the landmark.,14,0,3,Jayanagar,medium
garbage,Garbage issue in Koramangala,waste scattered on sidewalk. This is happening in Koramangala near the landmark.,38,1,15,Koramangala,high
garbage,Garbage issue in Jayanagar,bin overflow near apartment. This is happening in Jayanagar near the landmark.,20,1,10,Jayanagar,medium
garbage,Garbage issue in Malleshwaram,public bin is full and kachra is spilling. This is happening in Malleshwaram near the landmark.,45,1,16,Malleshwaram,high
garbage,Garbage issue in Whitefield,smell coming from garbage dump. This is happening in Whitefield near the landmark.,4,1,0,Whitefield,low
garbage,Garbage issue in HSR Layout,bin overflow near apartment. This is happening in HSR Layout near the landmark.,33,1,18,HSR Layout,high
garbage,Garbage issue in Malleshwaram,community garbage area needs cleaning. This is happening in Malleshwaram near the landmark.,32,1,22,Malleshwaram,high
garbage,Garbage issue in Malleshwaram,illegal dumping of waste near lake. This is happening in Malleshwaram near the landmark.,30,1,14,Malleshwaram,high
garbage,Garbage issue in Jayanagar,smell coming from garbage dump. This is happening in Jayanagar near the landmark.,19,1,4,Jayanagar,medium
garbage,Garbage issue in MG Road,illegal dumping of waste near lake. This is happening in MG Road near the landmark.,39,0,5,MG Road,high
garbage,Garbage issue in Jayanagar,bin overflow near apartment. This is happening in Jayanagar near the landmark.,20,0,9,Jayanagar,medium
garbage,Garbage issue in Whitefield,garbage collection truck not coming. This is happening in Whitefield near the landmark.,14,0,2,Whitefield,medium
garbage,Garbage issue in HSR Layout,waste scattered on sidewalk. This is happening in HSR Layout near the landmark.,21,0,18,HSR Layout,medium
garbage,Garbage issue in Indiranagar,smell coming from garbage dump. This is happening in Indiranagar near the landmark.,15,1,11,Indiranagar,medium
garbage,Garbage issue in MG Road,public bin is full and kachra is spilling. This is happening in MG Road near the landmark.,6,1,20,MG Road,medium
garbage,Garbage issue in HSR Layout,bin overflow near apartment. This is happening in HSR Layout near the landmark.,49,1,11,HSR Layout,high
garbage,Garbage issue in Koramangala,public bin is full and kachra is spilling. This is happening in Koramangala near the landmark.,2,0,13,Koramangala,low
garbage,Garbage issue in Malleshwaram,uncollected waste attracting dogs. This is happening in Malleshwaram near the landmark.,41,1,9,Malleshwaram,high
garbage,Garbage issue in Indiranagar,kachra pileup in corner. This is happening in Indiranagar near the landmark.,19,0,17,Indiranagar,medium
garbage,Garbage issue in Jayanagar,kachra pileup in corner. This is happening in Jayanagar near the landmark.,49,0,9,Jayanagar,high
garbage,Garbage issue in MG Road,community garbage area needs cleaning. This is happening in MG Road near the landmark.,7,0,14,MG Road,medium
garbage,Garbage issue in HSR Layout,smell coming from garbage dump. This is happening in HSR Layout near the landmark.,38,0,3,HSR Layout,high
garbage,Garbage issue in Koramangala,public bin is full and kachra is spilling. This is happening in Koramangala near the landmark.,35,1,14,Koramangala,high
garbage,Garbage issue in Malleshwaram,smell coming from garbage dump. This is happening in Malleshwaram near the landmark.,10,1,5,Malleshwaram,medium
garbage,Garbage issue in Malleshwaram,bin overflow near apartment. This is happening in Malleshwaram near the landmark.,42,0,7,Malleshwaram,high
garbage,Garbage issue in Jayanagar,smell coming from garbage dump. This is happening in Jayanagar near the landmark.,35,0,18,Jayanagar,high
garbage,Garbage issue in Whitefield,kachra pileup in corner. This is happening in Whitefield near the landmark.,49,1,11,Whitefield,high
garbage,Garbage issue in MG Road,kachra pileup in corner. This is happening in MG Road near the landmark.,15,0,3,MG Road,medium
garbage,Garbage issue in Jayanagar,garbage collection truck not coming. This is happening in Jayanagar near the landmark.,4,1,22,Jayanagar,low
garbage,Garbage issue in Jayanagar,illegal dumping of waste near lake. This is happening in Jayanagar near the landmark.,29,0,3,Jayanagar,high
garbage,Garbage issue in Malleshwaram,waste scattered on sidewalk. This is happening in Malleshwaram near the landmark.,0,1,5,Malleshwaram,low
garbage,Garbage issue in Indiranagar,uncollected waste attracting dogs. This is happening in Indiranagar near the landmark.,30,1,5,Indiranagar,high
garbage,Garbage issue in Malleshwaram,garbage collection truck not coming. This is happening in Malleshwaram near the landmark.,0,0,15,Malleshwaram,low
garbage,Garbage issue in Koramangala,illegal dumping of waste near lake. This is happening in Koramangala near the landmark.,39,0,19,Koramangala,high
garbage,Garbage issue in MG Road,garbage not collected for many days. This is happening in MG Road near the landmark.,35,1,4,MG Road,high
garbage,Garbage issue in Indiranagar,public bin is full and kachra is spilling. This is happening in Indiranagar near the landmark.,35,1,11,Indiranagar,high
garbage,Garbage issue in HSR Layout,kachra pileup in corner. This is happening in HSR Layout near the landmark.,49,1,11,HSR Layout,high
garbage,Garbage issue in Jayanagar,smell coming from garbage dump. This is happening in Jayanagar near the landmark.,40,0,8,Jayanagar,high
garbage,Garbage issue in HSR Layout,garbage collection truck not coming. This is happening in HSR Layout near the landmark.,30,1,11,HSR Layout,high
garbage,Garbage issue in Indiranagar,bin overflow near apartment. This is happening in Indiranagar near the landmark.,46,0,0,Indiranagar,high
garbage,Garbage issue in MG Road,smell coming from garbage dump. This is happening in MG Road near the landmark.,17,0,10,MG Road,medium
garbage,Garbage issue in HSR Layout,public bin is full and kachra is spilling. This is happening in HSR Layout near the landmark.,43,0,22,HSR Layout,high
garbage,Garbage issue in Koramangala,garbage not collected for many days. This is happening in Koramangala near the landmark.,44,0,17,Koramangala,high
garbage,Garbage issue in Malleshwaram,public bin is full and kachra is spilling. This is happening in Malleshwaram near the landmark.,27,1,16,Malleshwaram,high
garbage,Garbage issue in Koramangala,public bin is full and kachra is spilling. This is happening in Koramangala near the landmark.,29,0,1,Koramangala,high
garbage,Garbage issue in Koramangala,community garbage area needs cleaning. This is happening in Koramangala near the landmark.,46,1,18,Koramangala,high
garbage,Garbage issue in Koramangala,garbage not collected for many days. This is happening in Koramangala near the landmark.,13,0,1,Koramangala,medium
garbage,Garbage issue in MG Road,illegal dumping of waste near lake. This is happening in MG Road near the landmark.,30,0,14,MG Road,high
garbage,Garbage issue in MG Road,bin overflow near apartment. This is happening in MG Road near the landmark.,43,1,5,MG Road,high
garbage,Garbage issue in Jayanagar,illegal dumping of waste near lake. This is happening in Jayanagar near the landmark.,30,0,23,Jayanagar,high
garbage,Garbage issue in Whitefield,uncollected waste attracting dogs. This is happening in Whitefield near the landmark.,13,0,1,Whitefield,medium
garbage,Garbage issue in Indiranagar,community garbage area needs cleaning. This is happening in Indiranagar near the landmark.,22,0,11,Indiranagar,medium
garbage,Garbage issue in MG Road,garbage not collected for many days. This is happening in MG Road near the landmark.,3,0,23,MG Road,low
garbage,Garbage issue in Indiranagar,community garbage area needs cleaning. This is happening in Indiranagar near the landmark.,6,1,15,Indiranagar,medium
garbage,Garbage issue in Malleshwaram,garbage collection truck not coming. This is happening in Malleshwaram near the landmark.,17,1,21,Malleshwaram,medium
garbage,Garbage issue in HSR Layout,illegal dumping of waste near lake. This is happening in HSR Layout near the landmark.,23,0,8,HSR Layout,medium
garbage,Garbage issue in Whitefield,smell coming from garbage dump. This is happening in Whitefield near the landmark.,19,1,5,Whitefield,medium
garbage,Garbage issue in Whitefield,kachra pileup in corner. This is happening in Whitefield near the landmark.,13,1,18,Whitefield,medium
garbage,Garbage issue in Jayanagar,waste scattered on sidewalk. This is happening in Jayanagar near the landmark.,19,1,12,Jayanagar,medium
garbage,Garbage issue in Jayanagar,garbage not collected for many days. This is happening in Jayanagar near the landmark.,9,0,16,Jayanagar,medium
garbage,Garbage issue in Malleshwaram,illegal dumping of waste near lake. This is happening in Malleshwaram near the landmark.,42,0,21,Malleshwaram,high
garbage,Garbage issue in MG Road,smell coming from garbage dump. This is happening in MG Road near the landmark.,29,0,13,MG Road,high
garbage,Garbage issue in HSR Layout,illegal dumping of waste near lake. This is happening in HSR Layout near the landmark.,16,0,20,HSR Layout,medium
garbage,Garbage issue in Jayanagar,kachra pileup in corner. This is happening in Jayanagar near the landmark.,21,0,21,Jayanagar,medium
garbage,Garbage issue in MG Road,public bin is full and kachra is spilling. This is happening in MG Road near the landmark.,19,0,9,MG Road,medium
garbage,Garbage issue in Whitefield,garbage not collected for many days. This is happening in Whitefield near the landmark.,37,0,20,Whitefield,high
garbage,Garbage issue in Jayanagar,waste scattered on sidewalk. This is happening in Jayanagar near the landmark.,44,1,8,Jayanagar,high
garbage,Garbage issue in Koramangala,garbage not collected for many days. This is happening in Koramangala near the landmark.,40,1,22,Koramangala,high
garbage,Garbage issue in Whitefield,garbage not collected for many days. This is happening in Whitefield near the landmark.,44,0,6,Whitefield,high
garbage,Garbage issue in Indiranagar,smell coming from garbage dump. This is happening in Indiranagar near the landmark.,18,0,11,Indiranagar,medium
garbage,Garbage issue in Koramangala,garbage not collected for many days. This is happening in Koramangala near the landmark.,39,0,11,Koramangala,high
garbage,Garbage issue in HSR Layout,uncollected waste attracting dogs. This is happening in HSR Layout near the landmark.,47,1,16,HSR Layout,high
garbage,Garbage issue in HSR Layout,illegal dumping of waste near lake. This is happening in HSR Layout near the landmark.,22,0,13,HSR Layout,medium
garbage,Garbage issue in Whitefield,community garbage area needs cleaning. This is happening in Whitefield near the landmark.,32,0,23,Whitefield,high
garbage,Garbage issue in Jayanagar,kachra pileup in corner. This is happening in Jayanagar near the landmark.,42,0,4,Jayanagar,high
garbage,Garbage issue in Jayanagar,community garbage area needs cleaning. This is happening in Jayanagar near the landmark.,3,1,22,Jayanagar,low
garbage,Garbage issue in Whitefield,kachra pileup in corner. This is happening in Whitefield near the landmark.,49,0,11,Whitefield,high
garbage,Garbage issue in MG Road,community garbage area needs cleaning. This is happening in MG Road near the landmark.,34,1,17,MG Road,high
garbage,Garbage issue in MG Road,illegal dumping of waste near lake. This is happening in MG Road near the landmark.,43,1,6,MG Road,high
garbage,Garbage issue in Jayanagar,public bin is full and kachra is spilling. This is happening in Jayanagar near the landmark.,33,1,18,Jayanagar,high
garbage,Garbage issue in Malleshwaram,bin overflow near apartment. This is happening in Malleshwaram near the landmark.,29,0,23,Malleshwaram,high
garbage,Garbage issue in Indiranagar,illegal dumping of waste near lake. This is happening in Indiranagar near the landmark.,28,1,1,Indiranagar,high
garbage,Garbage issue in Whitefield,public bin is full and kachra is spilling. This is happening in Whitefield near the landmark.,50,0,18,Whitefield,high
garbage,Garbage issue in Malleshwaram,bin overflow near apartment. This is happening in Malleshwaram near the landmark.,38,1,12,Malleshwaram,high
garbage,Garbage issue in Indiranagar,bin overflow near apartment. This is happening in Indiranagar near the landmark.,46,0,6,Indiranagar,high
garbage,Garbage issue in HSR Layout,illegal dumping of waste near lake. This is happening in HSR Layout near the landmark.,21,0,8,HSR Layout,medium
garbage,Garbage issue in MG Road,garbage collection truck not coming. This is happening in MG Road near the landmark.,49,1,20,MG Road,high
garbage,Garbage issue in HSR Layout,garbage not collected for many days. This is happening in HSR Layout near the landmark.,48,0,11,HSR Layout,high
garbage,Garbage issue in Malleshwaram,garbage not collected for many days. This is happening in Malleshwaram near the landmark.,12,1,12,Malleshwaram,medium
garbage,Garbage issue in Indiranagar,public bin is full and kachra is spilling. This is happening in Indiranagar near the landmark.,36,0,12,Indiranagar,high
garbage,Garbage issue in HSR Layout,kachra pileup in corner. This is happening in HSR Layout near the landmark.,5,0,17,HSR Layout,medium
garbage,Garbage issue in Whitefield,public bin is full and kachra is spilling. This is happening in Whitefield near the landmark.,28,1,18,Whitefield,high
garbage,Garbage issue in Malleshwaram,public bin is full and kachra is spilling. This is happening in Malleshwaram near the landmark.,29,1,12,Malleshwaram,high
garbage,Garbage issue in Indiranagar,public bin is full and kachra is spilling. This is happening in Indiranagar near the landmark.,8,1,8,Indiranagar,medium
garbage,Garbage issue in HSR Layout,waste scattered on sidewalk. This is happening in HSR Layout near the landmark.,7,1,11,HSR Layout,medium
garbage,Garbage issue in HSR Layout,smell coming from garbage dump. This is happening in HSR Layout near the landmark.,39,1,21,HSR Layout,high
garbage,Garbage issue in MG Road,garbage collection truck not coming. This is happening in MG Road near the landmark.,2,1,0,MG Road,low
garbage,Garbage issue in HSR Layout,public bin is full and kachra is spilling. This is happening in HSR Layout near the landmark.,43,1,6,HSR Layout,high
garbage,Garbage issue in Jayanagar,bin overflow near apartment. This is happening in Jayanagar near the landmark.,32,1,5,Jayanagar,high
garbage,Garbage issue in Whitefield,bin overflow near apartment. This is happening in Whitefield near the landmark.,44,0,14,Whitefield,high
garbage,Garbage issue in MG Road,bin overflow near apartment. This is happening in MG Road near the landmark.,34,0,4,MG Road,high
garbage,Garbage issue in Koramangala,garbage not collected for many days. This is happening in Koramangala near the landmark.,35,0,8,Koramangala,high
garbage,Garbage issue in Whitefield,garbage collection truck not coming. This is happening in Whitefield near the landmark.,19,0,14,Whitefield,medium
garbage,Garbage issue in Jayanagar,garbage not collected for many days. This is happening in Jayanagar near the landmark.,2,0,21,Jayanagar,low
garbage,Garbage issue in Indiranagar,kachra pileup in corner. This is happening in Indiranagar near the landmark.,38,0,23,Indiranagar,high
garbage,Garbage issue in Whitefield,illegal dumping of waste near lake. This is happening in Whitefield near the landmark.,35,0,18,Whitefield,high
garbage,Garbage issue in HSR Layout,garbage collection truck not coming. This is happening in HSR Layout near the landmark.,21,1,22,HSR Layout,medium
garbage,Garbage issue in Whitefield,public bin is full and kachra is spilling. This is happening in Whitefield near the landmark.,3,0,18,Whitefield,low
garbage,Garbage issue in HSR Layout,illegal dumping of waste near lake. This is happening in HSR Layout near the landmark.,18,0,2,HSR Layout,medium
garbage,Garbage issue in Koramangala,illegal dumping of waste near lake. This is happening in Koramangala near the landmark.,25,1,5,Koramangala,medium
garbage,Garbage issue in Koramangala,garbage collection truck not coming. This is happening in Koramangala near the landmark.,42,0,0,Koramangala,high
garbage,Garbage issue in Jayanagar,illegal dumping of waste near lake. This is happening in Jayanagar near the landmark.,1,1,12,Jayanagar,low
garbage,Garbage issue in Whitefield,uncollected waste attracting dogs. This is happening in Whitefield near the landmark.,22,0,13,Whitefield,medium
garbage,Garbage issue in Koramangala,community garbage area needs cleaning. This is happening in Koramangala near the landmark.,40,0,14,Koramangala,high
garbage,Garbage issue in HSR Layout,garbage not collected for many days. This is happening in HSR Layout near the landmark.,16,1,13,HSR Layout,medium
garbage,Garbage issue in HSR Layout,garbage not collected for many days. This is happening in HSR Layout near the landmark.,13,0,19,HSR Layout,medium
garbage,Garbage issue in Koramangala,garbage collection truck not coming. This is happening in Koramangala near the landmark.,34,1,2,Koramangala,high
garbage,Garbage issue in MG Road,community garbage area needs cleaning. This is happening in MG Road near the landmark.,9,1,20,MG Road,medium
garbage,Garbage issue in Whitefield,garbage not collected for many days. This is happening in Whitefield near the landmark.,31,1,19,Whitefield,high
garbage,Garbage issue in Indiranagar,waste scattered on sidewalk. This is happening in Indiranagar near the landmark.,40,0,8,Indiranagar,high
garbage,Garbage issue in Jayanagar,waste scattered on sidewalk. This is happening in Jayanagar near the landmark.,49,0,8,Jayanagar,high
garbage,Garbage issue in Malleshwaram,garbage not collected for many days. This is happening in Malleshwaram near the landmark.,13,1,11,Malleshwaram,medium
garbage,Garbage issue in Whitefield,smell coming from garbage dump. This is happening in Whitefield near the landmark.,32,1,15,Whitefield,high
garbage,Garbage issue in Indiranagar,garbage collection truck not coming. This is happening in Indiranagar near the landmark.,5,0,0,Indiranagar,medium
garbage,Garbage issue in HSR Layout,kachra pileup in corner. This is happening in HSR Layout near the landmark.,11,1,12,HSR Layout,medium
garbage,Garbage issue in Indiranagar,community garbage area needs cleaning. This is happening in Indiranagar near the landmark.,34,0,21,Indiranagar,high
garbage,Garbage issue in Malleshwaram,public bin is full and kachra is spilling. This is happening in Malleshwaram near the landmark.,13,1,19,Malleshwaram,medium
garbage,Garbage issue in Indiranagar,community garbage area needs cleaning. This is happening in Indiranagar near the landmark.,20,0,17,Indiranagar,medium
garbage,Garbage issue in Koramangala,garbage collection truck not coming. This is happening in Koramangala near the landmark.,28,1,2,Koramangala,high
garbage,Garbage issue in MG Road,garbage collection truck not coming. This is happening in MG Road near the landmark.,7,0,6,MG Road,medium
garbage,Garbage issue in HSR Layout,garbage not collected for many days. This is happening in HSR Layout near the landmark.,48,1,22,HSR Layout,high
garbage,Garbage issue in MG Road,waste scattered on sidewalk. This is happening in MG Road near the landmark.,8,1,18,MG Road,medium
garbage,Garbage issue in Whitefield,smell coming from garbage dump. This is happening in Whitefield near the landmark.,2,1,17,Whitefield,low
garbage,Garbage issue in Malleshwaram,smell coming from garbage dump. This is happening in Malleshwaram near the landmark.,12,1,2,Malleshwaram,medium
garbage,Garbage issue in Jayanagar,waste scattered on sidewalk. This is happening in Jayanagar near the landmark.,50,1,2,Jayanagar,high
garbage,Garbage issue in MG Road,illegal dumping of waste near lake. This is happening in MG Road near the landmark.,3,0,13,MG Road,low
garbage,Garbage issue in Malleshwaram,illegal dumping of waste near lake. This is happening in Malleshwaram near the landmark.,40,1,6,Malleshwaram,high
garbage,Garbage issue in HSR Layout,public bin is full and kachra is spilling. This is happening in HSR Layout near the landmark.,47,1,21,HSR Layout,high
garbage,Garbage issue in Indiranagar,public bin is full and kachra is spilling. This is happening in Indiranagar near the landmark.,7,0,8,Indiranagar,medium
garbage,Garbage issue in Koramangala,garbage collection truck not coming. This is happening in Koramangala near the landmark.,37,0,14,Koramangala,high
garbage,Garbage issue in Indiranagar,bin overflow near apartment. This is happening in Indiranagar near the landmark.,3,0,20,Indiranagar,low
garbage,Garbage issue in MG Road,garbage not collected for many days. This is happening in MG Road near the landmark.,34,1,13,MG Road,high
garbage,Garbage issue in MG Road,bin overflow near apartment. This is happening in MG Road near the landmark.,23,1,20,MG Road,medium
garbage,Garbage issue in Malleshwaram,illegal dumping of waste near lake. This is happening in Malleshwaram near the landmark.,7,0,14,Malleshwaram,medium
garbage,Garbage issue in Koramangala,illegal dumping of waste near lake. This is happening in Koramangala near the landmark.,40,0,20,Koramangala,high
garbage,Garbage issue in Malleshwaram,uncollected waste attracting dogs. This is happening in Malleshwaram near the landmark.,27,0,18,Malleshwaram,high
garbage,Garbage issue in Jayanagar,waste scattered on sidewalk. This is happening in Jayanagar near the landmark.,48,0,15,Jayanagar,high
garbage,Garbage issue in Koramangala,kachra pileup in corner. This is happening in Koramangala near the landmark.,5,0,19,Koramangala,medium
garbage,Garbage issue in Koramangala,uncollected waste attracting dogs. This is happening in Koramangala near the landmark.,48,1,4,Koramangala,high
garbage,Garbage issue in Koramangala,smell coming from garbage dump. This is happening in Koramangala near the landmark.,16,0,12,Koramangala,medium
garbage,Garbage issue in HSR Layout,smell coming from garbage dump. This is happening in HSR Layout near the landmark.,31,0,11,HSR Layout,high
garbage,Garbage issue in Malleshwaram,garbage collection truck not coming. This is happening in Malleshwaram near the landmark.,33,1,15,Malleshwaram,high
garbage,Garbage issue in Jayanagar,smell coming from garbage dump. This is happening in Jayanagar near the landmark.,33,1,1,Jayanagar,high
garbage,Garbage issue in Jayanagar,kachra pileup in corner. This is happening in Jayanagar near the landmark.,48,1,8,Jayanagar,high
garbage,Garbage issue in Malleshwaram,public bin is full and kachra is spilling. This is happening in Malleshwaram near the landmark.,5,0,4,Malleshwaram,medium
garbage,Garbage issue in Jayanagar,kachra pileup in corner. This is happening in Jayanagar near the landmark.,9,0,17,Jayanagar,medium
garbage,Garbage issue in Indiranagar,kachra pileup in corner. This is happening in Indiranagar near the landmark.,15,1,5,Indiranagar,medium
garbage,Garbage issue in MG Road,smell coming from garbage dump. This is happening in MG Road near the landmark.,45,1,12,MG Road,high
garbage,Garbage issue in Koramangala,garbage not collected for many days. This is happening in Koramangala near the landmark.,23,0,23,Koramangala,medium
garbage,Garbage issue in Jayanagar,public bin is full and kachra is spilling. This is happening in Jayanagar near the landmark.,16,1,10,Jayanagar,medium
garbage,Garbage issue in Koramangala,kachra pileup in corner. This is happening in Koramangala near the landmark.,45,1,13,Koramangala,high
garbage,Garbage issue in Whitefield,garbage not collected for many days. This is happening in Whitefield near the landmark.,21,0,8,Whitefield,medium
garbage,Garbage issue in HSR Layout,illegal dumping of waste near lake. This is happening in HSR Layout near the landmark.,31,0,20,HSR Layout,high
garbage,Garbage issue in Whitefield,waste scattered on sidewalk. This is happening in Whitefield near the landmark.,21,1,2,Whitefield,medium
garbage,Garbage issue in Koramangala,smell coming from garbage dump. This is happening in Koramangala near the landmark.,1,1,9,Koramangala,low
garbage,Garbage issue in Malleshwaram,waste scattered on sidewalk. This is happening in Malleshwaram near the landmark.,3,1,18,Malleshwaram,low
garbage,Garbage issue in MG Road,garbage collection truck not coming. This is happening in MG Road near the landmark.,4,1,20,MG Road,low
garbage,Garbage issue in MG Road,uncollected waste attracting dogs. This is happening in MG Road near the landmark.,46,1,5,MG Road,high
garbage,Garbage issue in Koramangala,garbage not collected for many days. This is happening in Koramangala near the landmark.,20,0,11,Koramangala,medium
garbage,Garbage issue in Whitefield,garbage not collected for many days. This is happening in Whitefield near the landmark.,21,1,11,Whitefield,medium
garbage,Garbage issue in Koramangala,smell coming from garbage dump. This is happening in Koramangala near the landmark.,6,0,4,Koramangala,medium
garbage,Garbage issue in Jayanagar,illegal dumping of waste near lake. This is happening in Jayanagar near the landmark.,28,1,2,Jayanagar,high
garbage,Garbage issue in Whitefield,illegal dumping of waste near lake. This is happening in Whitefield near the landmark.,21,1,13,Whitefield,medium
garbage,Garbage issue in Jayanagar,uncollected waste attracting dogs. This is happening in Jayanagar near the landmark.,32,0,7,Jayanagar,high
garbage,Garbage issue in Whitefield,bin overflow near apartment. This is happening in Whitefield near the landmark.,12,0,23,Whitefield,medium
garbage,Garbage issue in Jayanagar,waste scattered on sidewalk. This is happening in Jayanagar near the landmark.,16,0,19,Jayanagar,medium
garbage,Garbage issue in Koramangala,public bin is full and kachra is spilling. This is happening in Koramangala near the landmark.,10,1,12,Koramangala,medium
garbage,Garbage issue in Indiranagar,bin overflow near apartment. This is happening in Indiranagar near the landmark.,32,1,13,Indiranagar,high
garbage,Garbage issue in HSR Layout,community garbage area needs cleaning. This is happening in HSR Layout near the landmark.,49,1,13,HSR Layout,high
garbage,Garbage issue in HSR Layout,garbage collection truck not coming. This is happening in HSR Layout near the landmark.,30,1,19,HSR Layout,high
garbage,Garbage issue in Koramangala,waste scattered on sidewalk. This is happening in Koramangala near the landmark.,43,1,19,Koramangala,high
garbage,Garbage issue in Jayanagar,waste scattered on sidewalk. This is happening in Jayanagar near the landmark.,13,0,4,Jayanagar,medium
garbage,Garbage issue in HSR Layout,bin overflow near apartment. This is happening in HSR Layout near the landmark.,8,1,1,HSR Layout,medium
garbage,Garbage issue in MG Road,uncollected waste attracting dogs. This is happening in MG Road near the landmark.,40,1,18,MG Road,high
garbage,Garbage issue in Jayanagar,garbage collection truck not coming. This is happening in Jayanagar near the landmark.,30,1,3,Jayanagar,high
garbage,Garbage issue in Indiranagar,community garbage area needs cleaning. This is happening in Indiranagar near the landmark.,4,1,12,Indiranagar,low
garbage,Garbage issue in Malleshwaram,smell coming from garbage dump. This is happening in Malleshwaram near the landmark.,38,0,17,Malleshwaram,high
garbage,Garbage issue in Jayanagar,kachra pileup in corner. This is happening in Jayanagar near the landmark.,11,1,7,Jayanagar,medium
garbage,Garbage issue in Jayanagar,illegal dumping of waste near lake. This is happening in Jayanagar near the landmark.,9,0,14,Jayanagar,medium
garbage,Garbage issue in MG Road,kachra pileup in corner. This is happening in MG Road near the landmark.,42,0,21,MG Road,high
garbage,Garbage issue in Whitefield,bin overflow near apartment. This is happening in Whitefield near the landmark.,32,0,12,Whitefield,high
garbage,Garbage issue in HSR Layout,garbage not collected for many days. This is happening in HSR Layout near the landmark.,7,0,17,HSR Layout,medium
garbage,Garbage issue in Indiranagar,public bin is full and kachra is spilling. This is happening in Indiranagar near the landmark.,16,1,12,Indiranagar,medium
garbage,Garbage issue in Indiranagar,waste scattered on sidewalk. This is happening in Indiranagar near the landmark.,38,0,16,Indiranagar,high
garbage,Garbage issue in Whitefield,community garbage area needs cleaning. This is happening in Whitefield near the landmark.,11,1,14,Whitefield,medium
garbage,Garbage issue in Jayanagar,waste scattered on sidewalk. This is happening in Jayanagar near the landmark.,41,1,16,Jayanagar,high
garbage,Garbage issue in Jayanagar,garbage not collected for many days. This is happening in Jayanagar near the landmark.,22,1,21,Jayanagar,medium
garbage,Garbage issue in Whitefield,illegal dumping of waste near lake. This is happening in Whitefield near the landmark.,43,1,19,Whitefield,high
garbage,Garbage issue in Malleshwaram,kachra pileup in corner. This is happening in Malleshwaram near the landmark.,35,1,0,Malleshwaram,high
garbage,Garbage issue in Koramangala,kachra pileup in corner. This is happening in Koramangala near the landmark.,17,0,14,Koramangala,medium
garbage,Garbage issue in Koramangala,bin overflow near apartment. This is happening in Koramangala near the landmark.,8,1,20,Koramangala,medium
garbage,Garbage issue in MG Road,waste scattered on sidewalk. This is happening in MG Road near the landmark.,50,0,9,MG Road,high
garbage,Garbage issue in Whitefield,garbage collection truck not coming. This is happening in Whitefield near the landmark.,31,0,21,Whitefield,high
garbage,Garbage issue in Koramangala,garbage not collected for many days. This is happening in Koramangala near the landmark.,6,1,4,Koramangala,medium
garbage,Garbage issue in Malleshwaram,bin overflow near apartment. This is happening in Malleshwaram near the landmark.,35,1,5,Malleshwaram,high
garbage,Garbage issue in Indiranagar,garbage collection truck not coming. This is happening in Indiranagar near the landmark.,31,1,8,Indiranagar,high
garbage,Garbage issue in Indiranagar,waste scattered on sidewalk. This is happening in Indiranagar near the landmark.,27,0,22,Indiranagar,high
garbage,Garbage issue in Indiranagar,smell coming from garbage dump. This is happening in Indiranagar near the landmark.,24,0,19,Indiranagar,medium
garbage,Garbage issue in Indiranagar,waste scattered on sidewalk. This is happening in Indiranagar near the landmark.,2,1,20,Indiranagar,low
garbage,Garbage issue in Whitefield,bin overflow near apartment. This is happening in Whitefield near the landmark.,8,0,16,Whitefield,medium
garbage,Garbage issue in Whitefield,garbage collection truck not coming. This is happening in Whitefield near the landmark.,17,1,9,Whitefield,medium
garbage,Garbage issue in Indiranagar,illegal dumping of waste near lake. This is happening in Indiranagar near the landmark.,3,0,8,Indiranagar,low
garbage,Garbage issue in Malleshwaram,community garbage area needs cleaning. This is happening in Malleshwaram near the landmark.,14,0,16,Malleshwaram,medium
garbage,Garbage issue in Koramangala,public bin is full and kachra is spilling. This is happening in Koramangala near the landmark.,37,1,6,Koramangala,high
garbage,Garbage issue in MG Road,smell coming from garbage dump. This is happening in MG Road near the landmark.,35,0,8,MG Road,high
garbage,Garbage issue in MG Road,uncollected waste attracting dogs. This is happening in MG Road near the landmark.,6,0,16,MG Road,medium
garbage,Garbage issue in Jayanagar,illegal dumping of waste near lake. This is happening in Jayanagar near the landmark.,30,1,3,Jayanagar,high
garbage,Garbage issue in Malleshwaram,bin overflow near apartment. This is happening in Malleshwaram near the landmark.,32,0,21,Malleshwaram,high
garbage,Garbage issue in HSR Layout,community garbage area needs cleaning. This is happening in HSR Layout near the landmark.,2,1,23,HSR Layout,low
garbage,Garbage issue in Koramangala,garbage collection truck not coming. This is happening in Koramangala near the landmark.,40,0,0,Koramangala,high
garbage,Garbage issue in Malleshwaram,waste scattered on sidewalk. This is happening in Malleshwaram near the landmark.,44,0,6,Malleshwaram,high
garbage,Garbage issue in Malleshwaram,uncollected waste attracting dogs. This is happening in Malleshwaram near the landmark.,30,1,2,Malleshwaram,high
garbage,Garbage issue in Whitefield,waste scattered on sidewalk. This is happening in Whitefield near the landmark.,10,1,20,Whitefield,medium
garbage,Garbage issue in Malleshwaram,smell coming from garbage dump. This is happening in Malleshwaram near the landmark.,40,0,4,Malleshwaram,high
garbage,Garbage issue in Jayanagar,waste scattered on sidewalk. This is happening in Jayanagar near the landmark.,47,0,12,Jayanagar,high
garbage,Garbage issue in Jayanagar,illegal dumping of waste near lake. This is happening in Jayanagar near the landmark.,27,1,5,Jayanagar,high
garbage,Garbage issue in MG Road,smell coming from garbage dump. This is happening in MG Road near the landmark.,45,0,1,MG Road,high
garbage,Garbage issue in Malleshwaram,illegal dumping of waste near lake. This is happening in Malleshwaram near the landmark.,46,0,20,Malleshwaram,high
garbage,Garbage issue in Jayanagar,garbage not collected for many days. This is happening in Jayanagar near the landmark.,47,1,21,Jayanagar,high
garbage,Garbage issue in HSR Layout,garbage not collected for many days. This is happening in HSR Layout near the landmark.,26,1,0,HSR Layout,high
garbage,Garbage issue in Malleshwaram,illegal dumping of waste near lake. This is happening in Malleshwaram near the landmark.,32,1,9,Malleshwaram,high
garbage,Garbage issue in Whitefield,uncollected waste attracting dogs. This is happening in Whitefield near the landmark.,15,1,16,Whitefield,medium
garbage,Garbage issue in Indiranagar,garbage collection truck not coming. This is happening in Indiranagar near the landmark.,44,0,5,Indiranagar,high
garbage,Garbage issue in Jayanagar,public bin is full and kachra is spilling. This is happening in Jayanagar near the landmark.,18,1,21,Jayanagar,medium
garbage,Garbage issue in HSR Layout,community garbage area needs cleaning. This is happening in HSR Layout near the landmark.,41,0,0,HSR Layout,high
garbage,Garbage issue in Malleshwaram,garbage collection truck not coming. This is happening in Malleshwaram near the landmark.,19,1,23,Malleshwaram,medium
garbage,Garbage issue in Indiranagar,garbage not collected for many days. This is happening in Indiranagar near the landmark.,17,1,7,Indiranagar,medium
garbage,Garbage issue in Indiranagar,illegal dumping of waste near lake. This is happening in Indiranagar near the landmark.,39,1,22,Indiranagar,high
garbage,Garbage issue in HSR Layout,waste scattered on sidewalk. This is happening in HSR Layout near the landmark.,11,1,18,HSR Layout,medium
garbage,Garbage issue in Koramangala,waste scattered on sidewalk. This is happening in Koramangala near the landmark.,32,0,1,Koramangala,high
garbage,Garbage issue in Indiranagar,community garbage area needs cleaning. This is happening in Indiranagar near the landmark.,31,1,1,Indiranagar,high
garbage,Garbage issue in Jayanagar,community garbage area needs cleaning. This is happening in Jayanagar near the landmark.,11,1,10,Jayanagar,medium
garbage,Garbage issue in Jayanagar,kachra pileup in corner. This is happening in Jayanagar near the landmark.,10,1,12,Jayanagar,medium
garbage,Garbage issue in HSR Layout,illegal dumping of waste near lake. This is happening in HSR Layout near the landmark.,35,0,14,HSR Layout,high
garbage,Garbage issue in Koramangala,garbage not collected for many days. This is happening in Koramangala near the landmark.,2,0,18,Koramangala,low
garbage,Garbage issue in Malleshwaram,bin overflow near apartment. This is happening in Malleshwaram near the landmark.,7,1,23,Malleshwaram,medium
garbage,Garbage issue in Jayanagar,kachra pileup in corner. This is happening in Jayanagar near the landmark.,18,0,0,Jayanagar,medium
garbage,Garbage issue in Indiranagar,waste scattered on sidewalk. This is happening in Indiranagar near the landmark.,39,1,0,Indiranagar,high
garbage,Garbage issue in Malleshwaram,uncollected waste attracting dogs. This is happening in Malleshwaram near the landmark.,44,1,3,Malleshwaram,high
garbage,Garbage issue in Indiranagar,waste scattered on sidewalk. This is happening in Indiranagar near the landmark.,26,1,10,Indiranagar,high
garbage,Garbage issue in HSR Layout,smell coming from garbage dump. This is happening in HSR Layout near the landmark.,27,1,21,HSR Layout,high
garbage,Garbage issue in Indiranagar,waste scattered on sidewalk. This is happening in Indiranagar near the landmark.,4,1,13,Indiranagar,low
garbage,Garbage issue in HSR Layout,bin overflow near apartment. This is happening in HSR Layout near the landmark.,23,1,10,HSR Layout,medium
garbage,Garbage issue in MG Road,bin overflow near apartment. This is happening in MG Road near the landmark.,45,1,17,MG Road,high
garbage,Garbage issue in Indiranagar,garbage collection truck not coming. This is happening in Indiranagar near the landmark.,41,0,22,Indiranagar,high
garbage,Garbage issue in Malleshwaram,smell coming from garbage dump. This is happening in Malleshwaram near the landmark.,16,0,19,Malleshwaram,medium
garbage,Garbage issue in HSR Layout,bin overflow near apartment. This is happening in HSR Layout near the landmark.,49,1,19,HSR Layout,high
garbage,Garbage issue in HSR Layout,uncollected waste attracting dogs. This is happening in HSR Layout near the landmark.,33,1,9,HSR Layout,high
garbage,Garbage issue in HSR Layout,kachra pileup in corner. This is happening in HSR Layout near the landmark.,8,1,14,HSR Layout,medium
garbage,Garbage issue in Indiranagar,community garbage area needs cleaning. This is happening in Indiranagar near the landmark.,12,1,0,Indiranagar,medium
garbage,Garbage issue in Indiranagar,waste scattered on sidewalk. This is happening in Indiranagar near the landmark.,11,1,21,Indiranagar,medium
garbage,Garbage issue in Malleshwaram,kachra pileup in corner. This is happening in Malleshwaram near the landmark.,49,1,10,Malleshwaram,high
garbage,Garbage issue in Koramangala,uncollected waste attracting dogs. This is happening in Koramangala near the landmark.,5,0,23,Koramangala,medium
garbage,Garbage issue in HSR Layout,garbage collection truck not coming. This is happening in HSR Layout near the landmark.,22,1,14,HSR Layout,medium
garbage,Garbage issue in Whitefield,illegal dumping of waste near lake. This is happening in Whitefield near the landmark.,50,1,16,Whitefield,high
garbage,Garbage issue in HSR Layout,bin overflow near apartment. This is happening in HSR Layout near the landmark.,27,1,11,HSR Layout,high
garbage,Garbage issue in Malleshwaram,smell coming from garbage dump. This is happening in Malleshwaram near the landmark.,23,0,14,Malleshwaram,medium
garbage,Garbage issue in Indiranagar,community garbage area needs cleaning. This is happening in Indiranagar near the landmark.,11,0,4,Indiranagar,medium
garbage,Garbage issue in Malleshwaram,uncollected waste attracting dogs. This is happening in Malleshwaram near the landmark.,50,1,10,Malleshwaram,high
garbage,Garbage issue in MG Road,smell coming from garbage dump. This is happening in MG Road near the landmark.,28,0,18,MG Road,high
garbage,Garbage issue in Jayanagar,kachra pileup in corner. This is happening in Jayanagar near the landmark.,28,1,15,Jayanagar,high
garbage,Garbage issue in Malleshwaram,smell coming from garbage dump. This is happening in Malleshwaram near the landmark.,2,1,3,Malleshwaram,low
garbage,Garbage issue in MG Road,public bin is full and kachra is spilling. This is happening in MG Road near the landmark.,36,0,17,MG Road,high
garbage,Garbage issue in Indiranagar,illegal dumping of waste near lake. This is happening in Indiranagar near the landmark.,43,1,17,Indiranagar,high
garbage,Garbage issue in HSR Layout,bin overflow near apartment. This is happening in HSR Layout near the landmark.,38,1,15,HSR Layout,high
garbage,Garbage issue in MG Road,kachra pileup in corner. This is happening in MG Road near the landmark.,18,0,12,MG Road,medium
garbage,Garbage issue in Koramangala,garbage not collected for many days. This is happening in Koramangala near the landmark.,13,1,6,Koramangala,medium
garbage,Garbage issue in HSR Layout,illegal dumping of waste near lake. This is happening in HSR Layout near the landmark.,32,0,17,HSR Layout,high
garbage,Garbage issue in Koramangala,public bin is full and kachra is spilling. This is happening in Koramangala near the landmark.,26,1,12,Koramangala,high
garbage,Garbage issue in Whitefield,community garbage area needs cleaning. This is happening in Whitefield near the landmark.,17,1,2,Whitefield,medium
garbage,Garbage issue in HSR Layout,community garbage area needs cleaning. This is happening in HSR Layout near the landmark.,9,1,13,HSR Layout,medium
garbage,Garbage issue in Indiranagar,garbage not collected for many days. This is happening in Indiranagar near the landmark.,6,1,12,Indiranagar,medium
garbage,Garbage issue in Indiranagar,kachra pileup in corner. This is happening in Indiranagar near the landmark.,45,0,17,Indiranagar,high
garbage,Garbage issue in MG Road,bin overflow near apartment. This is happening in MG Road near the landmark.,7,0,1,MG Road,medium
garbage,Garbage issue in Jayanagar,illegal dumping of waste near lake. This is happening in Jayanagar near the landmark.,30,1,5,Jayanagar,high
garbage,Garbage issue in Koramangala,uncollected waste attracting dogs. This is happening in Koramangala near the landmark.,31,0,7,Koramangala,high
garbage,Garbage issue in HSR Layout,smell coming from garbage dump. This is happening in HSR Layout near the landmark.,30,1,8,HSR Layout,high
garbage,Garbage issue in Jayanagar,kachra pileup in corner. This is happening in Jayanagar near the landmark.,17,1,10,Jayanagar,medium
garbage,Garbage issue in Malleshwaram,waste scattered on sidewalk. This is happening in Malleshwaram near the landmark.,37,1,7,Malleshwaram,high
garbage,Garbage issue in Malleshwaram,garbage collection truck not coming. This is happening in Malleshwaram near the landmark.,33,0,18,Malleshwaram,high
garbage,Garbage issue in HSR Layout,smell coming from garbage dump. This is happening in HSR Layout near the landmark.,48,1,22,HSR Layout,high
garbage,Garbage issue in Whitefield,illegal dumping of waste near lake. This is happening in Whitefield near the landmark.,46,0,18,Whitefield,high
garbage,Garbage issue in Jayanagar,uncollected waste attracting dogs. This is happening in Jayanagar near the landmark.,35,0,20,Jayanagar,high
garbage,Garbage issue in Whitefield,waste scattered on sidewalk. This is happening in Whitefield near the landmark.,11,1,3,Whitefield,medium
garbage,Garbage issue in Malleshwaram,community garbage area needs cleaning. This is happening in Malleshwaram near the landmark.,10,1,17,Malleshwaram,medium
garbage,Garbage issue in MG Road,kachra pileup in corner. This is happening in MG Road near the landmark.,48,0,20,MG Road,high
garbage,Garbage issue in Koramangala,waste scattered on sidewalk. This is happening in Koramangala near the landmark.,0,0,9,Koramangala,low
garbage,Garbage issue in Koramangala,uncollected waste attracting dogs. This is happening in Koramangala near the landmark.,25,0,1,Koramangala,medium
garbage,Garbage issue in Koramangala,community garbage area needs cleaning. This is happening in Koramangala near the landmark.,29,1,6,Koramangala,high
garbage,Garbage issue in Whitefield,garbage collection truck not coming. This is happening in Whitefield near the landmark.,10,1,1,Whitefield,medium
garbage,Garbage issue in Whitefield,garbage not collected for many days. This is happening in Whitefield near the landmark.,9,0,8,Whitefield,medium
garbage,Garbage issue in HSR Layout,smell coming from garbage dump. This is happening in HSR Layout near the landmark.,11,0,14,HSR Layout,medium
garbage,Garbage issue in MG Road,waste scattered on sidewalk. This is happening in MG Road near the landmark.,18,0,0,MG Road,medium
garbage,Garbage issue in MG Road,waste scattered on sidewalk. This is happening in MG Road near the landmark.,43,1,7,MG Road,high
garbage,Garbage issue in Whitefield,illegal dumping of waste near lake. This is happening in Whitefield near the landmark.,38,0,7,Whitefield,high
garbage,Garbage issue in Whitefield,bin overflow near apartment. This is happening in Whitefield near the landmark.,0,0,19,Whitefield,low
garbage,Garbage issue in Jayanagar,community garbage area needs cleaning. This is happening in Jayanagar near the landmark.,32,0,6,Jayanagar,high
garbage,Garbage issue in Malleshwaram,garbage collection truck not coming. This is happening in Malleshwaram near the landmark.,10,0,9,Malleshwaram,medium
garbage,Garbage issue in HSR Layout,public bin is full and kachra is spilling. This is happening in HSR Layout near the landmark.,8,1,15,HSR Layout,medium
garbage,Garbage issue in Koramangala,garbage collection truck not coming. This is happening in Koramangala near the landmark.,8,1,22,Koramangala,medium
garbage,Garbage issue in HSR Layout,smell coming from garbage dump. This is happening in HSR Layout near the landmark.,25,1,0,HSR Layout,medium
garbage,Garbage issue in Koramangala,bin overflow near apartment. This is happening in Koramangala near the landmark.,13,0,0,Koramangala,medium
garbage,Garbage issue in Indiranagar,waste scattered on sidewalk. This is happening in Indiranagar near the landmark.,12,0,7,Indiranagar,medium
garbage,Garbage issue in Whitefield,smell coming from garbage dump. This is happening in Whitefield near the landmark.,41,0,3,Whitefield,high
garbage,Garbage issue in Malleshwaram,garbage collection truck not coming. This is happening in Malleshwaram near the landmark.,27,1,0,Malleshwaram,high
water_leakage,Water_leakage issue in HSR Layout,water wasting from broken pipe near park. This is happening in HSR Layout near the landmark.,43,1,20,HSR Layout,high
water_leakage,Water_leakage issue in Jayanagar,pani leakage near metro pillar. This is happening in Jayanagar near the landmark.,27,1,18,Jayanagar,high
water_leakage,Water_leakage issue in Indiranagar,BWSSB pipe burst in my area. This is happening in Indiranagar near the landmark.,28,1,10,Indiranagar,high
water_leakage,Water_leakage issue in Koramangala,drinking water overflowing on road. This is happening in Koramangala near the landmark.,4,1,20,Koramangala,low
water_leakage,Water_leakage issue in Koramangala,pipeline burst on street. This is happening in Koramangala near the landmark.,33,1,10,Koramangala,high
water_leakage,Water_leakage issue in Malleshwaram,pani leaking from main pipe. This is happening in Malleshwaram near the landmark.,7,1,19,Malleshwaram,medium
water_leakage,Water_leakage issue in Whitefield,water coming out from road surface. This is happening in Whitefield near the landmark.,3,0,12,Whitefield,low
water_leakage,Water_leakage issue in MG Road,pani leakage near metro pillar. This is happening in MG Road near the landmark.,37,1,7,MG Road,high
water_leakage,Water_leakage issue in Jayanagar,large amount of water being wasted due to pipe crack. This is happening in Jayanagar near the landmark.,7,0,1,Jayanagar,medium
water_leakage,Water_leakage issue in Malleshwaram,water coming out from road surface. This is happening in Malleshwaram near the landmark.,40,0,11,Malleshwaram,high
water_leakage,Water_leakage issue in MG Road,pani leaking from main pipe. This is happening in MG Road near the landmark.,42,1,23,MG Road,high
water_leakage,Water_leakage issue in Malleshwaram,pani leaking from main pipe. This is happening in Malleshwaram near the landmark.,5,0,0,Malleshwaram,medium
water_leakage,Water_leakage issue in Koramangala,BWSSB pipe burst in my area. This is happening in Koramangala near the landmark.,37,0,22,Koramangala,high
water_leakage,Water_leakage issue in Indiranagar,pani leakage near metro pillar. This is happening in Indiranagar near the landmark.,7,0,17,Indiranagar,medium
water_leakage,Water_leakage issue in Jayanagar,water supply pipe broken. This is happening in Jayanagar near the landmark.,21,0,13,Jayanagar,high
water_leakage,Water_leakage issue in MG Road,water coming out from road surface. This is happening in MG Road near the landmark.,32,1,20,MG Road,high
water_leakage,Water_leakage issue in Malleshwaram,BWSSB pipe burst in my area. This is happening in Malleshwaram near the landmark.,41,1,1,Malleshwaram,high
water_leakage,Water_leakage issue in HSR Layout,leakage in underground water line. This is happening in HSR Layout near the landmark.,20,1,14,HSR Layout,high
water_leakage,Water_leakage issue in Koramangala,pipeline burst on street. This is happening in Koramangala near the landmark.,21,1,19,Koramangala,high
water_leakage,Water_leakage issue in Malleshwaram,water wasting from broken pipe near park. This is happening in Malleshwaram near the landmark.,37,0,9,Malleshwaram,high
water_leakage,Water_leakage issue in Jayanagar,pani leaking from main pipe. This is happening in Jayanagar near the landmark.,23,0,17,Jayanagar,high
water_leakage,Water_leakage issue in Indiranagar,water coming out from road surface. This is happening in Indiranagar near the landmark.,8,0,2,Indiranagar,medium
water_leakage,Water_leakage issue in Koramangala,pani leakage near metro pillar. This is happening in Koramangala near the landmark.,0,0,7,Koramangala,low
water_leakage,Water_leakage issue in MG Road,large amount of water being wasted due to pipe crack. This is happening in MG Road near the landmark.,17,0,4,MG Road,high
water_leakage,Water_leakage issue in Koramangala,water coming out from road surface. This is happening in Koramangala near the landmark.,42,1,17,Koramangala,high
water_leakage,Water_leakage issue in Indiranagar,leakage in underground water line. This is happening in Indiranagar near the landmark.,26,0,9,Indiranagar,high
water_leakage,Water_leakage issue in Jayanagar,water wasting from broken pipe near park. This is happening in Jayanagar near the landmark.,29,1,17,Jayanagar,high
water_leakage,Water_leakage issue in MG Road,pani leakage near metro pillar. This is happening in MG Road near the landmark.,9,1,13,MG Road,medium
water_leakage,Water_leakage issue in Whitefield,BWSSB pipe burst in my area. This is happening in Whitefield near the landmark.,11,0,10,Whitefield,high
water_leakage,Water_leakage issue in Jayanagar,pani leaking from main pipe. This is happening in Jayanagar near the landmark.,12,0,9,Jayanagar,high
water_leakage,Water_leakage issue in MG Road,BWSSB pipe burst in my area. This is happening in MG Road near the landmark.,17,0,18,MG Road,high
water_leakage,Water_leakage issue in Malleshwaram,pani leakage near metro pillar. This is happening in Malleshwaram near the landmark.,5,0,1,Malleshwaram,medium
water_leakage,Water_leakage issue in HSR Layout,leakage in underground water line. This is happening in HSR Layout near the landmark.,3,0,21,HSR Layout,low
water_leakage,Water_leakage issue in Jayanagar,BWSSB pipe burst in my area. This is happening in Jayanagar near the landmark.,50,0,20,Jayanagar,high
water_leakage,Water_leakage issue in Jayanagar,pipeline burst on street. This is happening in Jayanagar near the landmark.,39,0,22,Jayanagar,high
water_leakage,Water_leakage issue in Malleshwaram,pipeline burst on street. This is happening in Malleshwaram near the landmark.,27,1,1,Malleshwaram,high
water_leakage,Water_leakage issue in Koramangala,drinking water overflowing on road. This is happening in Koramangala near the landmark.,18,0,18,Koramangala,high
water_leakage,Water_leakage issue in Indiranagar,BWSSB pipe burst in my area. This is happening in Indiranagar near the landmark.,30,1,3,Indiranagar,high
water_leakage,Water_leakage issue in HSR Layout,BWSSB pipe burst in my area. This is happening in HSR Layout near the landmark.,25,1,17,HSR Layout,high
water_leakage,Water_leakage issue in Indiranagar,pipeline burst on street. This is happening in Indiranagar near the landmark.,29,1,3,Indiranagar,high
water_leakage,Water_leakage issue in Indiranagar,leakage in underground water line. This is happening in Indiranagar near the landmark.,42,1,19,Indiranagar,high
water_leakage,Water_leakage issue in Malleshwaram,water coming out from road surface. This is happening in Malleshwaram near the landmark.,41,1,22,Malleshwaram,high
water_leakage,Water_leakage issue in Malleshwaram,drinking water overflowing on road. This is happening in Malleshwaram near the landmark.,44,1,15,Malleshwaram,high
water_leakage,Water_leakage issue in Malleshwaram,pipeline burst on street. This is happening in Malleshwaram near the landmark.,8,1,12,Malleshwaram,medium
water_leakage,Water_leakage issue in Koramangala,leakage in underground water line. This is happening in Koramangala near the landmark.,32,0,2,Koramangala,high
water_leakage,Water_leakage issue in Koramangala,water wasting from broken pipe near park. This is happening in Koramangala near the landmark.,15,1,8,Koramangala,high
water_leakage,Water_leakage issue in Indiranagar,pani leaking from main pipe. This is happening in Indiranagar near the landmark.,26,0,11,Indiranagar,high
water_leakage,Water_leakage issue in Malleshwaram,water supply pipe broken. This is happening in Malleshwaram near the landmark.,20,0,12,Malleshwaram,high
water_leakage,Water_leakage issue in MG Road,pani leakage near metro pillar. This is happening in MG Road near the landmark.,25,1,23,MG Road,high
water_leakage,Water_leakage issue in HSR Layout,large amount of water being wasted due to pipe crack. This is happening in HSR Layout near the landmark.,25,0,23,HSR Layout,high
water_leakage,Water_leakage issue in Malleshwaram,BWSSB pipe burst in my area. This is happening in Malleshwaram near the landmark.,9,0,0,Malleshwaram,medium
water_leakage,Water_leakage issue in Indiranagar,pani leakage near metro pillar. This is happening in Indiranagar near the landmark.,14,1,12,Indiranagar,high
water_leakage,Water_leakage issue in Whitefield,pipeline burst on street. This is happening in Whitefield near the landmark.,0,0,4,Whitefield,low
water_leakage,Water_leakage issue in Koramangala,large amount of water being wasted due to pipe crack. This is happening in Koramangala near the landmark.,10,0,18,Koramangala,medium
water_leakage,Water_leakage issue in Koramangala,water coming out from road surface. This is happening in Koramangala near the landmark.,19,0,1,Koramangala,high
water_leakage,Water_leakage issue in HSR Layout,water supply pipe broken. This is happening in HSR Layout near the landmark.,46,1,14,HSR Layout,high
water_leakage,Water_leakage issue in Indiranagar,pipeline burst on street. This is happening in Indiranagar near the landmark.,46,0,17,Indiranagar,high
water_leakage,Water_leakage issue in Whitefield,water coming out from road surface. This is happening in Whitefield near the landmark.,31,1,1,Whitefield,high
water_leakage,Water_leakage issue in MG Road,water coming out from road surface. This is happening in MG Road near the landmark.,13,0,11,MG Road,high
water_leakage,Water_leakage issue in HSR Layout,water wasting from broken pipe near park. This is happening in HSR Layout near the landmark.,30,0,8,HSR Layout,high
water_leakage,Water_leakage issue in Whitefield,water supply pipe broken. This is happening in Whitefield near the landmark.,30,1,16,Whitefield,high
water_leakage,Water_leakage issue in HSR Layout,water coming out from road surface. This is happening in HSR Layout near the landmark.,1,0,0,HSR Layout,low
water_leakage,Water_leakage issue in Koramangala,water wasting from broken pipe near park. This is happening in Koramangala near the landmark.,2,1,16,Koramangala,low
water_leakage,Water_leakage issue in Whitefield,large amount of water being wasted due to pipe crack. This is happening in Whitefield near the landmark.,9,0,19,Whitefield,medium
water_leakage,Water_leakage issue in MG Road,pani leaking from main pipe. This is happening in MG Road near the landmark.,20,0,22,MG Road,high
water_leakage,Water_leakage issue in Jayanagar,BWSSB pipe burst in my area. This is happening in Jayanagar near the landmark.,0,0,14,Jayanagar,low
water_leakage,Water_leakage issue in Whitefield,drinking water overflowing on road. This is happening in Whitefield near the landmark.,4,0,18,Whitefield,low
water_leakage,Water_leakage issue in Indiranagar,leakage in underground water line. This is happening in Indiranagar near the landmark.,28,0,2,Indiranagar,high
water_leakage,Water_leakage issue in Malleshwaram,water supply pipe broken. This is happening in Malleshwaram near the landmark.,14,0,7,Malleshwaram,high
water_leakage,Water_leakage issue in Jayanagar,BWSSB pipe burst in my area. This is happening in Jayanagar near the landmark.,46,1,6,Jayanagar,high
water_leakage,Water_leakage issue in HSR Layout,drinking water overflowing on road. This is happening in HSR Layout near the landmark.,36,1,8,HSR Layout,high
water_leakage,Water_leakage issue in Malleshwaram,pipeline burst on street. This is happening in Malleshwaram near the landmark.,26,0,13,Malleshwaram,high
water_leakage,Water_leakage issue in Koramangala,water supply pipe broken. This is happening in Koramangala near the landmark.,45,1,6,Koramangala,high
water_leakage,Water_leakage issue in Whitefield,water coming out from road surface. This is happening in Whitefield near the landmark.,14,0,22,Whitefield,high
water_leakage,Water_leakage issue in Indiranagar,pani leakage near metro pillar. This is happening in Indiranagar near the landmark.,32,0,1,Indiranagar,high
water_leakage,Water_leakage issue in Jayanagar,pani leakage near metro pillar. This is happening in Jayanagar near the landmark.,18,0,9,Jayanagar,high
water_leakage,Water_leakage issue in Jayanagar,large amount of water being wasted due to pipe crack. This is happening in Jayanagar near the landmark.,48,1,3,Jayanagar,high
water_leakage,Water_leakage issue in Koramangala,leakage in underground water line. This is happening in Koramangala near the landmark.,32,1,18,Koramangala,high
water_leakage,Water_leakage issue in Whitefield,water wasting from broken pipe near park. This is happening in Whitefield near the landmark.,28,0,19,Whitefield,high
water_leakage,Water_leakage issue in Malleshwaram,drinking water overflowing on road. This is happening in Malleshwaram near the landmark.,46,1,3,Malleshwaram,high
water_leakage,Water_leakage issue in Indiranagar,water wasting from broken pipe near park. This is happening in Indiranagar near the landmark.,48,0,0,Indiranagar,high
water_leakage,Water_leakage issue in Jayanagar,water coming out from road surface. This is happening in Jayanagar near the landmark.,48,1,23,Jayanagar,high
water_leakage,Water_leakage issue in Koramangala,BWSSB pipe burst in my area. This is happening in Koramangala near the landmark.,9,1,4,Koramangala,medium
water_leakage,Water_leakage issue in HSR Layout,leakage in underground water line. This is happening in HSR Layout near the landmark.,6,1,19,HSR Layout,medium
water_leakage,Water_leakage issue in MG Road,large amount of water being wasted due to pipe crack. This is happening in MG Road near the landmark.,12,0,22,MG Road,high
water_leakage,Water_leakage issue in Whitefield,BWSSB pipe burst in my area. This is happening in Whitefield near the landmark.,47,0,3,Whitefield,high
water_leakage,Water_leakage issue in Koramangala,water coming out from road surface. This is happening in Koramangala near the landmark.,21,0,15,Koramangala,high
water_leakage,Water_leakage issue in Jayanagar,large amount of water being wasted due to pipe crack. This is happening in Jayanagar near the landmark.,18,1,12,Jayanagar,high
water_leakage,Water_leakage issue in Malleshwaram,BWSSB pipe burst in my area. This is happening in Malleshwaram near the landmark.,18,1,2,Malleshwaram,high
water_leakage,Water_leakage issue in Jayanagar,pani leaking from main pipe. This is happening in Jayanagar near the landmark.,18,1,10,Jayanagar,high
water_leakage,Water_leakage issue in Jayanagar,pipeline burst on street. This is happening in Jayanagar near the landmark.,19,1,17,Jayanagar,high
water_leakage,Water_leakage issue in MG Road,water supply pipe broken. This is happening in MG Road near the landmark.,1,0,13,MG Road,low
water_leakage,Water_leakage issue in Whitefield,pani leaking from main pipe. This is happening in Whitefield near the landmark.,46,0,18,Whitefield,high
water_leakage,Water_leakage issue in HSR Layout,water wasting from broken pipe near park. This is happening in HSR Layout near the landmark.,20,1,7,HSR Layout,high
water_leakage,Water_leakage issue in Jayanagar,water coming out from road surface. This is happening in Jayanagar near the landmark.,21,1,6,Jayanagar,high
water_leakage,Water_leakage issue in Malleshwaram,pani leakage near metro pillar. This is happening in Malleshwaram near the landmark.,41,1,14,Malleshwaram,high
water_leakage,Water_leakage issue in Koramangala,water coming out from road surface. This is happening in Koramangala near the landmark.,2,0,5,Koramangala,low
water_leakage,Water_leakage issue in Indiranagar,pani leaking from main pipe. This is happening in Indiranagar near the landmark.,45,1,17,Indiranagar,high
water_leakage,Water_leakage issue in Indiranagar,pani leaking from main pipe. This is happening in Indiranagar near the landmark.,2,0,22,Indiranagar,low
water_leakage,Water_leakage issue in Jayanagar,leakage in underground water line. This is happening in Jayanagar near the landmark.,19,1,15,Jayanagar,high
water_leakage,Water_leakage issue in HSR Layout,BWSSB pipe burst in my area. This is happening in HSR Layout near the landmark.,32,0,0,HSR Layout,high
water_leakage,Water_leakage issue in Jayanagar,leakage in underground water line. This is happening in Jayanagar near the landmark.,9,1,8,Jayanagar,medium
water_leakage,Water_leakage issue in Whitefield,large amount of water being wasted due to pipe crack. This is happening in Whitefield near the landmark.,2,1,22,Whitefield,low
water_leakage,Water_leakage issue in Malleshwaram,pani leaking from main pipe. This is happening in Malleshwaram near the landmark.,26,0,18,Malleshwaram,high
water_leakage,Water_leakage issue in Koramangala,leakage in underground water line. This is happening in Koramangala near the landmark.,20,1,16,Koramangala,high
water_leakage,Water_leakage issue in Indiranagar,large amount of water being wasted due to pipe crack. This is happening in Indiranagar near the landmark.,20,0,10,Indiranagar,high
water_leakage,Water_leakage issue in Koramangala,pani leakage near metro pillar. This is happening in Koramangala near the landmark.,2,1,6,Koramangala,low
water_leakage,Water_leakage issue in Malleshwaram,water supply pipe broken. This is happening in Malleshwaram near the landmark.,1,1,0,Malleshwaram,low
water_leakage,Water_leakage issue in Whitefield,pipeline burst on street. This is happening in Whitefield near the landmark.,48,1,23,Whitefield,high
water_leakage,Water_leakage issue in Malleshwaram,pipeline burst on street. This is happening in Malleshwaram near the landmark.,30,0,13,Malleshwaram,high
water_leakage,Water_leakage issue in Whitefield,large amount of water being wasted due to pipe crack. This is happening in Whitefield near the landmark.,28,1,5,Whitefield,high
water_leakage,Water_leakage issue in Malleshwaram,water wasting from broken pipe near park. This is happening in Malleshwaram near the landmark.,19,0,18,Malleshwaram,high
water_leakage,Water_leakage issue in MG Road,water supply pipe broken. This is happening in MG Road near the landmark.,42,1,19,MG Road,high
water_leakage,Water_leakage issue in Indiranagar,BWSSB pipe burst in my area. This is happening in Indiranagar near the landmark.,47,0,5,Indiranagar,high
water_leakage,Water_leakage issue in Whitefield,BWSSB pipe burst in my area. This is happening in Whitefield near the landmark.,45,0,14,Whitefield,high
water_leakage,Water_leakage issue in Indiranagar,pipeline burst on street. This is happening in Indiranagar near the landmark.,11,0,7,Indiranagar,high
water_leakage,Water_leakage issue in Koramangala,BWSSB pipe burst in my area. This is happening in Koramangala near the landmark.,48,0,23,Koramangala,high
water_leakage,Water_leakage issue in Koramangala,pipeline burst on street. This is happening in Koramangala near the landmark.,38,1,5,Koramangala,high
water_leakage,Water_leakage issue in Indiranagar,water coming out from road surface. This is happening in Indiranagar near the landmark.,29,0,12,Indiranagar,high
water_leakage,Water_leakage issue in Indiranagar,water coming out from road surface. This is happening in Indiranagar near the landmark.,44,0,16,Indiranagar,high
water_leakage,Water_leakage issue in MG Road,water supply pipe broken. This is happening in MG Road near the landmark.,10,1,10,MG Road,medium
water_leakage,Water_leakage issue in MG Road,pani leakage near metro pillar. This is happening in MG Road near the landmark.,49,0,18,MG Road,high
water_leakage,Water_leakage issue in Koramangala,leakage in underground water line. This is happening in Koramangala near the landmark.,43,1,13,Koramangala,high
water_leakage,Water_leakage issue in Indiranagar,drinking water overflowing on road. This is happening in Indiranagar near the landmark.,12,1,5,Indiranagar,high
water_leakage,Water_leakage issue in Koramangala,pani leakage near metro pillar. This is happening in Koramangala near the landmark.,23,1,19,Koramangala,high
water_leakage,Water_leakage issue in Jayanagar,drinking water overflowing on road. This is happening in Jayanagar near the landmark.,13,1,16,Jayanagar,high
water_leakage,Water_leakage issue in Jayanagar,pipeline burst on street. This is happening in Jayanagar near the landmark.,0,1,13,Jayanagar,low
water_leakage,Water_leakage issue in Indiranagar,pipeline burst on street. This is happening in Indiranagar near the landmark.,20,0,12,Indiranagar,high
water_leakage,Water_leakage issue in HSR Layout,drinking water overflowing on road. This is happening in HSR Layout near the landmark.,15,0,0,HSR Layout,high
water_leakage,Water_leakage issue in Malleshwaram,water coming out from road surface. This is happening in Malleshwaram near the landmark.,8,1,10,Malleshwaram,medium
water_leakage,Water_leakage issue in Whitefield,water supply pipe broken. This is happening in Whitefield near the landmark.,34,0,4,Whitefield,high
water_leakage,Water_leakage issue in Koramangala,BWSSB pipe burst in my area. This is happening in Koramangala near the landmark.,16,0,20,Koramangala,high
water_leakage,Water_leakage issue in Indiranagar,leakage in underground water line. This is happening in Indiranagar near the landmark.,48,1,5,Indiranagar,high
water_leakage,Water_leakage issue in Jayanagar,water supply pipe broken. This is happening in Jayanagar near the landmark.,16,1,17,Jayanagar,high
water_leakage,Water_leakage issue in Malleshwaram,leakage in underground water line. This is happening in Malleshwaram near the landmark.,23,0,10,Malleshwaram,high
water_leakage,Water_leakage issue in Jayanagar,BWSSB pipe burst in my area. This is happening in Jayanagar near the landmark.,8,0,12,Jayanagar,medium
water_leakage,Water_leakage issue in Malleshwaram,BWSSB pipe burst in my area. This is happening in Malleshwaram near the landmark.,11,1,9,Malleshwaram,high
water_leakage,Water_leakage issue in Indiranagar,large amount of water being wasted due to pipe crack. This is happening in Indiranagar near the landmark.,3,1,9,Indiranagar,low
water_leakage,Water_leakage issue in Malleshwaram,BWSSB pipe burst in my area. This is happening in Malleshwaram near the landmark.,44,0,12,Malleshwaram,high
water_leakage,Water_leakage issue in Malleshwaram,drinking water overflowing on road. This is happening in Malleshwaram near the landmark.,14,1,23,Malleshwaram,high
water_leakage,Water_leakage issue in HSR Layout,pipeline burst on street. This is happening in HSR Layout near the landmark.,29,0,5,HSR Layout,high
water_leakage,Water_leakage issue in Jayanagar,BWSSB pipe burst in my area. This is happening in Jayanagar near the landmark.,32,1,7,Jayanagar,high
water_leakage,Water_leakage issue in MG Road,BWSSB pipe burst in my area. This is happening in MG Road near the landmark.,40,1,14,MG Road,high
water_leakage,Water_leakage issue in Indiranagar,water supply pipe broken. This is happening in Indiranagar near the landmark.,15,0,11,Indiranagar,high
water_leakage,Water_leakage issue in Whitefield,large amount of water being wasted due to pipe crack. This is happening in Whitefield near the landmark.,34,0,11,Whitefield,high
water_leakage,Water_leakage issue in Malleshwaram,pani leaking from main pipe. This is happening in Malleshwaram near the landmark.,20,0,0,Malleshwaram,high
water_leakage,Water_leakage issue in MG Road,BWSSB pipe burst in my area. This is happening in MG Road near the landmark.,31,1,12,MG Road,high
water_leakage,Water_leakage issue in Whitefield,drinking water overflowing on road. This is happening in Whitefield near the landmark.,35,0,3,Whitefield,high
water_leakage,Water_leakage issue in Whitefield,pani leakage near metro pillar. This is happening in Whitefield near the landmark.,12,1,8,Whitefield,high
water_leakage,Water_leakage issue in MG Road,BWSSB pipe burst in my area. This is happening in MG Road near the landmark.,20,1,19,MG Road,high
water_leakage,Water_leakage issue in HSR Layout,water wasting from broken pipe near park. This is happening in HSR Layout near the landmark.,7,0,10,HSR Layout,medium
water_leakage,Water_leakage issue in Koramangala,pipeline burst on street. This is happening in Koramangala near the landmark.,28,1,18,Koramangala,high
water_leakage,Water_leakage issue in Indiranagar,BWSSB pipe burst in my area. This is happening in Indiranagar near the landmark.,10,0,20,Indiranagar,medium
water_leakage,Water_leakage issue in HSR Layout,water wasting from broken pipe near park. This is happening in HSR Layout near the landmark.,17,1,12,HSR Layout,high
water_leakage,Water_leakage issue in Koramangala,large amount of water being wasted due to pipe crack. This is happening in Koramangala near the landmark.,14,1,18,Koramangala,high
water_leakage,Water_leakage issue in Whitefield,BWSSB pipe burst in my area. This is happening in Whitefield near the landmark.,9,1,3,Whitefield,medium
water_leakage,Water_leakage issue in HSR Layout,water coming out from road surface. This is happening in HSR Layout near the landmark.,35,1,14,HSR Layout,high
water_leakage,Water_leakage issue in Indiranagar,water supply pipe broken. This is happening in Indiranagar near the landmark.,30,1,7,Indiranagar,high
water_leakage,Water_leakage issue in Malleshwaram,leakage in underground water line. This is happening in Malleshwaram near the landmark.,4,1,13,Malleshwaram,low
water_leakage,Water_leakage issue in Indiranagar,pani leakage near metro pillar. This is happening in Indiranagar near the landmark.,0,0,7,Indiranagar,low
water_leakage,Water_leakage issue in Indiranagar,water wasting from broken pipe near park. This is happening in Indiranagar near the landmark.,40,0,22,Indiranagar,high
water_leakage,Water_leakage issue in Malleshwaram,drinking water overflowing on road. This is happening in Malleshwaram near the landmark.,4,0,6,Malleshwaram,low
water_leakage,Water_leakage issue in MG Road,pani leakage near metro pillar. This is happening in MG Road near the landmark.,45,1,10,MG Road,high
water_leakage,Water_leakage issue in Jayanagar,water coming out from road surface. This is happening in Jayanagar near the landmark.,13,1,13,Jayanagar,high
water_leakage,Water_leakage issue in Malleshwaram,large amount of water being wasted due to pipe crack. This is happening in Malleshwaram near the landmark.,46,1,0,Malleshwaram,high
water_leakage,Water_leakage issue in Whitefield,leakage in underground water line. This is happening in Whitefield near the landmark.,43,0,10,Whitefield,high
water_leakage,Water_leakage issue in Indiranagar,BWSSB pipe burst in my area. This is happening in Indiranagar near the landmark.,14,0,21,Indiranagar,high
water_leakage,Water_leakage issue in Koramangala,water supply pipe broken. This is happening in Koramangala near the landmark.,31,1,0,Koramangala,high
water_leakage,Water_leakage issue in Jayanagar,leakage in underground water line. This is happening in Jayanagar near the landmark.,37,1,11,Jayanagar,high
water_leakage,Water_leakage issue in Whitefield,water wasting from broken pipe near park. This is happening in Whitefield near the landmark.,35,1,8,Whitefield,high
water_leakage,Water_leakage issue in MG Road,water coming out from road surface. This is happening in MG Road near the landmark.,39,1,0,MG Road,high
water_leakage,Water_leakage issue in Malleshwaram,pani leakage near metro pillar. This is happening in Malleshwaram near the landmark.,13,1,23,Malleshwaram,high
water_leakage,Water_leakage issue in Indiranagar,large amount of water being wasted due to pipe crack. This is happening in Indiranagar near the landmark.,24,0,0,Indiranagar,high
water_leakage,Water_leakage issue in HSR Layout,drinking water overflowing on road. This is happening in HSR Layout near the landmark.,9,0,16,HSR Layout,medium
water_leakage,Water_leakage issue in Koramangala,pani leakage near metro pillar. This is happening in Koramangala near the landmark.,7,1,11,Koramangala,medium
water_leakage,Water_leakage issue in Whitefield,pipeline burst on street. This is happening in Whitefield near the landmark.,40,0,6,Whitefield,high
water_leakage,Water_leakage issue in Koramangala,pani leakage near metro pillar. This is happening in Koramangala near the landmark.,24,1,19,Koramangala,high
water_leakage,Water_leakage issue in Indiranagar,pani leaking from main pipe. This is happening in Indiranagar near the landmark.,48,1,16,Indiranagar,high
water_leakage,Water_leakage issue in Malleshwaram,pani leakage near metro pillar. This is happening in Malleshwaram near the landmark.,5,1,20,Malleshwaram,medium
water_leakage,Water_leakage issue in Malleshwaram,leakage in underground water line. This is happening in Malleshwaram near the landmark.,27,1,6,Malleshwaram,high
water_leakage,Water_leakage issue in MG Road,drinking water overflowing on road. This is happening in MG Road near the landmark.,38,1,1,MG Road,high
water_leakage,Water_leakage issue in Malleshwaram,pipeline burst on street. This is happening in Malleshwaram near the landmark.,2,0,11,Malleshwaram,low
water_leakage,Water_leakage issue in MG Road,water coming out from road surface. This is happening in MG Road near the landmark.,24,0,15,MG Road,high
water_leakage,Water_leakage issue in Malleshwaram,water wasting from broken pipe near park. This is happening in Malleshwaram near the landmark.,41,1,4,Malleshwaram,high
water_leakage,Water_leakage issue in Malleshwaram,large amount of water being wasted due to pipe crack. This is happening in Malleshwaram near the landmark.,24,0,10,Malleshwaram,high
water_leakage,Water_leakage issue in Malleshwaram,large amount of water being wasted due to pipe crack. This is happening in Malleshwaram near the landmark.,39,1,15,Malleshwaram,high
water_leakage,Water_leakage issue in Jayanagar,water wasting from broken pipe near park. This is happening in Jayanagar near the landmark.,21,0,7,Jayanagar,high
water_leakage,Water_leakage issue in MG Road,water wasting from broken pipe near park. This is happening in MG Road near the landmark.,5,0,13,MG Road,medium
water_leakage,Water_leakage issue in Whitefield,water coming out from road surface. This is happening in Whitefield near the landmark.,43,0,6,Whitefield,high
water_leakage,Water_leakage issue in Whitefield,water coming out from road surface. This is happening in Whitefield near the landmark.,38,0,12,Whitefield,high
water_leakage,Water_leakage issue in HSR Layout,large amount of water being wasted due to pipe crack. This is happening in HSR Layout near the landmark.,49,0,4,HSR Layout,high
water_leakage,Water_leakage issue in Jayanagar,pipeline burst on street. This is happening in Jayanagar near the landmark.,4,1,1,Jayanagar,low
water_leakage,Water_leakage issue in HSR Layout,water coming out from road surface. This is happening in HSR Layout near the landmark.,47,1,20,HSR Layout,high
water_leakage,Water_leakage issue in Jayanagar,drinking water overflowing on road. This is happening in Jayanagar near the landmark.,18,1,11,Jayanagar,high
water_leakage,Water_leakage issue in HSR Layout,pani leaking from main pipe. This is happening in HSR Layout near the landmark.,1,0,7,HSR Layout,low
water_leakage,Water_leakage issue in Koramangala,drinking water overflowing on road. This is happening in Koramangala near the landmark.,20,0,22,Koramangala,high
water_leakage,Water_leakage issue in Malleshwaram,pipeline burst on street. This is happening in Malleshwaram near the landmark.,43,1,10,Malleshwaram,high
water_leakage,Water_leakage issue in MG Road,large amount of water being wasted due to pipe crack. This is happening in MG Road near the landmark.,34,1,6,MG Road,high
water_leakage,Water_leakage issue in HSR Layout,water coming out from road surface. This is happening in HSR Layout near the landmark.,1,0,4,HSR Layout,low
water_leakage,Water_leakage issue in Malleshwaram,drinking water overflowing on road. This is happening in Malleshwaram near the landmark.,34,0,23,Malleshwaram,high
water_leakage,Water_leakage issue in HSR Layout,drinking water overflowing on road. This is happening in HSR Layout near the landmark.,21,1,13,HSR Layout,high
water_leakage,Water_leakage issue in Indiranagar,water coming out from road surface. This is happening in Indiranagar near the landmark.,35,1,4,Indiranagar,high
water_leakage,Water_leakage issue in Whitefield,water wasting from broken pipe near park. This is happening in Whitefield near the landmark.,16,1,20,Whitefield,high
water_leakage,Water_leakage issue in Jayanagar,water wasting from broken pipe near park. This is happening in Jayanagar near the landmark.,18,1,2,Jayanagar,high
water_leakage,Water_leakage issue in HSR Layout,large amount of water being wasted due to pipe crack. This is happening in HSR Layout near the landmark.,2,0,23,HSR Layout,low
water_leakage,Water_leakage issue in Jayanagar,pani leakage near metro pillar. This is happening in Jayanagar near the landmark.,23,1,4,Jayanagar,high
water_leakage,Water_leakage issue in MG Road,pipeline burst on street. This is happening in MG Road near the landmark.,33,1,9,MG Road,high
water_leakage,Water_leakage issue in Indiranagar,water supply pipe broken. This is happening in Indiranagar near the landmark.,39,1,3,Indiranagar,high
water_leakage,Water_leakage issue in Malleshwaram,pipeline burst on street. This is happening in Malleshwaram near the landmark.,3,1,20,Malleshwaram,low
water_leakage,Water_leakage issue in Indiranagar,pipeline burst on street. This is happening in Indiranagar near the landmark.,38,1,1,Indiranagar,high
water_leakage,Water_leakage issue in Malleshwaram,pani leakage near metro pillar. This is happening in Malleshwaram near the landmark.,36,0,12,Malleshwaram,high
water_leakage,Water_leakage issue in HSR Layout,pani leaking from main pipe. This is happening in HSR Layout near the landmark.,24,1,21,HSR Layout,high
water_leakage,Water_leakage issue in Whitefield,large amount of water being wasted due to pipe crack. This is happening in Whitefield near the landmark.,25,0,18,Whitefield,high
water_leakage,Water_leakage issue in MG Road,large amount of water being wasted due to pipe crack. This is happening in MG Road near the landmark.,23,1,3,MG Road,high
water_leakage,Water_leakage issue in MG Road,leakage in underground water line. This is happening in MG Road near the landmark.,49,1,12,MG Road,high
water_leakage,Water_leakage issue in Indiranagar,water supply pipe broken. This is happening in Indiranagar near the landmark.,37,0,15,Indiranagar,high
water_leakage,Water_leakage issue in Whitefield,water supply pipe broken. This is happening in Whitefield near the landmark.,22,0,21,Whitefield,high
water_leakage,Water_leakage issue in Koramangala,pani leaking from main pipe. This is happening in Koramangala near the landmark.,36,0,20,Koramangala,high
water_leakage,Water_leakage issue in Whitefield,water supply pipe broken. This is happening in Whitefield near the landmark.,50,1,23,Whitefield,high
water_leakage,Water_leakage issue in Whitefield,leakage in underground water line. This is happening in Whitefield near the landmark.,34,1,15,Whitefield,high
water_leakage,Water_leakage issue in Whitefield,water coming out from road surface. This is happening in Whitefield near the landmark.,26,0,8,Whitefield,high
water_leakage,Water_leakage issue in Malleshwaram,leakage in underground water line. This is happening in Malleshwaram near the landmark.,12,0,18,Malleshwaram,high
water_leakage,Water_leakage issue in Jayanagar,pipeline burst on street. This is happening in Jayanagar near the landmark.,4,0,6,Jayanagar,low
water_leakage,Water_leakage issue in MG Road,pani leaking from main pipe. This is happening in MG Road near the landmark.,18,1,12,MG Road,high
water_leakage,Water_leakage issue in HSR Layout,pani leakage near metro pillar. This is happening in HSR Layout near the landmark.,17,1,22,HSR Layout,high
water_leakage,Water_leakage issue in Indiranagar,large amount of water being wasted due to pipe crack. This is happening in Indiranagar near the landmark.,18,0,10,Indiranagar,high
water_leakage,Water_leakage issue in Indiranagar,large amount of water being wasted due to pipe crack. This is happening in Indiranagar near the landmark.,35,0,11,Indiranagar,high
water_leakage,Water_leakage issue in HSR Layout,large amount of water being wasted due to pipe crack. This is happening in HSR Layout near the landmark.,28,0,6,HSR Layout,high
water_leakage,Water_leakage issue in Jayanagar,drinking water overflowing on road. This is happening in Jayanagar near the landmark.,41,0,19,Jayanagar,high
water_leakage,Water_leakage issue in MG Road,BWSSB pipe burst in my area. This is happening in MG Road near the landmark.,26,1,12,MG Road,high
water_leakage,Water_leakage issue in MG Road,pani leaking from main pipe. This is happening in MG Road near the landmark.,43,1,17,MG Road,high
water_leakage,Water_leakage issue in Malleshwaram,pipeline burst on street. This is happening in Malleshwaram near the landmark.,6,0,2,Malleshwaram,medium
water_leakage,Water_leakage issue in HSR Layout,water coming out from road surface. This is happening in HSR Layout near the landmark.,24,1,3,HSR Layout,high
water_leakage,Water_leakage issue in Indiranagar,leakage in underground water line. This is happening in Indiranagar near the landmark.,14,1,7,Indiranagar,high
water_leakage,Water_leakage issue in Jayanagar,pipeline burst on street. This is happening in Jayanagar near the landmark.,18,0,1,Jayanagar,high
water_leakage,Water_leakage issue in Malleshwaram,water wasting from broken pipe near park. This is happening in Malleshwaram near the landmark.,22,1,15,Malleshwaram,high
water_leakage,Water_leakage issue in Whitefield,drinking water overflowing on road. This is happening in Whitefield near the landmark.,2,0,10,Whitefield,low
water_leakage,Water_leakage issue in HSR Layout,pani leakage near metro pillar. This is happening in HSR Layout near the landmark.,12,0,20,HSR Layout,high
water_leakage,Water_leakage issue in Indiranagar,water wasting from broken pipe near park. This is happening in Indiranagar near the landmark.,29,0,19,Indiranagar,high
water_leakage,Water_leakage issue in Malleshwaram,leakage in underground water line. This is happening in Malleshwaram near the landmark.,15,0,0,Malleshwaram,high
water_leakage,Water_leakage issue in Jayanagar,BWSSB pipe burst in my area. This is happening in Jayanagar near the landmark.,24,0,6,Jayanagar,high
water_leakage,Water_leakage issue in Whitefield,water supply pipe broken. This is happening in Whitefield near the landmark.,8,1,12,Whitefield,medium
water_leakage,Water_leakage issue in MG Road,pani leakage near metro pillar. This is happening in MG Road near the landmark.,2,0,6,MG Road,low
water_leakage,Water_leakage issue in HSR Layout,leakage in underground water line. This is happening in HSR Layout near the landmark.,36,0,22,HSR Layout,high
water_leakage,Water_leakage issue in MG Road,BWSSB pipe burst in my area. This is happening in MG Road near the landmark.,1,0,19,MG Road,low
water_leakage,Water_leakage issue in HSR Layout,BWSSB pipe burst in my area. This is happening in HSR Layout near the landmark.,41,1,17,HSR Layout,high
water_leakage,Water_leakage issue in Koramangala,large amount of water being wasted due to pipe crack. This is happening in Koramangala near the landmark.,17,1,12,Koramangala,high
water_leakage,Water_leakage issue in Indiranagar,large amount of water being wasted due to pipe crack. This is happening in Indiranagar near the landmark.,26,1,21,Indiranagar,high
water_leakage,Water_leakage issue in Indiranagar,pipeline burst on street. This is happening in Indiranagar near the landmark.,13,0,0,Indiranagar,high
water_leakage,Water_leakage issue in HSR Layout,water coming out from road surface. This is happening in HSR Layout near the landmark.,38,0,4,HSR Layout,high
water_leakage,Water_leakage issue in Koramangala,BWSSB pipe burst in my area. This is happening in Koramangala near the landmark.,7,0,19,Koramangala,medium
water_leakage,Water_leakage issue in Whitefield,water coming out from road surface. This is happening in Whitefield near the landmark.,7,0,0,Whitefield,medium
water_leakage,Water_leakage issue in HSR Layout,large amount of water being wasted due to pipe crack. This is happening in HSR Layout near the landmark.,9,0,1,HSR Layout,medium
water_leakage,Water_leakage issue in HSR Layout,pipeline burst on street. This is happening in HSR Layout near the landmark.,26,1,9,HSR Layout,high
water_leakage,Water_leakage issue in HSR Layout,pani leakage near metro pillar. This is happening in HSR Layout near the landmark.,26,0,11,HSR Layout,high
water_leakage,Water_leakage issue in Indiranagar,drinking water overflowing on road. This is happening in Indiranagar near the landmark.,4,0,13,Indiranagar,low
water_leakage,Water_leakage issue in MG Road,BWSSB pipe burst in my area. This is happening in MG Road near the landmark.,15,0,4,MG Road,high
water_leakage,Water_leakage issue in Jayanagar,large amount of water being wasted due to pipe crack. This is happening in Jayanagar near the landmark.,7,1,10,Jayanagar,medium
water_leakage,Water_leakage issue in Indiranagar,large amount of water being wasted due to pipe crack. This is happening in Indiranagar near the landmark.,21,0,15,Indiranagar,high
water_leakage,Water_leakage issue in MG Road,pipeline burst on street. This is happening in MG Road near the landmark.,46,1,21,MG Road,high
water_leakage,Water_leakage issue in Koramangala,water coming out from road surface. This is happening in Koramangala near the landmark.,34,0,7,Koramangala,high
water_leakage,Water_leakage issue in Whitefield,leakage in underground water line. This is happening in Whitefield near the landmark.,18,1,5,Whitefield,high
water_leakage,Water_leakage issue in Indiranagar,pipeline burst on street. This is happening in Indiranagar near the landmark.,39,0,0,Indiranagar,high
water_leakage,Water_leakage issue in MG Road,water supply pipe broken. This is happening in MG Road near the landmark.,19,0,23,MG Road,high
water_leakage,Water_leakage issue in Koramangala,leakage in underground water line. This is happening in Koramangala near the landmark.,26,0,20,Koramangala,high
water_leakage,Water_leakage issue in Indiranagar,pani leakage near metro pillar. This is happening in Indiranagar near the landmark.,25,1,18,Indiranagar,high
water_leakage,Water_leakage issue in Jayanagar,BWSSB pipe burst in my area. This is happening in Jayanagar near the landmark.,24,1,21,Jayanagar,high
water_leakage,Water_leakage issue in Koramangala,leakage in underground water line. This is happening in Koramangala near the landmark.,39,1,17,Koramangala,high
water_leakage,Water_leakage issue in Koramangala,water wasting from broken pipe near park. This is happening in Koramangala near the landmark.,14,1,3,Koramangala,high
water_leakage,Water_leakage issue in Jayanagar,pani leaking from main pipe. This is happening in Jayanagar near the landmark.,15,1,18,Jayanagar,high
water_leakage,Water_leakage issue in MG Road,leakage in underground water line. This is happening in MG Road near the landmark.,29,1,10,MG Road,high
water_leakage,Water_leakage issue in Indiranagar,pani leakage near metro pillar. This is happening in Indiranagar near the landmark.,28,1,7,Indiranagar,high
water_leakage,Water_leakage issue in Jayanagar,water wasting from broken pipe near park. This is happening in Jayanagar near the landmark.,49,0,7,Jayanagar,high
water_leakage,Water_leakage issue in Malleshwaram,pani leakage near metro pillar. This is happening in Malleshwaram near the landmark.,9,1,16,Malleshwaram,medium
water_leakage,Water_leakage issue in HSR Layout,leakage in underground water line. This is happening in HSR Layout near the landmark.,35,0,23,HSR Layout,high
water_leakage,Water_leakage issue in Indiranagar,BWSSB pipe burst in my area. This is happening in Indiranagar near the landmark.,42,0,15,Indiranagar,high
water_leakage,Water_leakage issue in Malleshwaram,drinking water overflowing on road. This is happening in Malleshwaram near the landmark.,19,1,5,Malleshwaram,high
water_leakage,Water_leakage issue in Koramangala,leakage in underground water line. This is happening in Koramangala near the landmark.,44,1,6,Koramangala,high
water_leakage,Water_leakage issue in Jayanagar,water coming out from road surface. This is happening in Jayanagar near the landmark.,15,0,22,Jayanagar,high
water_leakage,Water_leakage issue in Jayanagar,water supply pipe broken. This is happening in Jayanagar near the landmark.,26,0,7,Jayanagar,high
water_leakage,Water_leakage issue in Malleshwaram,leakage in underground water line. This is happening in Malleshwaram near the landmark.,41,0,13,Malleshwaram,high
water_leakage,Water_leakage issue in HSR Layout,drinking water overflowing on road. This is happening in HSR Layout near the landmark.,42,0,13,HSR Layout,high
water_leakage,Water_leakage issue in Jayanagar,drinking water overflowing on road. This is happening in Jayanagar near the landmark.,17,1,14,Jayanagar,high
water_leakage,Water_leakage issue in Whitefield,large amount of water being wasted due to pipe crack. This is happening in Whitefield near the landmark.,26,1,3,Whitefield,high
water_leakage,Water_leakage issue in Indiranagar,water wasting from broken pipe near park. This is happening in Indiranagar near the landmark.,0,0,3,Indiranagar,low
water_leakage,Water_leakage issue in Koramangala,BWSSB pipe burst in my area. This is happening in Koramangala near the landmark.,6,0,5,Koramangala,medium
water_leakage,Water_leakage issue in Whitefield,drinking water overflowing on road. This is happening in Whitefield near the landmark.,34,0,22,Whitefield,high
water_leakage,Water_leakage issue in Malleshwaram,BWSSB pipe burst in my area. This is happening in Malleshwaram near the landmark.,32,1,12,Malleshwaram,high
water_leakage,Water_leakage issue in Jayanagar,leakage in underground water line. This is happening in Jayanagar near the landmark.,36,1,5,Jayanagar,high
water_leakage,Water_leakage issue in Indiranagar,water wasting from broken pipe near park. This is happening in Indiranagar near the landmark.,13,0,7,Indiranagar,high
water_leakage,Water_leakage issue in Malleshwaram,leakage in underground water line. This is happening in Malleshwaram near the landmark.,30,1,9,Malleshwaram,high
water_leakage,Water_leakage issue in Jayanagar,water wasting from broken pipe near park. This is happening in Jayanagar near the landmark.,48,1,1,Jayanagar,high
water_leakage,Water_leakage issue in HSR Layout,pani leaking from main pipe. This is happening in HSR Layout near the landmark.,8,0,22,HSR Layout,medium
water_leakage,Water_leakage issue in Indiranagar,water coming out from road surface. This is happening in Indiranagar near the landmark.,48,0,21,Indiranagar,high
water_leakage,Water_leakage issue in Jayanagar,drinking water overflowing on road. This is happening in Jayanagar near the landmark.,27,0,17,Jayanagar,high
water_leakage,Water_leakage issue in Koramangala,leakage in underground water line. This is happening in Koramangala near the landmark.,45,0,16,Koramangala,high
water_leakage,Water_leakage issue in MG Road,pani leaking from main pipe. This is happening in MG Road near the landmark.,19,1,12,MG Road,high
water_leakage,Water_leakage issue in Malleshwaram,water supply pipe broken. This is happening in Malleshwaram near the landmark.,32,1,12,Malleshwaram,high
water_leakage,Water_leakage issue in HSR Layout,large amount of water being wasted due to pipe crack. This is happening in HSR Layout near the landmark.,22,0,0,HSR Layout,high
water_leakage,Water_leakage issue in Malleshwaram,water supply pipe broken. This is happening in Malleshwaram near the landmark.,15,1,6,Malleshwaram,high
water_leakage,Water_leakage issue in Koramangala,pani leaking from main pipe. This is happening in Koramangala near the landmark.,14,0,7,Koramangala,high
water_leakage,Water_leakage issue in Whitefield,water supply pipe broken. This is happening in Whitefield near the landmark.,28,0,0,Whitefield,high
water_leakage,Water_leakage issue in HSR Layout,pani leaking from main pipe. This is happening in HSR Layout near the landmark.,7,0,5,HSR Layout,medium
water_leakage,Water_leakage issue in HSR Layout,water wasting from broken pipe near park. This is happening in HSR Layout near the landmark.,16,0,18,HSR Layout,high
water_leakage,Water_leakage issue in Whitefield,drinking water overflowing on road. This is happening in Whitefield near the landmark.,9,1,10,Whitefield,medium
water_leakage,Water_leakage issue in Koramangala,large amount of water being wasted due to pipe crack. This is happening in Koramangala near the landmark.,8,1,6,Koramangala,medium
water_leakage,Water_leakage issue in Whitefield,water supply pipe broken. This is happening in Whitefield near the landmark.,26,1,17,Whitefield,high
water_leakage,Water_leakage issue in Malleshwaram,pani leakage near metro pillar. This is happening in Malleshwaram near the landmark.,48,1,9,Malleshwaram,high
water_leakage,Water_leakage issue in Koramangala,leakage in underground water line. This is happening in Koramangala near the landmark.,10,1,11,Koramangala,medium
water_leakage,Water_leakage issue in Jayanagar,pani leaking from main pipe. This is happening in Jayanagar near the landmark.,49,1,16,Jayanagar,high
water_leakage,Water_leakage issue in Malleshwaram,water wasting from broken pipe near park. This is happening in Malleshwaram near the landmark.,48,0,9,Malleshwaram,high
water_leakage,Water_leakage issue in MG Road,large amount of water being wasted due to pipe crack. This is happening in MG Road near the landmark.,11,0,23,MG Road,high
water_leakage,Water_leakage issue in HSR Layout,drinking water overflowing on road. This is happening in HSR Layout near the landmark.,23,0,17,HSR Layout,high
water_leakage,Water_leakage issue in Koramangala,water coming out from road surface. This is happening in Koramangala near the landmark.,7,1,8,Koramangala,medium
water_leakage,Water_leakage issue in Koramangala,BWSSB pipe burst in my area. This is happening in Koramangala near the landmark.,16,0,11,Koramangala,high
water_leakage,Water_leakage issue in Malleshwaram,pani leaking from main pipe. This is happening in Malleshwaram near the landmark.,46,0,10,Malleshwaram,high
water_leakage,Water_leakage issue in MG Road,leakage in underground water line. This is happening in MG Road near the landmark.,9,0,22,MG Road,medium
water_leakage,Water_leakage issue in Jayanagar,water wasting from broken pipe near park. This is happening in Jayanagar near the landmark.,48,0,14,Jayanagar,high
water_leakage,Water_leakage issue in Indiranagar,water coming out from road surface. This is happening in Indiranagar near the landmark.,1,1,11,Indiranagar,low
water_leakage,Water_leakage issue in Koramangala,drinking water overflowing on road. This is happening in Koramangala near the landmark.,34,1,13,Koramangala,high
water_leakage,Water_leakage issue in HSR Layout,BWSSB pipe burst in my area. This is happening in HSR Layout near the landmark.,50,1,20,HSR Layout,high
water_leakage,Water_leakage issue in Indiranagar,pani leaking from main pipe. This is happening in Indiranagar near the landmark.,46,1,23,Indiranagar,high
water_leakage,Water_leakage issue in Whitefield,pipeline burst on street. This is happening in Whitefield near the landmark.,26,0,7,Whitefield,high
water_leakage,Water_leakage issue in MG Road,pani leaking from main pipe. This is happening in MG Road near the landmark.,21,0,1,MG Road,high
water_leakage,Water_leakage issue in Malleshwaram,pani leaking from main pipe. This is happening in Malleshwaram near the landmark.,1,0,3,Malleshwaram,low
water_leakage,Water_leakage issue in Koramangala,water supply pipe broken. This is happening in Koramangala near the landmark.,29,1,7,Koramangala,high
water_leakage,Water_leakage issue in Whitefield,BWSSB pipe burst in my area. This is happening in Whitefield near the landmark.,9,1,4,Whitefield,medium
water_leakage,Water_leakage issue in HSR Layout,pani leakage near metro pillar. This is happening in HSR Layout near the landmark.,7,1,20,HSR Layout,medium
water_leakage,Water_leakage issue in Whitefield,pipeline burst on street. This is happening in Whitefield near the landmark.,4,1,0,Whitefield,low
water_leakage,Water_leakage issue in Whitefield,water supply pipe broken. This is happening in Whitefield near the landmark.,26,0,8,Whitefield,high
water_leakage,Water_leakage issue in HSR Layout,pani leakage near metro pillar. This is happening in HSR Layout near the landmark.,43,1,17,HSR Layout,high
water_leakage,Water_leakage issue in Whitefield,pani leaking from main pipe. This is happening in Whitefield near the landmark.,34,0,6,Whitefield,high
water_leakage,Water_leakage issue in Whitefield,water coming out from road surface. This is happening in Whitefield near the landmark.,50,1,8,Whitefield,high
water_leakage,Water_leakage issue in Whitefield,large amount of water being wasted due to pipe crack. This is happening in Whitefield near the landmark.,12,1,6,Whitefield,high
water_leakage,Water_leakage issue in Jayanagar,BWSSB pipe burst in my area. This is happening in Jayanagar near the landmark.,20,1,6,Jayanagar,high
water_leakage,Water_leakage issue in MG Road,leakage in underground water line. This is happening in MG Road near the landmark.,16,1,14,MG Road,high
water_leakage,Water_leakage issue in Koramangala,leakage in underground water line. This is happening in Koramangala near the landmark.,8,1,23,Koramangala,medium
water_leakage,Water_leakage issue in Indiranagar,leakage in underground water line. This is happening in Indiranagar near the landmark.,39,0,11,Indiranagar,high
water_leakage,Water_leakage issue in Malleshwaram,water coming out from road surface. This is happening in Malleshwaram near the landmark.,37,0,10,Malleshwaram,high
water_leakage,Water_leakage issue in Indiranagar,water coming out from road surface. This is happening in Indiranagar near the landmark.,29,0,7,Indiranagar,high
water_leakage,Water_leakage issue in MG Road,drinking water overflowing on road. This is happening in MG Road near the landmark.,12,1,8,MG Road,high
water_leakage,Water_leakage issue in MG Road,leakage in underground water line. This is happening in MG Road near the landmark.,0,0,1,MG Road,low
water_leakage,Water_leakage issue in MG Road,water coming out from road surface. This is happening in MG Road near the landmark.,27,1,9,MG Road,high
water_leakage,Water_leakage issue in Whitefield,pani leakage near metro pillar. This is happening in Whitefield near the landmark.,39,1,0,Whitefield,high
water_leakage,Water_leakage issue in Jayanagar,pani leakage near metro pillar. This is happening in Jayanagar near the landmark.,3,0,17,Jayanagar,low
water_leakage,Water_leakage issue in Indiranagar,pipeline burst on street. This is happening in Indiranagar near the landmark.,26,1,13,Indiranagar,high
water_leakage,Water_leakage issue in Koramangala,drinking water overflowing on road. This is happening in Koramangala near the landmark.,22,1,11,Koramangala,high
water_leakage,Water_leakage issue in Malleshwaram,BWSSB pipe burst in my area. This is happening in Malleshwaram near the landmark.,41,0,3,Malleshwaram,high
water_leakage,Water_leakage issue in Jayanagar,pani leakage near metro pillar. This is happening in Jayanagar near the landmark.,47,0,5,Jayanagar,high
water_leakage,Water_leakage issue in Whitefield,drinking water overflowing on road. This is happening in Whitefield near the landmark.,31,0,5,Whitefield,high
water_leakage,Water_leakage issue in Whitefield,pani leaking from main pipe. This is happening in Whitefield near the landmark.,9,0,13,Whitefield,medium
water_leakage,Water_leakage issue in Indiranagar,pani leaking from main pipe. This is happening in Indiranagar near the landmark.,25,1,5,Indiranagar,high
water_leakage,Water_leakage issue in Koramangala,water supply pipe broken. This is happening in Koramangala near the landmark.,31,0,16,Koramangala,high
water_leakage,Water_leakage issue in Malleshwaram,pani leaking from main pipe. This is happening in Malleshwaram near the landmark.,28,0,15,Malleshwaram,high
water_leakage,Water_leakage issue in Koramangala,pani leakage near metro pillar. This is happening in Koramangala near the landmark.,26,1,12,Koramangala,high
water_leakage,Water_leakage issue in MG Road,water supply pipe broken. This is happening in MG Road near the landmark.,2,0,8,MG Road,low
water_leakage,Water_leakage issue in MG Road,water supply pipe broken. This is happening in MG Road near the landmark.,32,0,4,MG Road,high
water_leakage,Water_leakage issue in Malleshwaram,leakage in underground water line. This is happening in Malleshwaram near the landmark.,46,0,15,Malleshwaram,high
water_leakage,Water_leakage issue in Whitefield,leakage in underground water line. This is happening in Whitefield near the landmark.,39,0,5,Whitefield,high
water_leakage,Water_leakage issue in Koramangala,water coming out from road surface. This is happening in Koramangala near the landmark.,28,0,1,Koramangala,high
water_leakage,Water_leakage issue in Koramangala,BWSSB pipe burst in my area. This is happening in Koramangala near the landmark.,33,0,17,Koramangala,high
water_leakage,Water_leakage issue in Whitefield,pani leaking from main pipe. This is happening in Whitefield near the landmark.,21,1,12,Whitefield,high
water_leakage,Water_leakage issue in Malleshwaram,pani leaking from main pipe. This is happening in Malleshwaram near the landmark.,40,1,13,Malleshwaram,high
water_leakage,Water_leakage issue in MG Road,pani leakage near metro pillar. This is happening in MG Road near the landmark.,27,0,14,MG Road,high
water_leakage,Water_leakage issue in Koramangala,large amount of water being wasted due to pipe crack. This is happening in Koramangala near the landmark.,30,1,14,Koramangala,high
water_leakage,Water_leakage issue in Jayanagar,drinking water overflowing on road. This is happening in Jayanagar near the landmark.,5,0,5,Jayanagar,medium
water_leakage,Water_leakage issue in Jayanagar,leakage in underground water line. This is happening in Jayanagar near the landmark.,28,1,16,Jayanagar,high
water_leakage,Water_leakage issue in Indiranagar,pani leakage near metro pillar. This is happening in Indiranagar near the landmark.,41,1,19,Indiranagar,high
water_leakage,Water_leakage issue in Koramangala,pani leaking from main pipe. This is happening in Koramangala near the landmark.,5,0,20,Koramangala,medium
water_leakage,Water_leakage issue in Koramangala,pani leaking from main pipe. This is happening in Koramangala near the landmark.,26,0,9,Koramangala,high
water_leakage,Water_leakage issue in Jayanagar,water wasting from broken pipe near park. This is happening in Jayanagar near the landmark.,40,1,3,Jayanagar,high
water_leakage,Water_leakage issue in MG Road,pani leaking from main pipe. This is happening in MG Road near the landmark.,23,1,21,MG Road,high
water_leakage,Water_leakage issue in Whitefield,water supply pipe broken. This is happening in Whitefield near the landmark.,21,0,22,Whitefield,high
water_leakage,Water_leakage issue in Malleshwaram,BWSSB pipe burst in my area. This is happening in Malleshwaram near the landmark.,28,0,4,Malleshwaram,high
water_leakage,Water_leakage issue in Indiranagar,BWSSB pipe burst in my area. This is happening in Indiranagar near the landmark.,22,1,23,Indiranagar,high
water_leakage,Water_leakage issue in Jayanagar,drinking water overflowing on road. This is happening in Jayanagar near the landmark.,11,0,5,Jayanagar,high
water_leakage,Water_leakage issue in Jayanagar,drinking water overflowing on road. This is happening in Jayanagar near the landmark.,23,1,2,Jayanagar,high
water_leakage,Water_leakage issue in Malleshwaram,pani leaking from main pipe. This is happening in Malleshwaram near the landmark.,36,0,12,Malleshwaram,high
water_leakage,Water_leakage issue in Malleshwaram,water wasting from broken pipe near park. This is happening in Malleshwaram near the landmark.,43,0,4,Malleshwaram,high
water_leakage,Water_leakage issue in Malleshwaram,leakage in underground water line. This is happening in Malleshwaram near the landmark.,50,1,22,Malleshwaram,high
water_leakage,Water_leakage issue in MG Road,pani leakage near metro pillar. This is happening in MG Road near the landmark.,1,1,1,MG Road,low
water_leakage,Water_leakage issue in MG Road,pipeline burst on street. This is happening in MG Road near the landmark.,41,1,19,MG Road,high
water_leakage,Water_leakage issue in Whitefield,large amount of water being wasted due to pipe crack. This is happening in Whitefield near the landmark.,41,1,23,Whitefield,high
water_leakage,Water_leakage issue in MG Road,pipeline burst on street. This is happening in MG Road near the landmark.,40,1,2,MG Road,high
water_leakage,Water_leakage issue in HSR Layout,water wasting from broken pipe near park. This is happening in HSR Layout near the landmark.,43,1,18,HSR Layout,high
water_leakage,Water_leakage issue in MG Road,pipeline burst on street. This is happening in MG Road near the landmark.,37,0,11,MG Road,high
water_leakage,Water_leakage issue in Indiranagar,pani leakage near metro pillar. This is happening in Indiranagar near the landmark.,39,1,8,Indiranagar,high
water_leakage,Water_leakage issue in HSR Layout,pani leakage near metro pillar. This is happening in HSR Layout near the landmark.,23,0,11,HSR Layout,high
water_leakage,Water_leakage issue in Koramangala,leakage in underground water line. This is happening in Koramangala near the landmark.,33,1,15,Koramangala,high
water_leakage,Water_leakage issue in MG Road,BWSSB pipe burst in my area. This is happening in MG Road near the landmark.,3,0,16,MG Road,low
water_leakage,Water_leakage issue in Jayanagar,leakage in underground water line. This is happening in Jayanagar near the landmark.,35,0,8,Jayanagar,high
water_leakage,Water_leakage issue in Whitefield,pani leakage near metro pillar. This is happening in Whitefield near the landmark.,10,1,3,Whitefield,medium
water_leakage,Water_leakage issue in MG Road,pipeline burst on street. This is happening in MG Road near the landmark.,28,1,22,MG Road,high
water_leakage,Water_leakage issue in Koramangala,water supply pipe broken. This is happening in Koramangala near the landmark.,42,1,15,Koramangala,high
water_leakage,Water_leakage issue in Jayanagar,leakage in underground water line. This is happening in Jayanagar near the landmark.,6,1,18,Jayanagar,medium
water_leakage,Water_leakage issue in Whitefield,pani leakage near metro pillar. This is happening in Whitefield near the landmark.,3,1,19,Whitefield,low
water_leakage,Water_leakage issue in Koramangala,pani leakage near metro pillar. This is happening in Koramangala near the landmark.,9,0,14,Koramangala,medium
water_leakage,Water_leakage issue in Whitefield,large amount of water being wasted due to pipe crack. This is happening in Whitefield near the landmark.,42,0,13,Whitefield,high
water_leakage,Water_leakage issue in Indiranagar,leakage in underground water line. This is happening in Indiranagar near the landmark.,24,0,22,Indiranagar,high
water_leakage,Water_leakage issue in HSR Layout,water coming out from road surface. This is happening in HSR Layout near the landmark.,19,1,1,HSR Layout,high
water_leakage,Water_leakage issue in Indiranagar,large amount of water being wasted due to pipe crack. This is happening in Indiranagar near the landmark.,45,1,8,Indiranagar,high
water_leakage,Water_leakage issue in MG Road,pani leaking from main pipe. This is happening in MG Road near the landmark.,34,1,18,MG Road,high
water_leakage,Water_leakage issue in HSR Layout,drinking water overflowing on road. This is happening in HSR Layout near the landmark.,21,0,20,HSR Layout,high
water_leakage,Water_leakage issue in HSR Layout,pipeline burst on street. This is happening in HSR Layout near the landmark.,8,1,20,HSR Layout,medium
water_leakage,Water_leakage issue in Malleshwaram,leakage in underground water line. This is happening in Malleshwaram near the landmark.,40,0,22,Malleshwaram,high
water_leakage,Water_leakage issue in Koramangala,pani leaking from main pipe. This is happening in Koramangala near the landmark.,17,0,18,Koramangala,high
water_leakage,Water_leakage issue in Jayanagar,water supply pipe broken. This is happening in Jayanagar near the landmark.,48,0,12,Jayanagar,high
water_leakage,Water_leakage issue in Koramangala,water wasting from broken pipe near park. This is happening in Koramangala near the landmark.,39,1,14,Koramangala,high
water_leakage,Water_leakage issue in Malleshwaram,water wasting from broken pipe near park. This is happening in Malleshwaram near the landmark.,5,0,20,Malleshwaram,medium
water_leakage,Water_leakage issue in HSR Layout,drinking water overflowing on road. This is happening in HSR Layout near the landmark.,40,0,9,HSR Layout,high
water_leakage,Water_leakage issue in Whitefield,drinking water overflowing on road. This is happening in Whitefield near the landmark.,37,1,9,Whitefield,high
water_leakage,Water_leakage issue in Indiranagar,pani leakage near metro pillar. This is happening in Indiranagar near the landmark.,50,1,12,Indiranagar,high
water_leakage,Water_leakage issue in MG Road,drinking water overflowing on road. This is happening in MG Road near the landmark.,10,1,17,MG Road,medium
water_leakage,Water_leakage issue in MG Road,pani leakage near metro pillar. This is happening in MG Road near the landmark.,25,1,10,MG Road,high
water_leakage,Water_leakage issue in HSR Layout,drinking water overflowing on road. This is happening in HSR Layout near the landmark.,49,0,10,HSR Layout,high
water_leakage,Water_leakage issue in HSR Layout,BWSSB pipe burst in my area. This is happening in HSR Layout near the landmark.,6,0,18,HSR Layout,medium
water_leakage,Water_leakage issue in Jayanagar,water wasting from broken pipe near park. This is happening in Jayanagar near the landmark.,45,0,12,Jayanagar,high
water_leakage,Water_leakage issue in Jayanagar,BWSSB pipe burst in my area. This is happening in Jayanagar near the landmark.,40,1,12,Jayanagar,high
water_leakage,Water_leakage issue in Malleshwaram,BWSSB pipe burst in my area. This is happening in Malleshwaram near the landmark.,2,0,16,Malleshwaram,low
water_leakage,Water_leakage issue in Indiranagar,pipeline burst on street. This is happening in Indiranagar near the landmark.,6,1,16,Indiranagar,medium
water_leakage,Water_leakage issue in Koramangala,leakage in underground water line. This is happening in Koramangala near the landmark.,16,1,18,Koramangala,high
water_leakage,Water_leakage issue in Koramangala,pani leakage near metro pillar. This is happening in Koramangala near the landmark.,16,0,7,Koramangala,high
water_leakage,Water_leakage issue in Jayanagar,water coming out from road surface. This is happening in Jayanagar near the landmark.,4,1,19,Jayanagar,low
water_leakage,Water_leakage issue in Koramangala,pani leakage near metro pillar. This is happening in Koramangala near the landmark.,43,0,1,Koramangala,high
water_leakage,Water_leakage issue in Jayanagar,water wasting from broken pipe near park. This is happening in Jayanagar near the landmark.,35,0,14,Jayanagar,high
water_leakage,Water_leakage issue in Jayanagar,pipeline burst on street. This is happening in Jayanagar near the landmark.,28,1,8,Jayanagar,high
water_leakage,Water_leakage issue in HSR Layout,water coming out from road surface. This is happening in HSR Layout near the landmark.,2,0,22,HSR Layout,low
water_leakage,Water_leakage issue in MG Road,pipeline burst on street. This is happening in MG Road near the landmark.,34,0,20,MG Road,high
water_leakage,Water_leakage issue in Indiranagar,water coming out from road surface. This is happening in Indiranagar near the landmark.,1,1,6,Indiranagar,low
water_leakage,Water_leakage issue in Whitefield,water wasting from broken pipe near park. This is happening in Whitefield near the landmark.,12,1,23,Whitefield,high
water_leakage,Water_leakage issue in Whitefield,pani leaking from main pipe. This is happening in Whitefield near the landmark.,37,1,21,Whitefield,high
water_leakage,Water_leakage issue in Koramangala,pani leakage near metro pillar. This is happening in Koramangala near the landmark.,39,1,15,Koramangala,high
water_leakage,Water_leakage issue in Malleshwaram,BWSSB pipe burst in my area. This is happening in Malleshwaram near the landmark.,36,1,9,Malleshwaram,high
water_leakage,Water_leakage issue in Malleshwaram,large amount of water being wasted due to pipe crack. This is happening in Malleshwaram near the landmark.,48,1,18,Malleshwaram,high
water_leakage,Water_leakage issue in Malleshwaram,pani leaking from main pipe. This is happening in Malleshwaram near the landmark.,37,1,1,Malleshwaram,high
water_leakage,Water_leakage issue in Indiranagar,large amount of water being wasted due to pipe crack. This is happening in Indiranagar near the landmark.,10,1,18,Indiranagar,medium
water_leakage,Water_leakage issue in Koramangala,large amount of water being wasted due to pipe crack. This is happening in Koramangala near the landmark.,38,1,9,Koramangala,high
water_leakage,Water_leakage issue in Whitefield,drinking water overflowing on road. This is happening in Whitefield near the landmark.,44,1,18,Whitefield,high
water_leakage,Water_leakage issue in HSR Layout,pipeline burst on street. This is happening in HSR Layout near the landmark.,36,1,22,HSR Layout,high
water_leakage,Water_leakage issue in Malleshwaram,pipeline burst on street. This is happening in Malleshwaram near the landmark.,33,0,16,Malleshwaram,high
water_leakage,Water_leakage issue in Malleshwaram,BWSSB pipe burst in my area. This is happening in Malleshwaram near the landmark.,22,0,4,Malleshwaram,high
water_leakage,Water_leakage issue in Indiranagar,pani leaking from main pipe. This is happening in Indiranagar near the landmark.,20,1,12,Indiranagar,high
water_leakage,Water_leakage issue in Whitefield,pani leaking from main pipe. This is happening in Whitefield near the landmark.,2,0,16,Whitefield,low
water_leakage,Water_leakage issue in Indiranagar,water wasting from broken pipe near park. This is happening in Indiranagar near the landmark.,38,1,7,Indiranagar,high
water_leakage,Water_leakage issue in Whitefield,BWSSB pipe burst in my area. This is happening in Whitefield near the landmark.,31,0,10,Whitefield,high
water_leakage,Water_leakage issue in Whitefield,water wasting from broken pipe near park. This is happening in Whitefield near the landmark.,24,1,22,Whitefield,high
water_leakage,Water_leakage issue in MG Road,leakage in underground water line. This is happening in MG Road near the landmark.,25,0,13,MG Road,high
water_leakage,Water_leakage issue in Malleshwaram,leakage in underground water line. This is happening in Malleshwaram near the landmark.,50,1,11,Malleshwaram,high
water_leakage,Water_leakage issue in Malleshwaram,water coming out from road surface. This is happening in Malleshwaram near the landmark.,9,0,20,Malleshwaram,medium
water_leakage,Water_leakage issue in Malleshwaram,pani leaking from main pipe. This is happening in Malleshwaram near the landmark.,47,1,2,Malleshwaram,high
water_leakage,Water_leakage issue in Whitefield,BWSSB pipe burst in my area. This is happening in Whitefield near the landmark.,50,0,5,Whitefield,high
water_leakage,Water_leakage issue in MG Road,pani leakage near metro pillar. This is happening in MG Road near the landmark.,34,1,21,MG Road,high
water_leakage,Water_leakage issue in Indiranagar,drinking water overflowing on road. This is happening in Indiranagar near the landmark.,18,0,13,Indiranagar,high
water_leakage,Water_leakage issue in Malleshwaram,pipeline burst on street. This is happening in Malleshwaram near the landmark.,18,1,8,Malleshwaram,high
water_leakage,Water_leakage issue in Jayanagar,pani leakage near metro pillar. This is happening in Jayanagar near the landmark.,31,1,22,Jayanagar,high
water_leakage,Water_leakage issue in Whitefield,pipeline burst on street. This is happening in Whitefield near the landmark.,38,0,1,Whitefield,high
water_leakage,Water_leakage issue in Whitefield,water supply pipe broken. This is happening in Whitefield near the landmark.,14,1,21,Whitefield,high
water_leakage,Water_leakage issue in Whitefield,large amount of water being wasted due to pipe crack. This is happening in Whitefield near the landmark.,49,1,11,Whitefield,high
water_leakage,Water_leakage issue in Koramangala,large amount of water being wasted due to pipe crack. This is happening in Koramangala near the landmark.,47,1,7,Koramangala,high
water_leakage,Water_leakage issue in MG Road,water coming out from road surface. This is happening in MG Road near the landmark.,48,0,19,MG Road,high
water_leakage,Water_leakage issue in Jayanagar,water coming out from road surface. This is happening in Jayanagar near the landmark.,9,0,21,Jayanagar,medium
water_leakage,Water_leakage issue in Indiranagar,water supply pipe broken. This is happening in Indiranagar near the landmark.,47,1,16,Indiranagar,high
water_leakage,Water_leakage issue in MG Road,BWSSB pipe burst in my area. This is happening in MG Road near the landmark.,45,1,10,MG Road,high
water_leakage,Water_leakage issue in Indiranagar,water wasting from broken pipe near park. This is happening in Indiranagar near the landmark.,16,0,1,Indiranagar,high
water_leakage,Water_leakage issue in Indiranagar,water coming out from road surface. This is happening in Indiranagar near the landmark.,12,0,9,Indiranagar,high
water_leakage,Water_leakage issue in Koramangala,leakage in underground water line. This is happening in Koramangala near the landmark.,26,1,9,Koramangala,high
water_leakage,Water_leakage issue in MG Road,pani leakage near metro pillar. This is happening in MG Road near the landmark.,13,0,5,MG Road,high
water_leakage,Water_leakage issue in MG Road,pani leakage near metro pillar. This is happening in MG Road near the landmark.,38,0,17,MG Road,high
water_leakage,Water_leakage issue in Malleshwaram,drinking water overflowing on road. This is happening in Malleshwaram near the landmark.,40,0,1,Malleshwaram,high
water_leakage,Water_leakage issue in Malleshwaram,BWSSB pipe burst in my area. This is happening in Malleshwaram near the landmark.,24,1,15,Malleshwaram,high
water_leakage,Water_leakage issue in Indiranagar,water supply pipe broken. This is happening in Indiranagar near the landmark.,11,0,13,Indiranagar,high
water_leakage,Water_leakage issue in Indiranagar,leakage in underground water line. This is happening in Indiranagar near the landmark.,32,1,2,Indiranagar,high
water_leakage,Water_leakage issue in Malleshwaram,leakage in underground water line. This is happening in Malleshwaram near the landmark.,39,1,4,Malleshwaram,high
water_leakage,Water_leakage issue in Malleshwaram,leakage in underground water line. This is happening in Malleshwaram near the landmark.,34,1,7,Malleshwaram,high
water_leakage,Water_leakage issue in Koramangala,leakage in underground water line. This is happening in Koramangala near the landmark.,25,0,23,Koramangala,high
water_leakage,Water_leakage issue in Jayanagar,pani leaking from main pipe. This is happening in Jayanagar near the landmark.,38,1,17,Jayanagar,high
water_leakage,Water_leakage issue in Malleshwaram,drinking water overflowing on road. This is happening in Malleshwaram near the landmark.,43,0,21,Malleshwaram,high
water_leakage,Water_leakage issue in Jayanagar,water wasting from broken pipe near park. This is happening in Jayanagar near the landmark.,50,1,1,Jayanagar,high
water_leakage,Water_leakage issue in Whitefield,leakage in underground water line. This is happening in Whitefield near the landmark.,0,0,21,Whitefield,low
water_leakage,Water_leakage issue in Malleshwaram,large amount of water being wasted due to pipe crack. This is happening in Malleshwaram near the landmark.,26,1,23,Malleshwaram,high
water_leakage,Water_leakage issue in Koramangala,pipeline burst on street. This is happening in Koramangala near the landmark.,26,1,22,Koramangala,high
water_leakage,Water_leakage issue in HSR Layout,leakage in underground water line. This is happening in HSR Layout near the landmark.,7,1,15,HSR Layout,medium
water_leakage,Water_leakage issue in MG Road,pipeline burst on street. This is happening in MG Road near the landmark.,31,1,4,MG Road,high
water_leakage,Water_leakage issue in Indiranagar,pani leakage near metro pillar. This is happening in Indiranagar near the landmark.,48,1,22,Indiranagar,high
water_leakage,Water_leakage issue in Whitefield,BWSSB pipe burst in my area. This is happening in Whitefield near the landmark.,4,1,18,Whitefield,low
water_leakage,Water_leakage issue in HSR Layout,large amount of water being wasted due to pipe crack. This is happening in HSR Layout near the landmark.,37,0,1,HSR Layout,high
water_leakage,Water_leakage issue in HSR Layout,drinking water overflowing on road. This is happening in HSR Layout near the landmark.,16,0,21,HSR Layout,high
water_leakage,Water_leakage issue in Koramangala,water wasting from broken pipe near park. This is happening in Koramangala near the landmark.,17,1,17,Koramangala,high
water_leakage,Water_leakage issue in MG Road,pani leaking from main pipe. This is happening in MG Road near the landmark.,29,1,17,MG Road,high
water_leakage,Water_leakage issue in Malleshwaram,pani leakage near metro pillar. This is happening in Malleshwaram near the landmark.,3,0,14,Malleshwaram,low
water_leakage,Water_leakage issue in Indiranagar,leakage in underground water line. This is happening in Indiranagar near the landmark.,44,1,5,Indiranagar,high
water_leakage,Water_leakage issue in MG Road,pipeline burst on street. This is happening in MG Road near the landmark.,15,1,12,MG Road,high
water_leakage,Water_leakage issue in Indiranagar,pani leakage near metro pillar. This is happening in Indiranagar near the landmark.,12,1,16,Indiranagar,high
water_leakage,Water_leakage issue in Malleshwaram,pani leaking from main pipe. This is happening in Malleshwaram near the landmark.,12,1,18,Malleshwaram,high
water_leakage,Water_leakage issue in Koramangala,water supply pipe broken. This is happening in Koramangala near the landmark.,2,1,16,Koramangala,low
water_leakage,Water_leakage issue in MG Road,drinking water overflowing on road. This is happening in MG Road near the landmark.,25,1,23,MG Road,high
water_leakage,Water_leakage issue in Malleshwaram,pani leakage near metro pillar. This is happening in Malleshwaram near the landmark.,10,1,1,Malleshwaram,medium
water_leakage,Water_leakage issue in Jayanagar,drinking water overflowing on road. This is happening in Jayanagar near the landmark.,17,1,19,Jayanagar,high
water_leakage,Water_leakage issue in Malleshwaram,water wasting from broken pipe near park. This is happening in Malleshwaram near the landmark.,37,1,6,Malleshwaram,high
water_leakage,Water_leakage issue in Jayanagar,BWSSB pipe burst in my area. This is happening in Jayanagar near the landmark.,43,0,7,Jayanagar,high
streetlight,Streetlight issue in Whitefield,"dark road at night, no lights. This is happening in Whitefield near the landmark.",33,1,11,Whitefield,high
streetlight,Streetlight issue in Koramangala,flickering light on main road. This is happening in Koramangala near the landmark.,49,1,3,Koramangala,high
streetlight,Streetlight issue in Whitefield,night time visibility is zero on this street. This is happening in Whitefield near the landmark.,7,0,2,Whitefield,medium
streetlight,Streetlight issue in Koramangala,kamba broken in recent rain. This is happening in Koramangala near the landmark.,29,1,19,Koramangala,high
streetlight,Streetlight issue in MG Road,light kamba not working. This is happening in MG Road near the landmark.,32,0,13,MG Road,high
streetlight,Streetlight issue in HSR Layout,"dark road at night, no lights. This is happening in HSR Layout near the landmark.",2,1,10,HSR Layout,low
streetlight,Streetlight issue in Indiranagar,kamba broken in recent rain. This is happening in Indiranagar near the landmark.,1,1,2,Indiranagar,low
streetlight,Streetlight issue in HSR Layout,bulb fused in streetlight. This is happening in HSR Layout near the landmark.,23,0,5,HSR Layout,medium
streetlight,Streetlight issue in HSR Layout,flickering light on main road. This is happening in HSR Layout near the landmark.,37,0,10,HSR Layout,high
streetlight,Streetlight issue in MG Road,night time visibility is zero on this street. This is happening in MG Road near the landmark.,25,1,1,MG Road,medium
streetlight,Streetlight issue in Jayanagar,bulb fused in streetlight. This is happening in Jayanagar near the landmark.,35,1,12,Jayanagar,high
streetlight,Streetlight issue in Koramangala,bulb fused in streetlight. This is happening in Koramangala near the landmark.,47,0,23,Koramangala,high
streetlight,Streetlight issue in Malleshwaram,flickering light on main road. This is happening in Malleshwaram near the landmark.,49,1,10,Malleshwaram,high
streetlight,Streetlight issue in Indiranagar,entire block has no streetlights. This is happening in Indiranagar near the landmark.,40,0,12,Indiranagar,high
streetlight,Streetlight issue in Jayanagar,kamba broken in recent rain. This is happening in Jayanagar near the landmark.,7,0,21,Jayanagar,medium
streetlight,Streetlight issue in Koramangala,kamba broken in recent rain. This is happening in Koramangala near the landmark.,24,0,16,Koramangala,medium
streetlight,Streetlight issue in Indiranagar,flickering light on main road. This is happening in Indiranagar near the landmark.,2,0,22,Indiranagar,low
streetlight,Streetlight issue in Whitefield,"dark road at night, no lights. This is happening in Whitefield near the landmark.",13,1,4,Whitefield,medium
streetlight,Streetlight issue in Whitefield,bulb fused in streetlight. This is happening in Whitefield near the landmark.,17,0,21,Whitefield,medium
streetlight,Streetlight issue in HSR Layout,bulb fused in streetlight. This is happening in HSR Layout near the landmark.,40,0,8,HSR Layout,high
streetlight,Streetlight issue in Koramangala,night time visibility is zero on this street. This is happening in Koramangala near the landmark.,12,1,11,Koramangala,medium
streetlight,Streetlight issue in Whitefield,entire block has no streetlights. This is happening in Whitefield near the landmark.,9,0,2,Whitefield,medium
streetlight,Streetlight issue in Malleshwaram,light kamba not working. This is happening in Malleshwaram near the landmark.,22,1,17,Malleshwaram,medium
streetlight,Streetlight issue in HSR Layout,bulb fused in streetlight. This is happening in HSR Layout near the landmark.,37,1,11,HSR Layout,high
streetlight,Streetlight issue in MG Road,bulb fused in streetlight. This is happening in MG Road near the landmark.,23,1,15,MG Road,medium
streetlight,Streetlight issue in Koramangala,flickering light on main road. This is happening in Koramangala near the landmark.,36,0,12,Koramangala,high
streetlight,Streetlight issue in Indiranagar,dangerous for women at night due to dark kamba. This is happening in Indiranagar near the landmark.,9,1,2,Indiranagar,medium
streetlight,Streetlight issue in Jayanagar,"dark road at night, no lights. This is happening in Jayanagar near the landmark.",50,1,5,Jayanagar,high
streetlight,Streetlight issue in MG Road,night time visibility is zero on this street. This is happening in MG Road near the landmark.,21,0,22,MG Road,medium
streetlight,Streetlight issue in Indiranagar,night time visibility is zero on this street. This is happening in Indiranagar near the landmark.,0,0,11,Indiranagar,low
streetlight,Streetlight issue in Jayanagar,flickering light on main road. This is happening in Jayanagar near the landmark.,36,0,8,Jayanagar,high
streetlight,Streetlight issue in Malleshwaram,streetlight not working since week. This is happening in Malleshwaram near the landmark.,28,0,20,Malleshwaram,high
streetlight,Streetlight issue in HSR Layout,dangerous for women at night due to dark kamba. This is happening in HSR Layout near the landmark.,0,0,22,HSR Layout,low
streetlight,Streetlight issue in MG Road,kamba broken in recent rain. This is happening in MG Road near the landmark.,29,0,2,MG Road,high
streetlight,Streetlight issue in MG Road,"dark road at night, no lights. This is happening in MG Road near the landmark.",49,0,14,MG Road,high
streetlight,Streetlight issue in Jayanagar,bulb fused in streetlight. This is happening in Jayanagar near the landmark.,14,0,5,Jayanagar,medium
streetlight,Streetlight issue in HSR Layout,night time visibility is zero on this street. This is happening in HSR Layout near the landmark.,32,0,4,HSR Layout,high
streetlight,Streetlight issue in MG Road,light kamba not working. This is happening in MG Road near the landmark.,22,0,21,MG Road,medium
streetlight,Streetlight issue in Malleshwaram,entire block has no streetlights. This is happening in Malleshwaram near the landmark.,41,0,7,Malleshwaram,high
streetlight,Streetlight issue in HSR Layout,bulb fused in streetlight. This is happening in HSR Layout near the landmark.,29,1,13,HSR Layout,high
streetlight,Streetlight issue in Indiranagar,entire block has no streetlights. This is happening in Indiranagar near the landmark.,11,1,1,Indiranagar,medium
streetlight,Streetlight issue in Koramangala,light kamba not working. This is happening in Koramangala near the landmark.,1,0,9,Koramangala,low
streetlight,Streetlight issue in Whitefield,dangerous for women at night due to dark kamba. This is happening in Whitefield near the landmark.,18,1,9,Whitefield,medium
streetlight,Streetlight issue in Jayanagar,light kamba not working. This is happening in Jayanagar near the landmark.,9,1,3,Jayanagar,medium
streetlight,Streetlight issue in Jayanagar,unsafe area at night due to no streetlights. This is happening in Jayanagar near the landmark.,32,0,20,Jayanagar,high
streetlight,Streetlight issue in Whitefield,"dark road at night, no lights. This is happening in Whitefield near the landmark.",10,1,7,Whitefield,medium
streetlight,Streetlight issue in Malleshwaram,night time visibility is zero on this street. This is happening in Malleshwaram near the landmark.,19,0,5,Malleshwaram,medium
streetlight,Streetlight issue in Koramangala,light kamba not working. This is happening in Koramangala near the landmark.,16,0,10,Koramangala,medium
streetlight,Streetlight issue in MG Road,night time visibility is zero on this street. This is happening in MG Road near the landmark.,25,1,18,MG Road,medium
streetlight,Streetlight issue in Malleshwaram,unsafe area at night due to no streetlights. This is happening in Malleshwaram near the landmark.,38,1,10,Malleshwaram,high
streetlight,Streetlight issue in HSR Layout,streetlight not working since week. This is happening in HSR Layout near the landmark.,45,1,13,HSR Layout,high
streetlight,Streetlight issue in HSR Layout,light kamba not working. This is happening in HSR Layout near the landmark.,20,0,4,HSR Layout,medium
streetlight,Streetlight issue in Malleshwaram,streetlight not working since week. This is happening in Malleshwaram near the landmark.,48,0,21,Malleshwaram,high
streetlight,Streetlight issue in Malleshwaram,"dark road at night, no lights. This is happening in Malleshwaram near the landmark.",37,1,11,Malleshwaram,high
streetlight,Streetlight issue in Indiranagar,entire block has no streetlights. This is happening in Indiranagar near the landmark.,15,0,23,Indiranagar,medium
streetlight,Streetlight issue in Jayanagar,light kamba not working. This is happening in Jayanagar near the landmark.,14,1,1,Jayanagar,medium
streetlight,Streetlight issue in Jayanagar,"dark road at night, no lights. This is happening in Jayanagar near the landmark.",11,0,9,Jayanagar,medium
streetlight,Streetlight issue in Koramangala,dangerous for women at night due to dark kamba. This is happening in Koramangala near the landmark.,3,1,22,Koramangala,low
streetlight,Streetlight issue in Jayanagar,entire block has no streetlights. This is happening in Jayanagar near the landmark.,32,0,1,Jayanagar,high
streetlight,Streetlight issue in MG Road,flickering light on main road. This is happening in MG Road near the landmark.,7,1,22,MG Road,medium
streetlight,Streetlight issue in Jayanagar,kamba broken in recent rain. This is happening in Jayanagar near the landmark.,39,1,4,Jayanagar,high
streetlight,Streetlight issue in Indiranagar,entire block has no streetlights. This is happening in Indiranagar near the landmark.,41,1,7,Indiranagar,high
streetlight,Streetlight issue in HSR Layout,unsafe area at night due to no streetlights. This is happening in HSR Layout near the landmark.,28,0,3,HSR Layout,high
streetlight,Streetlight issue in MG Road,unsafe area at night due to no streetlights. This is happening in MG Road near the landmark.,40,1,18,MG Road,high
streetlight,Streetlight issue in MG Road,streetlight not working since week. This is happening in MG Road near the landmark.,8,0,16,MG Road,medium
streetlight,Streetlight issue in Whitefield,bulb fused in streetlight. This is happening in Whitefield near the landmark.,30,0,17,Whitefield,high
streetlight,Streetlight issue in MG Road,kamba broken in recent rain. This is happening in MG Road near the landmark.,5,1,11,MG Road,medium
streetlight,Streetlight issue in Whitefield,light kamba not working. This is happening in Whitefield near the landmark.,2,0,6,Whitefield,low
streetlight,Streetlight issue in Koramangala,"dark road at night, no lights. This is happening in Koramangala near the landmark.",17,0,15,Koramangala,medium
streetlight,Streetlight issue in MG Road,night time visibility is zero on this street. This is happening in MG Road near the landmark.,32,0,18,MG Road,high
streetlight,Streetlight issue in Indiranagar,streetlight not working since week. This is happening in Indiranagar near the landmark.,17,0,0,Indiranagar,medium
streetlight,Streetlight issue in Jayanagar,flickering light on main road. This is happening in Jayanagar near the landmark.,26,0,1,Jayanagar,high
streetlight,Streetlight issue in Koramangala,light kamba not working. This is happening in Koramangala near the landmark.,26,0,5,Koramangala,high
streetlight,Streetlight issue in Indiranagar,kamba broken in recent rain. This is happening in Indiranagar near the landmark.,48,1,10,Indiranagar,high
streetlight,Streetlight issue in Koramangala,flickering light on main road. This is happening in Koramangala near the landmark.,13,1,12,Koramangala,medium
streetlight,Streetlight issue in Indiranagar,unsafe area at night due to no streetlights. This is happening in Indiranagar near the landmark.,15,0,15,Indiranagar,medium
streetlight,Streetlight issue in Malleshwaram,light kamba not working. This is happening in Malleshwaram near the landmark.,15,0,21,Malleshwaram,medium
streetlight,Streetlight issue in Malleshwaram,streetlight not working since week. This is happening in Malleshwaram near the landmark.,26,0,6,Malleshwaram,high
streetlight,Streetlight issue in HSR Layout,streetlight not working since week. This is happening in HSR Layout near the landmark.,25,0,19,HSR Layout,medium
streetlight,Streetlight issue in Koramangala,unsafe area at night due to no streetlights. This is happening in Koramangala near the landmark.,34,0,18,Koramangala,high
streetlight,Streetlight issue in Jayanagar,streetlight not working since week. This is happening in Jayanagar near the landmark.,42,0,20,Jayanagar,high
streetlight,Streetlight issue in MG Road,flickering light on main road. This is happening in MG Road near the landmark.,9,0,10,MG Road,medium
streetlight,Streetlight issue in Whitefield,bulb fused in streetlight. This is happening in Whitefield near the landmark.,14,0,2,Whitefield,medium
streetlight,Streetlight issue in Whitefield,unsafe area at night due to no streetlights. This is happening in Whitefield near the landmark.,45,1,22,Whitefield,high
streetlight,Streetlight issue in Whitefield,light kamba not working. This is happening in Whitefield near the landmark.,37,1,7,Whitefield,high
streetlight,Streetlight issue in Whitefield,unsafe area at night due to no streetlights. This is happening in Whitefield near the landmark.,21,1,14,Whitefield,medium
streetlight,Streetlight issue in Jayanagar,streetlight not working since week. This is happening in Jayanagar near the landmark.,30,1,15,Jayanagar,high
streetlight,Streetlight issue in MG Road,"dark road at night, no lights. This is happening in MG Road near the landmark.",35,0,20,MG Road,high
streetlight,Streetlight issue in Malleshwaram,entire block has no streetlights. This is happening in Malleshwaram near the landmark.,0,1,13,Malleshwaram,low
streetlight,Streetlight issue in HSR Layout,unsafe area at night due to no streetlights. This is happening in HSR Layout near the landmark.,35,0,11,HSR Layout,high
streetlight,Streetlight issue in Indiranagar,night time visibility is zero on this street. This is happening in Indiranagar near the landmark.,48,1,19,Indiranagar,high
streetlight,Streetlight issue in Koramangala,bulb fused in streetlight. This is happening in Koramangala near the landmark.,13,1,4,Koramangala,medium
streetlight,Streetlight issue in MG Road,bulb fused in streetlight. This is happening in MG Road near the landmark.,26,0,18,MG Road,high
streetlight,Streetlight issue in Jayanagar,light kamba not working. This is happening in Jayanagar near the landmark.,41,1,2,Jayanagar,high
streetlight,Streetlight issue in HSR Layout,kamba broken in recent rain. This is happening in HSR Layout near the landmark.,21,0,2,HSR Layout,medium
streetlight,Streetlight issue in Jayanagar,bulb fused in streetlight. This is happening in Jayanagar near the landmark.,27,1,13,Jayanagar,high
streetlight,Streetlight issue in Koramangala,entire block has no streetlights. This is happening in Koramangala near the landmark.,13,0,12,Koramangala,medium
streetlight,Streetlight issue in Malleshwaram,"dark road at night, no lights. This is happening in Malleshwaram near the landmark.",40,0,19,Malleshwaram,high
streetlight,Streetlight issue in Whitefield,kamba broken in recent rain. This is happening in Whitefield near the landmark.,12,0,7,Whitefield,medium
streetlight,Streetlight issue in HSR Layout,light kamba not working. This is happening in HSR Layout near the landmark.,48,0,9,HSR Layout,high
streetlight,Streetlight issue in HSR Layout,dangerous for women at night due to dark kamba. This is happening in HSR Layout near the landmark.,14,1,17,HSR Layout,medium
streetlight,Streetlight issue in Jayanagar,"dark road at night, no lights. This is happening in Jayanagar near the landmark.",46,1,12,Jayanagar,high
streetlight,Streetlight issue in HSR Layout,entire block has no streetlights. This is happening in HSR Layout near the landmark.,1,0,10,HSR Layout,low
streetlight,Streetlight issue in HSR Layout,entire block has no streetlights. This is happening in HSR Layout near the landmark.,5,1,12,HSR Layout,medium
streetlight,Streetlight issue in Whitefield,bulb fused in streetlight. This is happening in Whitefield near the landmark.,42,1,1,Whitefield,high
streetlight,Streetlight issue in HSR Layout,unsafe area at night due to no streetlights. This is happening in HSR Layout near the landmark.,17,1,8,HSR Layout,medium
streetlight,Streetlight issue in Malleshwaram,kamba broken in recent rain. This is happening in Malleshwaram near the landmark.,6,0,2,Malleshwaram,medium
streetlight,Streetlight issue in Malleshwaram,light kamba not working. This is happening in Malleshwaram near the landmark.,40,1,13,Malleshwaram,high
streetlight,Streetlight issue in Jayanagar,streetlight not working since week. This is happening in Jayanagar near the landmark.,7,0,9,Jayanagar,medium
streetlight,Streetlight issue in HSR Layout,kamba broken in recent rain. This is happening in HSR Layout near the landmark.,37,0,18,HSR Layout,high
streetlight,Streetlight issue in Indiranagar,entire block has no streetlights. This is happening in Indiranagar near the landmark.,5,1,3,Indiranagar,medium
streetlight,Streetlight issue in HSR Layout,dangerous for women at night due to dark kamba. This is happening in HSR Layout near the landmark.,9,0,8,HSR Layout,medium
streetlight,Streetlight issue in MG Road,bulb fused in streetlight. This is happening in MG Road near the landmark.,11,1,19,MG Road,medium
streetlight,Streetlight issue in HSR Layout,entire block has no streetlights. This is happening in HSR Layout near the landmark.,42,1,23,HSR Layout,high
streetlight,Streetlight issue in HSR Layout,bulb fused in streetlight. This is happening in HSR Layout near the landmark.,37,1,0,HSR Layout,high
streetlight,Streetlight issue in Jayanagar,"dark road at night, no lights. This is happening in Jayanagar near the landmark.",29,0,16,Jayanagar,high
streetlight,Streetlight issue in Indiranagar,streetlight not working since week. This is happening in Indiranagar near the landmark.,18,1,6,Indiranagar,medium
streetlight,Streetlight issue in Koramangala,flickering light on main road. This is happening in Koramangala near the landmark.,44,0,15,Koramangala,high
streetlight,Streetlight issue in Indiranagar,night time visibility is zero on this street. This is happening in Indiranagar near the landmark.,41,0,19,Indiranagar,high
streetlight,Streetlight issue in MG Road,dangerous for women at night due to dark kamba. This is happening in MG Road near the landmark.,15,0,19,MG Road,medium
streetlight,Streetlight issue in Malleshwaram,light kamba not working. This is happening in Malleshwaram near the landmark.,49,0,9,Malleshwaram,high
streetlight,Streetlight issue in MG Road,unsafe area at night due to no streetlights. This is happening in MG Road near the landmark.,47,0,9,MG Road,high
streetlight,Streetlight issue in Jayanagar,dangerous for women at night due to dark kamba. This is happening in Jayanagar near the landmark.,13,0,13,Jayanagar,medium
streetlight,Streetlight issue in Malleshwaram,entire block has no streetlights. This is happening in Malleshwaram near the landmark.,35,0,8,Malleshwaram,high
streetlight,Streetlight issue in Indiranagar,dangerous for women at night due to dark kamba. This is happening in Indiranagar near the landmark.,8,1,15,Indiranagar,medium
streetlight,Streetlight issue in Malleshwaram,kamba broken in recent rain. This is happening in Malleshwaram near the landmark.,22,0,6,Malleshwaram,medium
streetlight,Streetlight issue in Malleshwaram,dangerous for women at night due to dark kamba. This is happening in Malleshwaram near the landmark.,26,0,20,Malleshwaram,high
streetlight,Streetlight issue in Whitefield,unsafe area at night due to no streetlights. This is happening in Whitefield near the landmark.,4,1,16,Whitefield,low
streetlight,Streetlight issue in HSR Layout,night time visibility is zero on this street. This is happening in HSR Layout near the landmark.,29,1,23,HSR Layout,high
streetlight,Streetlight issue in Malleshwaram,flickering light on main road. This is happening in Malleshwaram near the landmark.,23,1,8,Malleshwaram,medium
streetlight,Streetlight issue in Indiranagar,night time visibility is zero on this street. This is happening in Indiranagar near the landmark.,42,1,20,Indiranagar,high
streetlight,Streetlight issue in Malleshwaram,unsafe area at night due to no streetlights. This is happening in Malleshwaram near the landmark.,28,0,17,Malleshwaram,high
streetlight,Streetlight issue in MG Road,entire block has no streetlights. This is happening in MG Road near the landmark.,48,0,5,MG Road,high
streetlight,Streetlight issue in Koramangala,streetlight not working since week. This is happening in Koramangala near the landmark.,16,1,2,Koramangala,medium
streetlight,Streetlight issue in Koramangala,dangerous for women at night due to dark kamba. This is happening in Koramangala near the landmark.,18,1,12,Koramangala,medium
streetlight,Streetlight issue in Whitefield,"dark road at night, no lights. This is happening in Whitefield near the landmark.",45,0,12,Whitefield,high
streetlight,Streetlight issue in HSR Layout,kamba broken in recent rain. This is happening in HSR Layout near the landmark.,37,0,17,HSR Layout,high
streetlight,Streetlight issue in Koramangala,night time visibility is zero on this street. This is happening in Koramangala near the landmark.,17,0,9,Koramangala,medium
streetlight,Streetlight issue in Malleshwaram,dangerous for women at night due to dark kamba. This is happening in Malleshwaram near the landmark.,13,0,16,Malleshwaram,medium
streetlight,Streetlight issue in Whitefield,unsafe area at night due to no streetlights. This is happening in Whitefield near the landmark.,1,1,5,Whitefield,low
streetlight,Streetlight issue in Indiranagar,dangerous for women at night due to dark kamba. This is happening in Indiranagar near the landmark.,2,1,14,Indiranagar,low
streetlight,Streetlight issue in MG Road,flickering light on main road. This is happening in MG Road near the landmark.,36,0,2,MG Road,high
streetlight,Streetlight issue in MG Road,dangerous for women at night due to dark kamba. This is happening in MG Road near the landmark.,44,0,8,MG Road,high
streetlight,Streetlight issue in Whitefield,kamba broken in recent rain. This is happening in Whitefield near the landmark.,22,0,9,Whitefield,medium
streetlight,Streetlight issue in Indiranagar,bulb fused in streetlight. This is happening in Indiranagar near the landmark.,16,1,12,Indiranagar,medium
streetlight,Streetlight issue in Malleshwaram,night time visibility is zero on this street. This is happening in Malleshwaram near the landmark.,9,0,5,Malleshwaram,medium
streetlight,Streetlight issue in Whitefield,night time visibility is zero on this street. This is happening in Whitefield near the landmark.,15,1,2,Whitefield,medium
streetlight,Streetlight issue in MG Road,bulb fused in streetlight. This is happening in MG Road near the landmark.,29,0,13,MG Road,high
streetlight,Streetlight issue in HSR Layout,light kamba not working. This is happening in HSR Layout near the landmark.,25,1,9,HSR Layout,medium
streetlight,Streetlight issue in Malleshwaram,unsafe area at night due to no streetlights. This is happening in Malleshwaram near the landmark.,14,0,14,Malleshwaram,medium
streetlight,Streetlight issue in Malleshwaram,night time visibility is zero on this street. This is happening in Malleshwaram near the landmark.,9,1,12,Malleshwaram,medium
streetlight,Streetlight issue in Koramangala,dangerous for women at night due to dark kamba. This is happening in Koramangala near the landmark.,38,0,19,Koramangala,high
streetlight,Streetlight issue in Malleshwaram,light kamba not working. This is happening in Malleshwaram near the landmark.,13,0,13,Malleshwaram,medium
streetlight,Streetlight issue in Koramangala,unsafe area at night due to no streetlights. This is happening in Koramangala near the landmark.,4,1,14,Koramangala,low
streetlight,Streetlight issue in HSR Layout,"dark road at night, no lights. This is happening in HSR Layout near the landmark.",11,0,18,HSR Layout,medium
streetlight,Streetlight issue in MG Road,dangerous for women at night due to dark kamba. This is happening in MG Road near the landmark.,31,1,8,MG Road,high
streetlight,Streetlight issue in Jayanagar,bulb fused in streetlight. This is happening in Jayanagar near the landmark.,8,0,11,Jayanagar,medium
streetlight,Streetlight issue in Indiranagar,unsafe area at night due to no streetlights. This is happening in Indiranagar near the landmark.,0,1,5,Indiranagar,low
streetlight,Streetlight issue in Whitefield,streetlight not working since week. This is happening in Whitefield near the landmark.,14,1,16,Whitefield,medium
streetlight,Streetlight issue in Malleshwaram,night time visibility is zero on this street. This is happening in Malleshwaram near the landmark.,31,0,5,Malleshwaram,high
streetlight,Streetlight issue in Whitefield,"dark road at night, no lights. This is happening in Whitefield near the landmark.",47,0,16,Whitefield,high
streetlight,Streetlight issue in Indiranagar,night time visibility is zero on this street. This is happening in Indiranagar near the landmark.,41,0,8,Indiranagar,high
streetlight,Streetlight issue in Jayanagar,kamba broken in recent rain. This is happening in Jayanagar near the landmark.,49,0,19,Jayanagar,high
streetlight,Streetlight issue in Koramangala,flickering light on main road. This is happening in Koramangala near the landmark.,28,0,12,Koramangala,high
streetlight,Streetlight issue in Whitefield,kamba broken in recent rain. This is happening in Whitefield near the landmark.,25,0,14,Whitefield,medium
streetlight,Streetlight issue in HSR Layout,entire block has no streetlights. This is happening in HSR Layout near the landmark.,45,0,6,HSR Layout,high
streetlight,Streetlight issue in Malleshwaram,dangerous for women at night due to dark kamba. This is happening in Malleshwaram near the landmark.,16,1,18,Malleshwaram,medium
streetlight,Streetlight issue in HSR Layout,entire block has no streetlights. This is happening in HSR Layout near the landmark.,50,1,3,HSR Layout,high
streetlight,Streetlight issue in Whitefield,light kamba not working. This is happening in Whitefield near the landmark.,46,0,20,Whitefield,high
streetlight,Streetlight issue in Whitefield,entire block has no streetlights. This is happening in Whitefield near the landmark.,16,0,11,Whitefield,medium
streetlight,Streetlight issue in Jayanagar,dangerous for women at night due to dark kamba. This is happening in Jayanagar near the landmark.,45,0,10,Jayanagar,high
streetlight,Streetlight issue in Indiranagar,light kamba not working. This is happening in Indiranagar near the landmark.,8,0,23,Indiranagar,medium
streetlight,Streetlight issue in MG Road,streetlight not working since week. This is happening in MG Road near the landmark.,35,0,20,MG Road,high
streetlight,Streetlight issue in Whitefield,bulb fused in streetlight. This is happening in Whitefield near the landmark.,12,1,15,Whitefield,medium
streetlight,Streetlight issue in MG Road,flickering light on main road. This is happening in MG Road near the landmark.,49,0,17,MG Road,high
streetlight,Streetlight issue in Jayanagar,unsafe area at night due to no streetlights. This is happening in Jayanagar near the landmark.,6,1,14,Jayanagar,medium
streetlight,Streetlight issue in Jayanagar,entire block has no streetlights. This is happening in Jayanagar near the landmark.,18,1,12,Jayanagar,medium
streetlight,Streetlight issue in Koramangala,"dark road at night, no lights. This is happening in Koramangala near the landmark.",48,0,4,Koramangala,high
streetlight,Streetlight issue in MG Road,dangerous for women at night due to dark kamba. This is happening in MG Road near the landmark.,19,0,4,MG Road,medium
streetlight,Streetlight issue in HSR Layout,unsafe area at night due to no streetlights. This is happening in HSR Layout near the landmark.,9,0,11,HSR Layout,medium
streetlight,Streetlight issue in Whitefield,streetlight not working since week. This is happening in Whitefield near the landmark.,32,0,13,Whitefield,high
streetlight,Streetlight issue in MG Road,entire block has no streetlights. This is happening in MG Road near the landmark.,10,0,12,MG Road,medium
streetlight,Streetlight issue in Indiranagar,light kamba not working. This is happening in Indiranagar near the landmark.,41,1,20,Indiranagar,high
streetlight,Streetlight issue in MG Road,night time visibility is zero on this street. This is happening in MG Road near the landmark.,12,0,23,MG Road,medium
streetlight,Streetlight issue in MG Road,kamba broken in recent rain. This is happening in MG Road near the landmark.,8,0,5,MG Road,medium
streetlight,Streetlight issue in Indiranagar,light kamba not working. This is happening in Indiranagar near the landmark.,50,1,19,Indiranagar,high
streetlight,Streetlight issue in MG Road,unsafe area at night due to no streetlights. This is happening in MG Road near the landmark.,27,0,21,MG Road,high
streetlight,Streetlight issue in Malleshwaram,flickering light on main road. This is happening in Malleshwaram near the landmark.,46,0,22,Malleshwaram,high
streetlight,Streetlight issue in Whitefield,entire block has no streetlights. This is happening in Whitefield near the landmark.,22,0,19,Whitefield,medium
streetlight,Streetlight issue in MG Road,light kamba not working. This is happening in MG Road near the landmark.,50,1,17,MG Road,high
streetlight,Streetlight issue in HSR Layout,streetlight not working since week. This is happening in HSR Layout near the landmark.,16,0,15,HSR Layout,medium
streetlight,Streetlight issue in Whitefield,flickering light on main road. This is happening in Whitefield near the landmark.,16,1,9,Whitefield,medium
streetlight,Streetlight issue in Malleshwaram,flickering light on main road. This is happening in Malleshwaram near the landmark.,34,0,21,Malleshwaram,high
streetlight,Streetlight issue in HSR Layout,kamba broken in recent rain. This is happening in HSR Layout near the landmark.,31,1,21,HSR Layout,high
streetlight,Streetlight issue in HSR Layout,"dark road at night, no lights. This is happening in HSR Layout near the landmark.",3,0,8,HSR Layout,low
streetlight,Streetlight issue in MG Road,kamba broken in recent rain. This is happening in MG Road near the landmark.,10,0,10,MG Road,medium
streetlight,Streetlight issue in MG Road,"dark road at night, no lights. This is happening in MG Road near the landmark.",31,1,20,MG Road,high
streetlight,Streetlight issue in Whitefield,kamba broken in recent rain. This is happening in Whitefield near the landmark.,43,0,23,Whitefield,high
streetlight,Streetlight issue in Koramangala,kamba broken in recent rain. This is happening in Koramangala near the landmark.,6,0,2,Koramangala,medium
streetlight,Streetlight issue in Whitefield,dangerous for women at night due to dark kamba. This is happening in Whitefield near the landmark.,45,1,11,Whitefield,high
streetlight,Streetlight issue in Whitefield,bulb fused in streetlight. This is happening in Whitefield near the landmark.,43,0,9,Whitefield,high
streetlight,Streetlight issue in MG Road,bulb fused in streetlight. This is happening in MG Road near the landmark.,14,0,21,MG Road,medium
streetlight,Streetlight issue in Koramangala,light kamba not working. This is happening in Koramangala near the landmark.,7,1,6,Koramangala,medium
streetlight,Streetlight issue in HSR Layout,kamba broken in recent rain. This is happening in HSR Layout near the landmark.,8,1,18,HSR Layout,medium
streetlight,Streetlight issue in MG Road,bulb fused in streetlight. This is happening in MG Road near the landmark.,43,1,12,MG Road,high
streetlight,Streetlight issue in Whitefield,night time visibility is zero on this street. This is happening in Whitefield near the landmark.,33,1,14,Whitefield,high
streetlight,Streetlight issue in Malleshwaram,night time visibility is zero on this street. This is happening in Malleshwaram near the landmark.,44,0,22,Malleshwaram,high
streetlight,Streetlight issue in Jayanagar,flickering light on main road. This is happening in Jayanagar near the landmark.,6,0,14,Jayanagar,medium
streetlight,Streetlight issue in Indiranagar,dangerous for women at night due to dark kamba. This is happening in Indiranagar near the landmark.,45,1,5,Indiranagar,high
streetlight,Streetlight issue in MG Road,light kamba not working. This is happening in MG Road near the landmark.,12,1,7,MG Road,medium
streetlight,Streetlight issue in Malleshwaram,unsafe area at night due to no streetlights. This is happening in Malleshwaram near the landmark.,13,1,21,Malleshwaram,medium
streetlight,Streetlight issue in Malleshwaram,entire block has no streetlights. This is happening in Malleshwaram near the landmark.,12,1,6,Malleshwaram,medium
streetlight,Streetlight issue in Jayanagar,night time visibility is zero on this street. This is happening in Jayanagar near the landmark.,40,0,11,Jayanagar,high
streetlight,Streetlight issue in Koramangala,unsafe area at night due to no streetlights. This is happening in Koramangala near the landmark.,42,0,8,Koramangala,high
streetlight,Streetlight issue in HSR Layout,night time visibility is zero on this street. This is happening in HSR Layout near the landmark.,42,1,0,HSR Layout,high
streetlight,Streetlight issue in HSR Layout,night time visibility is zero on this street. This is happening in HSR Layout near the landmark.,32,0,5,HSR Layout,high
streetlight,Streetlight issue in Koramangala,streetlight not working since week. This is happening in Koramangala near the landmark.,34,0,5,Koramangala,high
streetlight,Streetlight issue in MG Road,light kamba not working. This is happening in MG Road near the landmark.,13,1,15,MG Road,medium
streetlight,Streetlight issue in HSR Layout,"dark road at night, no lights. This is happening in HSR Layout near the landmark.",7,1,21,HSR Layout,medium
streetlight,Streetlight issue in Malleshwaram,dangerous for women at night due to dark kamba. This is happening in Malleshwaram near the landmark.,17,1,4,Malleshwaram,medium
streetlight,Streetlight issue in Koramangala,dangerous for women at night due to dark kamba. This is happening in Koramangala near the landmark.,36,0,10,Koramangala,high
streetlight,Streetlight issue in Jayanagar,"dark road at night, no lights. This is happening in Jayanagar near the landmark.",49,0,23,Jayanagar,high
streetlight,Streetlight issue in Whitefield,night time visibility is zero on this street. This is happening in Whitefield near the landmark.,15,1,21,Whitefield,medium
streetlight,Streetlight issue in HSR Layout,flickering light on main road. This is happening in HSR Layout near the landmark.,18,1,18,HSR Layout,medium
streetlight,Streetlight issue in Jayanagar,flickering light on main road. This is happening in Jayanagar near the landmark.,49,0,23,Jayanagar,high
streetlight,Streetlight issue in HSR Layout,light kamba not working. This is happening in HSR Layout near the landmark.,29,0,22,HSR Layout,high
streetlight,Streetlight issue in Jayanagar,"dark road at night, no lights. This is happening in Jayanagar near the landmark.",28,0,4,Jayanagar,high
streetlight,Streetlight issue in HSR Layout,entire block has no streetlights. This is happening in HSR Layout near the landmark.,20,0,4,HSR Layout,medium
streetlight,Streetlight issue in Whitefield,light kamba not working. This is happening in Whitefield near the landmark.,28,0,0,Whitefield,high
streetlight,Streetlight issue in Indiranagar,streetlight not working since week. This is happening in Indiranagar near the landmark.,26,0,19,Indiranagar,high
streetlight,Streetlight issue in Koramangala,bulb fused in streetlight. This is happening in Koramangala near the landmark.,15,1,15,Koramangala,medium
streetlight,Streetlight issue in Whitefield,entire block has no streetlights. This is happening in Whitefield near the landmark.,42,0,0,Whitefield,high
streetlight,Streetlight issue in Whitefield,bulb fused in streetlight. This is happening in Whitefield near the landmark.,30,1,15,Whitefield,high
streetlight,Streetlight issue in Whitefield,unsafe area at night due to no streetlights. This is happening in Whitefield near the landmark.,25,1,14,Whitefield,medium
streetlight,Streetlight issue in MG Road,bulb fused in streetlight. This is happening in MG Road near the landmark.,24,1,0,MG Road,medium
streetlight,Streetlight issue in Malleshwaram,"dark road at night, no lights. This is happening in Malleshwaram near the landmark.",47,0,14,Malleshwaram,high
streetlight,Streetlight issue in HSR Layout,kamba broken in recent rain. This is happening in HSR Layout near the landmark.,16,0,5,HSR Layout,medium
streetlight,Streetlight issue in Malleshwaram,dangerous for women at night due to dark kamba. This is happening in Malleshwaram near the landmark.,27,1,3,Malleshwaram,high
streetlight,Streetlight issue in Jayanagar,night time visibility is zero on this street. This is happening in Jayanagar near the landmark.,43,1,20,Jayanagar,high
streetlight,Streetlight issue in Malleshwaram,kamba broken in recent rain. This is happening in Malleshwaram near the landmark.,23,1,19,Malleshwaram,medium
streetlight,Streetlight issue in MG Road,dangerous for women at night due to dark kamba. This is happening in MG Road near the landmark.,17,1,21,MG Road,medium
streetlight,Streetlight issue in Jayanagar,dangerous for women at night due to dark kamba. This is happening in Jayanagar near the landmark.,34,1,3,Jayanagar,high
streetlight,Streetlight issue in MG Road,unsafe area at night due to no streetlights. This is happening in MG Road near the landmark.,34,0,12,MG Road,high
streetlight,Streetlight issue in Whitefield,night time visibility is zero on this street. This is happening in Whitefield near the landmark.,36,1,13,Whitefield,high
streetlight,Streetlight issue in MG Road,light kamba not working. This is happening in MG Road near the landmark.,15,1,19,MG Road,medium
streetlight,Streetlight issue in MG Road,night time visibility is zero on this street. This is happening in MG Road near the landmark.,39,1,7,MG Road,high
streetlight,Streetlight issue in Koramangala,unsafe area at night due to no streetlights. This is happening in Koramangala near the landmark.,45,1,10,Koramangala,high
streetlight,Streetlight issue in Whitefield,dangerous for women at night due to dark kamba. This is happening in Whitefield near the landmark.,20,0,19,Whitefield,medium
streetlight,Streetlight issue in Whitefield,streetlight not working since week. This is happening in Whitefield near the landmark.,2,1,2,Whitefield,low
streetlight,Streetlight issue in Jayanagar,entire block has no streetlights. This is happening in Jayanagar near the landmark.,10,0,10,Jayanagar,medium
streetlight,Streetlight issue in HSR Layout,entire block has no streetlights. This is happening in HSR Layout near the landmark.,50,0,11,HSR Layout,high
streetlight,Streetlight issue in Malleshwaram,"dark road at night, no lights. This is happening in Malleshwaram near the landmark.",19,1,1,Malleshwaram,medium
streetlight,Streetlight issue in Jayanagar,night time visibility is zero on this street. This is happening in Jayanagar near the landmark.,18,0,8,Jayanagar,medium
streetlight,Streetlight issue in Jayanagar,unsafe area at night due to no streetlights. This is happening in Jayanagar near the landmark.,35,0,5,Jayanagar,high
streetlight,Streetlight issue in Malleshwaram,flickering light on main road. This is happening in Malleshwaram near the landmark.,6,0,1,Malleshwaram,medium
streetlight,Streetlight issue in HSR Layout,unsafe area at night due to no streetlights. This is happening in HSR Layout near the landmark.,1,1,15,HSR Layout,low
streetlight,Streetlight issue in Koramangala,unsafe area at night due to no streetlights. This is happening in Koramangala near the landmark.,0,1,6,Koramangala,low
streetlight,Streetlight issue in Malleshwaram,light kamba not working. This is happening in Malleshwaram near the landmark.,6,1,2,Malleshwaram,medium
streetlight,Streetlight issue in Indiranagar,night time visibility is zero on this street. This is happening in Indiranagar near the landmark.,43,0,21,Indiranagar,high
streetlight,Streetlight issue in Whitefield,bulb fused in streetlight. This is happening in Whitefield near the landmark.,33,0,6,Whitefield,high
streetlight,Streetlight issue in Malleshwaram,entire block has no streetlights. This is happening in Malleshwaram near the landmark.,19,0,13,Malleshwaram,medium
streetlight,Streetlight issue in Jayanagar,streetlight not working since week. This is happening in Jayanagar near the landmark.,2,0,0,Jayanagar,low
streetlight,Streetlight issue in MG Road,unsafe area at night due to no streetlights. This is happening in MG Road near the landmark.,41,1,16,MG Road,high
streetlight,Streetlight issue in Malleshwaram,streetlight not working since week. This is happening in Malleshwaram near the landmark.,13,1,13,Malleshwaram,medium
streetlight,Streetlight issue in MG Road,light kamba not working. This is happening in MG Road near the landmark.,46,1,8,MG Road,high
streetlight,Streetlight issue in HSR Layout,"dark road at night, no lights. This is happening in HSR Layout near the landmark.",50,1,6,HSR Layout,high
streetlight,Streetlight issue in Jayanagar,flickering light on main road. This is happening in Jayanagar near the landmark.,44,0,19,Jayanagar,high
streetlight,Streetlight issue in Jayanagar,bulb fused in streetlight. This is happening in Jayanagar near the landmark.,40,0,13,Jayanagar,high
streetlight,Streetlight issue in Jayanagar,streetlight not working since week. This is happening in Jayanagar near the landmark.,6,1,19,Jayanagar,medium
streetlight,Streetlight issue in Jayanagar,unsafe area at night due to no streetlights. This is happening in Jayanagar near the landmark.,37,0,16,Jayanagar,high
streetlight,Streetlight issue in Jayanagar,"dark road at night, no lights. This is happening in Jayanagar near the landmark.",28,0,6,Jayanagar,high
streetlight,Streetlight issue in Whitefield,entire block has no streetlights. This is happening in Whitefield near the landmark.,1,0,4,Whitefield,low
streetlight,Streetlight issue in Indiranagar,"dark road at night, no lights. This is happening in Indiranagar near the landmark.",26,0,9,Indiranagar,high
streetlight,Streetlight issue in Jayanagar,entire block has no streetlights. This is happening in Jayanagar near the landmark.,11,0,4,Jayanagar,medium
streetlight,Streetlight issue in HSR Layout,flickering light on main road. This is happening in HSR Layout near the landmark.,8,0,4,HSR Layout,medium
streetlight,Streetlight issue in Whitefield,streetlight not working since week. This is happening in Whitefield near the landmark.,37,0,20,Whitefield,high
streetlight,Streetlight issue in HSR Layout,light kamba not working. This is happening in HSR Layout near the landmark.,34,0,7,HSR Layout,high
streetlight,Streetlight issue in Jayanagar,flickering light on main road. This is happening in Jayanagar near the landmark.,25,0,14,Jayanagar,medium
streetlight,Streetlight issue in Whitefield,streetlight not working since week. This is happening in Whitefield near the landmark.,33,1,17,Whitefield,high
streetlight,Streetlight issue in HSR Layout,flickering light on main road. This is happening in HSR Layout near the landmark.,21,1,1,HSR Layout,medium
streetlight,Streetlight issue in HSR Layout,entire block has no streetlights. This is happening in HSR Layout near the landmark.,13,0,10,HSR Layout,medium
streetlight,Streetlight issue in Malleshwaram,dangerous for women at night due to dark kamba. This is happening in Malleshwaram near the landmark.,48,0,3,Malleshwaram,high
streetlight,Streetlight issue in HSR Layout,bulb fused in streetlight. This is happening in HSR Layout near the landmark.,6,0,1,HSR Layout,medium
streetlight,Streetlight issue in Malleshwaram,dangerous for women at night due to dark kamba. This is happening in Malleshwaram near the landmark.,26,0,14,Malleshwaram,high
streetlight,Streetlight issue in Koramangala,light kamba not working. This is happening in Koramangala near the landmark.,26,0,1,Koramangala,high
streetlight,Streetlight issue in Jayanagar,flickering light on main road. This is happening in Jayanagar near the landmark.,8,0,23,Jayanagar,medium
streetlight,Streetlight issue in Indiranagar,flickering light on main road. This is happening in Indiranagar near the landmark.,7,0,1,Indiranagar,medium
streetlight,Streetlight issue in HSR Layout,flickering light on main road. This is happening in HSR Layout near the landmark.,10,1,12,HSR Layout,medium
streetlight,Streetlight issue in Indiranagar,unsafe area at night due to no streetlights. This is happening in Indiranagar near the landmark.,33,1,3,Indiranagar,high
streetlight,Streetlight issue in Indiranagar,light kamba not working. This is happening in Indiranagar near the landmark.,35,0,18,Indiranagar,high
streetlight,Streetlight issue in Jayanagar,entire block has no streetlights. This is happening in Jayanagar near the landmark.,38,1,9,Jayanagar,high
streetlight,Streetlight issue in Whitefield,bulb fused in streetlight. This is happening in Whitefield near the landmark.,22,0,18,Whitefield,medium
streetlight,Streetlight issue in Whitefield,night time visibility is zero on this street. This is happening in Whitefield near the landmark.,6,0,3,Whitefield,medium
streetlight,Streetlight issue in Malleshwaram,night time visibility is zero on this street. This is happening in Malleshwaram near the landmark.,27,1,12,Malleshwaram,high
streetlight,Streetlight issue in Koramangala,light kamba not working. This is happening in Koramangala near the landmark.,20,1,8,Koramangala,medium
streetlight,Streetlight issue in MG Road,streetlight not working since week. This is happening in MG Road near the landmark.,29,1,14,MG Road,high
streetlight,Streetlight issue in HSR Layout,night time visibility is zero on this street. This is happening in HSR Layout near the landmark.,35,0,9,HSR Layout,high
streetlight,Streetlight issue in Koramangala,kamba broken in recent rain. This is happening in Koramangala near the landmark.,20,0,8,Koramangala,medium
streetlight,Streetlight issue in Jayanagar,flickering light on main road. This is happening in Jayanagar near the landmark.,31,0,15,Jayanagar,high
streetlight,Streetlight issue in MG Road,"dark road at night, no lights. This is happening in MG Road near the landmark.",9,1,4,MG Road,medium
streetlight,Streetlight issue in Indiranagar,"dark road at night, no lights. This is happening in Indiranagar near the landmark.",15,1,8,Indiranagar,medium
streetlight,Streetlight issue in Jayanagar,bulb fused in streetlight. This is happening in Jayanagar near the landmark.,8,0,21,Jayanagar,medium
streetlight,Streetlight issue in Malleshwaram,bulb fused in streetlight. This is happening in Malleshwaram near the landmark.,41,1,19,Malleshwaram,high
streetlight,Streetlight issue in Koramangala,night time visibility is zero on this street. This is happening in Koramangala near the landmark.,50,1,7,Koramangala,high
streetlight,Streetlight issue in HSR Layout,entire block has no streetlights. This is happening in HSR Layout near the landmark.,7,0,22,HSR Layout,medium
streetlight,Streetlight issue in Indiranagar,entire block has no streetlights. This is happening in Indiranagar near the landmark.,37,0,21,Indiranagar,high
streetlight,Streetlight issue in Koramangala,light kamba not working. This is happening in Koramangala near the landmark.,4,1,4,Koramangala,low
streetlight,Streetlight issue in HSR Layout,dangerous for women at night due to dark kamba. This is happening in HSR Layout near the landmark.,10,1,11,HSR Layout,medium
streetlight,Streetlight issue in Indiranagar,flickering light on main road. This is happening in Indiranagar near the landmark.,11,0,5,Indiranagar,medium
streetlight,Streetlight issue in Whitefield,bulb fused in streetlight. This is happening in Whitefield near the landmark.,16,1,13,Whitefield,medium
streetlight,Streetlight issue in HSR Layout,streetlight not working since week. This is happening in HSR Layout near the landmark.,12,1,19,HSR Layout,medium
streetlight,Streetlight issue in Jayanagar,night time visibility is zero on this street. This is happening in Jayanagar near the landmark.,49,0,20,Jayanagar,high
streetlight,Streetlight issue in Malleshwaram,entire block has no streetlights. This is happening in Malleshwaram near the landmark.,25,0,21,Malleshwaram,medium
streetlight,Streetlight issue in Jayanagar,kamba broken in recent rain. This is happening in Jayanagar near the landmark.,11,1,4,Jayanagar,medium
streetlight,Streetlight issue in Whitefield,unsafe area at night due to no streetlights. This is happening in Whitefield near the landmark.,26,0,23,Whitefield,high
streetlight,Streetlight issue in Malleshwaram,night time visibility is zero on this street. This is happening in Malleshwaram near the landmark.,2,1,11,Malleshwaram,low
streetlight,Streetlight issue in Koramangala,entire block has no streetlights. This is happening in Koramangala near the landmark.,6,1,3,Koramangala,medium
streetlight,Streetlight issue in Malleshwaram,bulb fused in streetlight. This is happening in Malleshwaram near the landmark.,10,1,17,Malleshwaram,medium
streetlight,Streetlight issue in Jayanagar,night time visibility is zero on this street. This is happening in Jayanagar near the landmark.,38,0,0,Jayanagar,high
streetlight,Streetlight issue in Jayanagar,unsafe area at night due to no streetlights. This is happening in Jayanagar near the landmark.,15,0,13,Jayanagar,medium
streetlight,Streetlight issue in Whitefield,kamba broken in recent rain. This is happening in Whitefield near the landmark.,32,0,22,Whitefield,high
streetlight,Streetlight issue in Whitefield,streetlight not working since week. This is happening in Whitefield near the landmark.,0,0,15,Whitefield,low
streetlight,Streetlight issue in HSR Layout,night time visibility is zero on this street. This is happening in HSR Layout near the landmark.,49,0,4,HSR Layout,high
streetlight,Streetlight issue in Whitefield,entire block has no streetlights. This is happening in Whitefield near the landmark.,43,0,18,Whitefield,high
streetlight,Streetlight issue in Koramangala,light kamba not working. This is happening in Koramangala near the landmark.,28,0,23,Koramangala,high
streetlight,Streetlight issue in Koramangala,streetlight not working since week. This is happening in Koramangala near the landmark.,39,1,22,Koramangala,high
streetlight,Streetlight issue in HSR Layout,bulb fused in streetlight. This is happening in HSR Layout near the landmark.,33,0,14,HSR Layout,high
streetlight,Streetlight issue in MG Road,"dark road at night, no lights. This is happening in MG Road near the landmark.",19,1,12,MG Road,medium
streetlight,Streetlight issue in Koramangala,unsafe area at night due to no streetlights. This is happening in Koramangala near the landmark.,23,1,6,Koramangala,medium
streetlight,Streetlight issue in Indiranagar,light kamba not working. This is happening in Indiranagar near the landmark.,47,1,20,Indiranagar,high
streetlight,Streetlight issue in Jayanagar,bulb fused in streetlight. This is happening in Jayanagar near the landmark.,43,1,4,Jayanagar,high
streetlight,Streetlight issue in Jayanagar,dangerous for women at night due to dark kamba. This is happening in Jayanagar near the landmark.,18,0,14,Jayanagar,medium
streetlight,Streetlight issue in Whitefield,bulb fused in streetlight. This is happening in Whitefield near the landmark.,7,0,22,Whitefield,medium
streetlight,Streetlight issue in HSR Layout,light kamba not working. This is happening in HSR Layout near the landmark.,31,0,6,HSR Layout,high
streetlight,Streetlight issue in Koramangala,unsafe area at night due to no streetlights. This is happening in Koramangala near the landmark.,7,0,1,Koramangala,medium
streetlight,Streetlight issue in HSR Layout,"dark road at night, no lights. This is happening in HSR Layout near the landmark.",38,0,10,HSR Layout,high
streetlight,Streetlight issue in Whitefield,"dark road at night, no lights. This is happening in Whitefield near the landmark.",48,0,1,Whitefield,high
streetlight,Streetlight issue in HSR Layout,night time visibility is zero on this street. This is happening in HSR Layout near the landmark.,41,1,22,HSR Layout,high
streetlight,Streetlight issue in Malleshwaram,unsafe area at night due to no streetlights. This is happening in Malleshwaram near the landmark.,43,0,20,Malleshwaram,high
streetlight,Streetlight issue in Whitefield,entire block has no streetlights. This is happening in Whitefield near the landmark.,24,0,17,Whitefield,medium
streetlight,Streetlight issue in Koramangala,unsafe area at night due to no streetlights. This is happening in Koramangala near the landmark.,27,0,4,Koramangala,high
streetlight,Streetlight issue in Koramangala,entire block has no streetlights. This is happening in Koramangala near the landmark.,31,0,7,Koramangala,high
streetlight,Streetlight issue in Indiranagar,bulb fused in streetlight. This is happening in Indiranagar near the landmark.,44,1,22,Indiranagar,high
streetlight,Streetlight issue in Koramangala,flickering light on main road. This is happening in Koramangala near the landmark.,28,1,4,Koramangala,high
streetlight,Streetlight issue in MG Road,dangerous for women at night due to dark kamba. This is happening in MG Road near the landmark.,0,0,2,MG Road,low
streetlight,Streetlight issue in Jayanagar,dangerous for women at night due to dark kamba. This is happening in Jayanagar near the landmark.,1,1,10,Jayanagar,low
streetlight,Streetlight issue in Koramangala,streetlight not working since week. This is happening in Koramangala near the landmark.,8,1,22,Koramangala,medium
streetlight,Streetlight issue in HSR Layout,bulb fused in streetlight. This is happening in HSR Layout near the landmark.,40,1,14,HSR Layout,high
streetlight,Streetlight issue in Jayanagar,streetlight not working since week. This is happening in Jayanagar near the landmark.,11,1,1,Jayanagar,medium
streetlight,Streetlight issue in Jayanagar,light kamba not working. This is happening in Jayanagar near the landmark.,0,1,0,Jayanagar,low
streetlight,Streetlight issue in HSR Layout,night time visibility is zero on this street. This is happening in HSR Layout near the landmark.,30,0,14,HSR Layout,high
streetlight,Streetlight issue in Malleshwaram,flickering light on main road. This is happening in Malleshwaram near the landmark.,17,0,13,Malleshwaram,medium
streetlight,Streetlight issue in Whitefield,light kamba not working. This is happening in Whitefield near the landmark.,0,1,7,Whitefield,low
streetlight,Streetlight issue in HSR Layout,"dark road at night, no lights. This is happening in HSR Layout near the landmark.",30,1,20,HSR Layout,high
streetlight,Streetlight issue in Whitefield,flickering light on main road. This is happening in Whitefield near the landmark.,11,0,1,Whitefield,medium
streetlight,Streetlight issue in Indiranagar,flickering light on main road. This is happening in Indiranagar near the landmark.,50,0,21,Indiranagar,high
streetlight,Streetlight issue in MG Road,unsafe area at night due to no streetlights. This is happening in MG Road near the landmark.,11,0,15,MG Road,medium
streetlight,Streetlight issue in Indiranagar,dangerous for women at night due to dark kamba. This is happening in Indiranagar near the landmark.,33,1,11,Indiranagar,high
streetlight,Streetlight issue in MG Road,entire block has no streetlights. This is happening in MG Road near the landmark.,44,1,15,MG Road,high
streetlight,Streetlight issue in Whitefield,kamba broken in recent rain. This is happening in Whitefield near the landmark.,37,1,22,Whitefield,high
streetlight,Streetlight issue in MG Road,light kamba not working. This is happening in MG Road near the landmark.,33,0,19,MG Road,high
streetlight,Streetlight issue in Jayanagar,entire block has no streetlights. This is happening in Jayanagar near the landmark.,4,0,9,Jayanagar,low
streetlight,Streetlight issue in Jayanagar,light kamba not working. This is happening in Jayanagar near the landmark.,22,0,11,Jayanagar,medium
streetlight,Streetlight issue in Whitefield,dangerous for women at night due to dark kamba. This is happening in Whitefield near the landmark.,48,1,7,Whitefield,high
streetlight,Streetlight issue in HSR Layout,streetlight not working since week. This is happening in HSR Layout near the landmark.,27,0,8,HSR Layout,high
streetlight,Streetlight issue in MG Road,"dark road at night, no lights. This is happening in MG Road near the landmark.",48,1,23,MG Road,high
streetlight,Streetlight issue in Malleshwaram,unsafe area at night due to no streetlights. This is happening in Malleshwaram near the landmark.,25,0,21,Malleshwaram,medium
streetlight,Streetlight issue in Whitefield,dangerous for women at night due to dark kamba. This is happening in Whitefield near the landmark.,4,1,1,Whitefield,low
streetlight,Streetlight issue in Jayanagar,bulb fused in streetlight. This is happening in Jayanagar near the landmark.,34,1,14,Jayanagar,high
streetlight,Streetlight issue in MG Road,light kamba not working. This is happening in MG Road near the landmark.,4,0,11,MG Road,low
streetlight,Streetlight issue in HSR Layout,kamba broken in recent rain. This is happening in HSR Layout near the landmark.,18,1,15,HSR Layout,medium
streetlight,Streetlight issue in Malleshwaram,dangerous for women at night due to dark kamba. This is happening in Malleshwaram near the landmark.,14,1,23,Malleshwaram,medium
streetlight,Streetlight issue in Whitefield,kamba broken in recent rain. This is happening in Whitefield near the landmark.,47,1,20,Whitefield,high
streetlight,Streetlight issue in Indiranagar,night time visibility is zero on this street. This is happening in Indiranagar near the landmark.,27,0,18,Indiranagar,high
streetlight,Streetlight issue in Malleshwaram,entire block has no streetlights. This is happening in Malleshwaram near the landmark.,23,0,1,Malleshwaram,medium
streetlight,Streetlight issue in HSR Layout,night time visibility is zero on this street. This is happening in HSR Layout near the landmark.,24,1,1,HSR Layout,medium
streetlight,Streetlight issue in Indiranagar,flickering light on main road. This is happening in Indiranagar near the landmark.,6,1,9,Indiranagar,medium
streetlight,Streetlight issue in MG Road,bulb fused in streetlight. This is happening in MG Road near the landmark.,36,1,19,MG Road,high
streetlight,Streetlight issue in Jayanagar,dangerous for women at night due to dark kamba. This is happening in Jayanagar near the landmark.,17,0,22,Jayanagar,medium
streetlight,Streetlight issue in Indiranagar,entire block has no streetlights. This is happening in Indiranagar near the landmark.,24,1,21,Indiranagar,medium
streetlight,Streetlight issue in Whitefield,"dark road at night, no lights. This is happening in Whitefield near the landmark.",47,1,7,Whitefield,high
streetlight,Streetlight issue in HSR Layout,flickering light on main road. This is happening in HSR Layout near the landmark.,35,1,7,HSR Layout,high
streetlight,Streetlight issue in Jayanagar,unsafe area at night due to no streetlights. This is happening in Jayanagar near the landmark.,3,0,11,Jayanagar,low
streetlight,Streetlight issue in Indiranagar,flickering light on main road. This is happening in Indiranagar near the landmark.,33,1,16,Indiranagar,high
streetlight,Streetlight issue in Whitefield,"dark road at night, no lights. This is happening in Whitefield near the landmark.",42,0,6,Whitefield,high
streetlight,Streetlight issue in Malleshwaram,dangerous for women at night due to dark kamba. This is happening in Malleshwaram near the landmark.,20,1,12,Malleshwaram,medium
streetlight,Streetlight issue in Koramangala,light kamba not working. This is happening in Koramangala near the landmark.,43,1,0,Koramangala,high
streetlight,Streetlight issue in Malleshwaram,kamba broken in recent rain. This is happening in Malleshwaram near the landmark.,12,1,18,Malleshwaram,medium
streetlight,Streetlight issue in MG Road,streetlight not working since week. This is happening in MG Road near the landmark.,7,1,14,MG Road,medium
streetlight,Streetlight issue in MG Road,unsafe area at night due to no streetlights. This is happening in MG Road near the landmark.,22,0,17,MG Road,medium
streetlight,Streetlight issue in MG Road,unsafe area at night due to no streetlights. This is happening in MG Road near the landmark.,27,0,19,MG Road,high
streetlight,Streetlight issue in Koramangala,streetlight not working since week. This is happening in Koramangala near the landmark.,43,0,6,Koramangala,high
streetlight,Streetlight issue in Malleshwaram,"dark road at night, no lights. This is happening in Malleshwaram near the landmark.",38,1,4,Malleshwaram,high
streetlight,Streetlight issue in Indiranagar,flickering light on main road. This is happening in Indiranagar near the landmark.,45,0,14,Indiranagar,high
streetlight,Streetlight issue in Koramangala,bulb fused in streetlight. This is happening in Koramangala near the landmark.,18,0,2,Koramangala,medium
streetlight,Streetlight issue in Jayanagar,light kamba not working. This is happening in Jayanagar near the landmark.,37,0,22,Jayanagar,high
streetlight,Streetlight issue in Whitefield,light kamba not working. This is happening in Whitefield near the landmark.,50,1,8,Whitefield,high
streetlight,Streetlight issue in Whitefield,kamba broken in recent rain. This is happening in Whitefield near the landmark.,0,0,14,Whitefield,low
streetlight,Streetlight issue in HSR Layout,night time visibility is zero on this street. This is happening in HSR Layout near the landmark.,12,1,10,HSR Layout,medium
streetlight,Streetlight issue in MG Road,streetlight not working since week. This is happening in MG Road near the landmark.,21,1,22,MG Road,medium
streetlight,Streetlight issue in Jayanagar,streetlight not working since week. This is happening in Jayanagar near the landmark.,20,0,2,Jayanagar,medium
streetlight,Streetlight issue in Malleshwaram,light kamba not working. This is happening in Malleshwaram near the landmark.,45,1,20,Malleshwaram,high
streetlight,Streetlight issue in Koramangala,night time visibility is zero on this street. This is happening in Koramangala near the landmark.,38,1,19,Koramangala,high
streetlight,Streetlight issue in Whitefield,entire block has no streetlights. This is happening in Whitefield near the landmark.,36,1,9,Whitefield,high
streetlight,Streetlight issue in Koramangala,unsafe area at night due to no streetlights. This is happening in Koramangala near the landmark.,21,0,21,Koramangala,medium
streetlight,Streetlight issue in Whitefield,"dark road at night, no lights. This is happening in Whitefield near the landmark.",37,1,14,Whitefield,high
streetlight,Streetlight issue in Whitefield,streetlight not working since week. This is happening in Whitefield near the landmark.,1,0,5,Whitefield,low
streetlight,Streetlight issue in Malleshwaram,light kamba not working. This is happening in Malleshwaram near the landmark.,42,0,23,Malleshwaram,high
streetlight,Streetlight issue in MG Road,"dark road at night, no lights. This is happening in MG Road near the landmark.",6,0,20,MG Road,medium
streetlight,Streetlight issue in Malleshwaram,unsafe area at night due to no streetlights. This is happening in Malleshwaram near the landmark.,6,0,23,Malleshwaram,medium
streetlight,Streetlight issue in Jayanagar,entire block has no streetlights. This is happening in Jayanagar near the landmark.,46,0,22,Jayanagar,high
streetlight,Streetlight issue in Jayanagar,light kamba not working. This is happening in Jayanagar near the landmark.,46,0,5,Jayanagar,high
streetlight,Streetlight issue in Whitefield,bulb fused in streetlight. This is happening in Whitefield near the landmark.,29,0,14,Whitefield,high
streetlight,Streetlight issue in Malleshwaram,"dark road at night, no lights. This is happening in Malleshwaram near the landmark.",10,0,4,Malleshwaram,medium
streetlight,Streetlight issue in MG Road,unsafe area at night due to no streetlights. This is happening in MG Road near the landmark.,24,1,7,MG Road,medium
streetlight,Streetlight issue in Koramangala,flickering light on main road. This is happening in Koramangala near the landmark.,19,0,19,Koramangala,medium
streetlight,Streetlight issue in Koramangala,unsafe area at night due to no streetlights. This is happening in Koramangala near the landmark.,9,1,17,Koramangala,medium
streetlight,Streetlight issue in Koramangala,"dark road at night, no lights. This is happening in Koramangala near the landmark.",16,0,18,Koramangala,medium
streetlight,Streetlight issue in Malleshwaram,light kamba not working. This is happening in Malleshwaram near the landmark.,32,0,7,Malleshwaram,high
streetlight,Streetlight issue in Jayanagar,flickering light on main road. This is happening in Jayanagar near the landmark.,40,1,16,Jayanagar,high
streetlight,Streetlight issue in MG Road,light kamba not working. This is happening in MG Road near the landmark.,16,1,23,MG Road,medium
streetlight,Streetlight issue in Koramangala,streetlight not working since week. This is happening in Koramangala near the landmark.,41,0,10,Koramangala,high
streetlight,Streetlight issue in Jayanagar,kamba broken in recent rain. This is happening in Jayanagar near the landmark.,14,0,19,Jayanagar,medium
streetlight,Streetlight issue in Indiranagar,light kamba not working. This is happening in Indiranagar near the landmark.,1,1,20,Indiranagar,low
streetlight,Streetlight issue in Indiranagar,kamba broken in recent rain. This is happening in Indiranagar near the landmark.,26,1,3,Indiranagar,high
streetlight,Streetlight issue in Whitefield,dangerous for women at night due to dark kamba. This is happening in Whitefield near the landmark.,35,1,16,Whitefield,high
streetlight,Streetlight issue in Jayanagar,kamba broken in recent rain. This is happening in Jayanagar near the landmark.,49,0,8,Jayanagar,high
streetlight,Streetlight issue in Jayanagar,kamba broken in recent rain. This is happening in Jayanagar near the landmark.,45,1,1,Jayanagar,high
streetlight,Streetlight issue in Whitefield,kamba broken in recent rain. This is happening in Whitefield near the landmark.,32,1,14,Whitefield,high
streetlight,Streetlight issue in Whitefield,light kamba not working. This is happening in Whitefield near the landmark.,36,0,6,Whitefield,high
streetlight,Streetlight issue in Jayanagar,night time visibility is zero on this street. This is happening in Jayanagar near the landmark.,22,1,4,Jayanagar,medium
streetlight,Streetlight issue in Whitefield,bulb fused in streetlight. This is happening in Whitefield near the landmark.,30,0,18,Whitefield,high
streetlight,Streetlight issue in MG Road,dangerous for women at night due to dark kamba. This is happening in MG Road near the landmark.,15,1,16,MG Road,medium
streetlight,Streetlight issue in Indiranagar,unsafe area at night due to no streetlights. This is happening in Indiranagar near the landmark.,35,1,18,Indiranagar,high
streetlight,Streetlight issue in MG Road,light kamba not working. This is happening in MG Road near the landmark.,21,1,3,MG Road,medium
streetlight,Streetlight issue in Malleshwaram,"dark road at night, no lights. This is happening in Malleshwaram near the landmark.",42,1,15,Malleshwaram,high
streetlight,Streetlight issue in HSR Layout,light kamba not working. This is happening in HSR Layout near the landmark.,18,1,10,HSR Layout,medium
streetlight,Streetlight issue in Malleshwaram,bulb fused in streetlight. This is happening in Malleshwaram near the landmark.,30,1,22,Malleshwaram,high
streetlight,Streetlight issue in Indiranagar,flickering light on main road. This is happening in Indiranagar near the landmark.,0,1,2,Indiranagar,low
streetlight,Streetlight issue in Jayanagar,entire block has no streetlights. This is happening in Jayanagar near the landmark.,24,1,18,Jayanagar,medium
streetlight,Streetlight issue in Whitefield,"dark road at night, no lights. This is happening in Whitefield near the landmark.",37,1,1,Whitefield,high
streetlight,Streetlight issue in Whitefield,flickering light on main road. This is happening in Whitefield near the landmark.,34,1,1,Whitefield,high
streetlight,Streetlight issue in Malleshwaram,flickering light on main road. This is happening in Malleshwaram near the landmark.,10,0,7,Malleshwaram,medium
streetlight,Streetlight issue in MG Road,dangerous for women at night due to dark kamba. This is happening in MG Road near the landmark.,36,0,23,MG Road,high
streetlight,Streetlight issue in Jayanagar,unsafe area at night due to no streetlights. This is happening in Jayanagar near the landmark.,15,0,9,Jayanagar,medium
streetlight,Streetlight issue in Indiranagar,bulb fused in streetlight. This is happening in Indiranagar near the landmark.,17,0,11,Indiranagar,medium
streetlight,Streetlight issue in Malleshwaram,bulb fused in streetlight. This is happening in Malleshwaram near the landmark.,18,1,1,Malleshwaram,medium
streetlight,Streetlight issue in Malleshwaram,kamba broken in recent rain. This is happening in Malleshwaram near the landmark.,33,1,13,Malleshwaram,high
streetlight,Streetlight issue in Jayanagar,night time visibility is zero on this street. This is happening in Jayanagar near the landmark.,30,0,18,Jayanagar,high
streetlight,Streetlight issue in Koramangala,streetlight not working since week. This is happening in Koramangala near the landmark.,46,0,13,Koramangala,high
streetlight,Streetlight issue in Jayanagar,flickering light on main road. This is happening in Jayanagar near the landmark.,39,0,23,Jayanagar,high
streetlight,Streetlight issue in Indiranagar,flickering light on main road. This is happening in Indiranagar near the landmark.,14,0,7,Indiranagar,medium
streetlight,Streetlight issue in Jayanagar,dangerous for women at night due to dark kamba. This is happening in Jayanagar near the landmark.,42,1,12,Jayanagar,high
streetlight,Streetlight issue in Malleshwaram,entire block has no streetlights. This is happening in Malleshwaram near the landmark.,10,1,14,Malleshwaram,medium
streetlight,Streetlight issue in Koramangala,unsafe area at night due to no streetlights. This is happening in Koramangala near the landmark.,6,1,0,Koramangala,medium
streetlight,Streetlight issue in Jayanagar,unsafe area at night due to no streetlights. This is happening in Jayanagar near the landmark.,33,1,0,Jayanagar,high
streetlight,Streetlight issue in Koramangala,"dark road at night, no lights. This is happening in Koramangala near the landmark.",44,1,7,Koramangala,high
streetlight,Streetlight issue in MG Road,kamba broken in recent rain. This is happening in MG Road near the landmark.,4,1,6,MG Road,low
streetlight,Streetlight issue in Malleshwaram,dangerous for women at night due to dark kamba. This is happening in Malleshwaram near the landmark.,34,1,19,Malleshwaram,high
streetlight,Streetlight issue in Malleshwaram,"dark road at night, no lights. This is happening in Malleshwaram near the landmark.",44,1,10,Malleshwaram,high
streetlight,Streetlight issue in MG Road,bulb fused in streetlight. This is happening in MG Road near the landmark.,21,1,17,MG Road,medium
streetlight,Streetlight issue in Koramangala,light kamba not working. This is happening in Koramangala near the landmark.,28,0,12,Koramangala,high
streetlight,Streetlight issue in MG Road,night time visibility is zero on this street. This is happening in MG Road near the landmark.,8,1,23,MG Road,medium
streetlight,Streetlight issue in Whitefield,night time visibility is zero on this street. This is happening in Whitefield near the landmark.,6,1,21,Whitefield,medium
streetlight,Streetlight issue in MG Road,flickering light on main road. This is happening in MG Road near the landmark.,1,0,9,MG Road,low
streetlight,Streetlight issue in Whitefield,streetlight not working since week. This is happening in Whitefield near the landmark.,0,1,3,Whitefield,low
streetlight,Streetlight issue in HSR Layout,kamba broken in recent rain. This is happening in HSR Layout near the landmark.,0,1,3,HSR Layout,low
streetlight,Streetlight issue in Malleshwaram,dangerous for women at night due to dark kamba. This is happening in Malleshwaram near the landmark.,3,0,4,Malleshwaram,low
streetlight,Streetlight issue in Whitefield,dangerous for women at night due to dark kamba. This is happening in Whitefield near the landmark.,31,1,19,Whitefield,high
streetlight,Streetlight issue in Indiranagar,night time visibility is zero on this street. This is happening in Indiranagar near the landmark.,44,1,11,Indiranagar,high
streetlight,Streetlight issue in HSR Layout,light kamba not working. This is happening in HSR Layout near the landmark.,20,0,12,HSR Layout,medium
streetlight,Streetlight issue in MG Road,streetlight not working since week. This is happening in MG Road near the landmark.,5,1,6,MG Road,medium
streetlight,Streetlight issue in HSR Layout,bulb fused in streetlight. This is happening in HSR Layout near the landmark.,7,1,22,HSR Layout,medium
streetlight,Streetlight issue in Koramangala,bulb fused in streetlight. This is happening in Koramangala near the landmark.,43,0,3,Koramangala,high
streetlight,Streetlight issue in Jayanagar,dangerous for women at night due to dark kamba. This is happening in Jayanagar near the landmark.,47,1,1,Jayanagar,high
streetlight,Streetlight issue in Jayanagar,dangerous for women at night due to dark kamba. This is happening in Jayanagar near the landmark.,45,1,2,Jayanagar,high
streetlight,Streetlight issue in Whitefield,entire block has no streetlights. This is happening in Whitefield near the landmark.,18,1,10,Whitefield,medium
streetlight,Streetlight issue in MG Road,night time visibility is zero on this street. This is happening in MG Road near the landmark.,5,1,11,MG Road,medium
streetlight,Streetlight issue in Whitefield,"dark road at night, no lights. This is happening in Whitefield near the landmark.",2,0,18,Whitefield,low
streetlight,Streetlight issue in Malleshwaram,entire block has no streetlights. This is happening in Malleshwaram near the landmark.,10,1,20,Malleshwaram,medium
streetlight,Streetlight issue in Indiranagar,flickering light on main road. This is happening in Indiranagar near the landmark.,25,1,23,Indiranagar,medium
streetlight,Streetlight issue in MG Road,flickering light on main road. This is happening in MG Road near the landmark.,26,1,8,MG Road,high
streetlight,Streetlight issue in Koramangala,entire block has no streetlights. This is happening in Koramangala near the landmark.,18,1,14,Koramangala,medium
streetlight,Streetlight issue in HSR Layout,night time visibility is zero on this street. This is happening in HSR Layout near the landmark.,19,0,4,HSR Layout,medium
streetlight,Streetlight issue in HSR Layout,kamba broken in recent rain. This is happening in HSR Layout near the landmark.,11,0,22,HSR Layout,medium
streetlight,Streetlight issue in Jayanagar,"dark road at night, no lights. This is happening in Jayanagar near the landmark.",48,1,16,Jayanagar,high
streetlight,Streetlight issue in Whitefield,flickering light on main road. This is happening in Whitefield near the landmark.,3,1,6,Whitefield,low
streetlight,Streetlight issue in Indiranagar,flickering light on main road. This is happening in Indiranagar near the landmark.,7,1,13,Indiranagar,medium
streetlight,Streetlight issue in Indiranagar,flickering light on main road. This is happening in Indiranagar near the landmark.,4,1,4,Indiranagar,low
streetlight,Streetlight issue in Malleshwaram,unsafe area at night due to no streetlights. This is happening in Malleshwaram near the landmark.,40,0,0,Malleshwaram,high
streetlight,Streetlight issue in MG Road,flickering light on main road. This is happening in MG Road near the landmark.,48,0,9,MG Road,high
streetlight,Streetlight issue in Whitefield,kamba broken in recent rain. This is happening in Whitefield near the landmark.,45,1,7,Whitefield,high
streetlight,Streetlight issue in MG Road,night time visibility is zero on this street. This is happening in MG Road near the landmark.,41,1,20,MG Road,high
streetlight,Streetlight issue in Koramangala,kamba broken in recent rain. This is happening in Koramangala near the landmark.,17,0,21,Koramangala,medium
streetlight,Streetlight issue in HSR Layout,"dark road at night, no lights. This is happening in HSR Layout near the landmark.",29,0,19,HSR Layout,high
streetlight,Streetlight issue in HSR Layout,entire block has no streetlights. This is happening in HSR Layout near the landmark.,37,0,10,HSR Layout,high
streetlight,Streetlight issue in Malleshwaram,bulb fused in streetlight. This is happening in Malleshwaram near the landmark.,26,0,15,Malleshwaram,high
streetlight,Streetlight issue in Koramangala,entire block has no streetlights. This is happening in Koramangala near the landmark.,44,0,2,Koramangala,high
streetlight,Streetlight issue in Whitefield,dangerous for women at night due to dark kamba. This is happening in Whitefield near the landmark.,47,1,11,Whitefield,high
streetlight,Streetlight issue in Indiranagar,unsafe area at night due to no streetlights. This is happening in Indiranagar near the landmark.,38,1,14,Indiranagar,high
sewage,Sewage issue in Jayanagar,sewer line choked. This is happening in Jayanagar near the landmark.,46,0,6,Jayanagar,high
sewage,Sewage issue in Jayanagar,overflowing drains near hospital. This is happening in Jayanagar near the landmark.,42,0,20,Jayanagar,high
sewage,Sewage issue in Indiranagar,gutter water coming into house. This is happening in Indiranagar near the landmark.,25,1,0,Indiranagar,medium
sewage,Sewage issue in Indiranagar,drainage water blocking path. This is happening in Indiranagar near the landmark.,5,1,23,Indiranagar,medium
sewage,Sewage issue in HSR Layout,stagnant sewage water on street. This is happening in HSR Layout near the landmark.,17,0,21,HSR Layout,medium
sewage,Sewage issue in Indiranagar,underground drainage system failed. This is happening in Indiranagar near the landmark.,8,1,2,Indiranagar,medium
sewage,Sewage issue in Indiranagar,sewage overflow on road. This is happening in Indiranagar near the landmark.,27,1,1,Indiranagar,high
sewage,Sewage issue in MG Road,toxic smell from open drainage. This is happening in MG Road near the landmark.,27,1,15,MG Road,high
sewage,Sewage issue in Whitefield,sewer line choked. This is happening in Whitefield near the landmark.,16,0,12,Whitefield,medium
sewage,Sewage issue in Koramangala,manhole lid is broken. This is happening in Koramangala near the landmark.,13,0,13,Koramangala,medium
sewage,Sewage issue in Malleshwaram,stagnant sewage water on street. This is happening in Malleshwaram near the landmark.,24,1,22,Malleshwaram,medium
sewage,Sewage issue in HSR Layout,manhole lid is broken. This is happening in HSR Layout near the landmark.,10,0,18,HSR Layout,medium
sewage,Sewage issue in MG Road,sewage overflow on road. This is happening in MG Road near the landmark.,13,1,12,MG Road,medium
sewage,Sewage issue in Malleshwaram,manhole lid is broken. This is happening in Malleshwaram near the landmark.,17,0,20,Malleshwaram,medium
sewage,Sewage issue in Whitefield,sewer line choked. This is happening in Whitefield near the landmark.,10,1,16,Whitefield,medium
sewage,Sewage issue in Jayanagar,toxic smell from open drainage. This is happening in Jayanagar near the landmark.,42,1,1,Jayanagar,high
sewage,Sewage issue in Indiranagar,stagnant sewage water on street. This is happening in Indiranagar near the landmark.,24,0,9,Indiranagar,medium
sewage,Sewage issue in HSR Layout,sewer line choked. This is happening in HSR Layout near the landmark.,46,1,11,HSR Layout,high
sewage,Sewage issue in MG Road,sewage overflow on road. This is happening in MG Road near the landmark.,14,0,21,MG Road,medium
sewage,Sewage issue in Indiranagar,overflowing drains near hospital. This is happening in Indiranagar near the landmark.,6,0,16,Indiranagar,medium
sewage,Sewage issue in Koramangala,gutter water coming into house. This is happening in Koramangala near the landmark.,50,0,14,Koramangala,high
sewage,Sewage issue in Whitefield,stagnant sewage water on street. This is happening in Whitefield near the landmark.,47,0,5,Whitefield,high
sewage,Sewage issue in MG Road,sewage overflow on road. This is happening in MG Road near the landmark.,41,0,6,MG Road,high
sewage,Sewage issue in HSR Layout,stagnant sewage water on street. This is happening in HSR Layout near the landmark.,28,0,8,HSR Layout,high
sewage,Sewage issue in Whitefield,underground drainage system failed. This is happening in Whitefield near the landmark.,14,1,20,Whitefield,medium
sewage,Sewage issue in HSR Layout,stagnant sewage water on street. This is happening in HSR Layout near the landmark.,30,0,23,HSR Layout,high
sewage,Sewage issue in Koramangala,overflowing drains near hospital. This is happening in Koramangala near the landmark.,34,1,1,Koramangala,high
sewage,Sewage issue in Indiranagar,overflowing drains near hospital. This is happening in Indiranagar near the landmark.,50,1,23,Indiranagar,high
sewage,Sewage issue in Jayanagar,sewer line choked. This is happening in Jayanagar near the landmark.,1,0,6,Jayanagar,medium
sewage,Sewage issue in HSR Layout,underground drainage system failed. This is happening in HSR Layout near the landmark.,48,0,8,HSR Layout,high
sewage,Sewage issue in Jayanagar,"manhole uncovered, very bad smell. This is happening in Jayanagar near the landmark.",10,1,11,Jayanagar,medium
sewage,Sewage issue in Malleshwaram,manhole lid is broken. This is happening in Malleshwaram near the landmark.,14,1,7,Malleshwaram,medium
sewage,Sewage issue in Malleshwaram,stagnant sewage water on street. This is happening in Malleshwaram near the landmark.,30,0,0,Malleshwaram,high
sewage,Sewage issue in Indiranagar,gutter water coming into house. This is happening in Indiranagar near the landmark.,45,1,8,Indiranagar,high
sewage,Sewage issue in Jayanagar,drainage water blocking path. This is happening in Jayanagar near the landmark.,24,1,3,Jayanagar,medium
sewage,Sewage issue in Jayanagar,overflowing drains near hospital. This is happening in Jayanagar near the landmark.,26,1,0,Jayanagar,high
sewage,Sewage issue in Indiranagar,toxic smell from open drainage. This is happening in Indiranagar near the landmark.,42,0,23,Indiranagar,high
sewage,Sewage issue in Whitefield,sewage overflow on road. This is happening in Whitefield near the landmark.,41,0,5,Whitefield,high
sewage,Sewage issue in Jayanagar,gutter water coming into house. This is happening in Jayanagar near the landmark.,4,1,13,Jayanagar,medium
sewage,Sewage issue in MG Road,underground drainage system failed. This is happening in MG Road near the landmark.,29,0,10,MG Road,high
sewage,Sewage issue in Jayanagar,drainage water blocking path. This is happening in Jayanagar near the landmark.,29,0,10,Jayanagar,high
sewage,Sewage issue in Malleshwaram,"manhole uncovered, very bad smell. This is happening in Malleshwaram near the landmark.",37,1,10,Malleshwaram,high
sewage,Sewage issue in Jayanagar,underground drainage system failed. This is happening in Jayanagar near the landmark.,19,0,2,Jayanagar,medium
sewage,Sewage issue in Malleshwaram,underground drainage system failed. This is happening in Malleshwaram near the landmark.,39,1,17,Malleshwaram,high
sewage,Sewage issue in Koramangala,sewer line choked. This is happening in Koramangala near the landmark.,12,0,20,Koramangala,medium
sewage,Sewage issue in MG Road,toxic smell from open drainage. This is happening in MG Road near the landmark.,25,0,14,MG Road,medium
sewage,Sewage issue in Koramangala,stagnant sewage water on street. This is happening in Koramangala near the landmark.,23,1,14,Koramangala,medium
sewage,Sewage issue in MG Road,overflowing drains near hospital. This is happening in MG Road near the landmark.,30,0,19,MG Road,high
sewage,Sewage issue in Indiranagar,gutter water coming into house. This is happening in Indiranagar near the landmark.,46,0,21,Indiranagar,high
sewage,Sewage issue in Indiranagar,sewer line choked. This is happening in Indiranagar near the landmark.,18,0,23,Indiranagar,medium
sewage,Sewage issue in Whitefield,gutter water coming into house. This is happening in Whitefield near the landmark.,44,0,1,Whitefield,high
sewage,Sewage issue in Malleshwaram,manhole lid is broken. This is happening in Malleshwaram near the landmark.,2,0,11,Malleshwaram,medium
sewage,Sewage issue in Whitefield,toxic smell from open drainage. This is happening in Whitefield near the landmark.,24,0,5,Whitefield,medium
sewage,Sewage issue in Malleshwaram,gutter water coming into house. This is happening in Malleshwaram near the landmark.,13,0,4,Malleshwaram,medium
sewage,Sewage issue in Jayanagar,sewage overflow on road. This is happening in Jayanagar near the landmark.,36,0,21,Jayanagar,high
sewage,Sewage issue in HSR Layout,underground drainage system failed. This is happening in HSR Layout near the landmark.,16,0,13,HSR Layout,medium
sewage,Sewage issue in Jayanagar,manhole lid is broken. This is happening in Jayanagar near the landmark.,23,0,19,Jayanagar,medium
sewage,Sewage issue in Koramangala,sewer line choked. This is happening in Koramangala near the landmark.,47,0,2,Koramangala,high
sewage,Sewage issue in Whitefield,gutter water coming into house. This is happening in Whitefield near the landmark.,16,0,18,Whitefield,medium
sewage,Sewage issue in MG Road,"manhole uncovered, very bad smell. This is happening in MG Road near the landmark.",8,1,10,MG Road,medium
sewage,Sewage issue in MG Road,overflowing drains near hospital. This is happening in MG Road near the landmark.,19,0,9,MG Road,medium
sewage,Sewage issue in Whitefield,gutter water coming into house. This is happening in Whitefield near the landmark.,4,1,11,Whitefield,medium
sewage,Sewage issue in HSR Layout,overflowing drains near hospital. This is happening in HSR Layout near the landmark.,7,1,3,HSR Layout,medium
sewage,Sewage issue in Indiranagar,underground drainage system failed. This is happening in Indiranagar near the landmark.,21,0,23,Indiranagar,medium
sewage,Sewage issue in Jayanagar,manhole lid is broken. This is happening in Jayanagar near the landmark.,38,1,18,Jayanagar,high
sewage,Sewage issue in Malleshwaram,manhole lid is broken. This is happening in Malleshwaram near the landmark.,23,1,14,Malleshwaram,medium
sewage,Sewage issue in MG Road,toxic smell from open drainage. This is happening in MG Road near the landmark.,8,0,13,MG Road,medium
sewage,Sewage issue in Malleshwaram,"manhole uncovered, very bad smell. This is happening in Malleshwaram near the landmark.",14,0,1,Malleshwaram,medium
sewage,Sewage issue in Whitefield,sewer line choked. This is happening in Whitefield near the landmark.,43,0,14,Whitefield,high
sewage,Sewage issue in HSR Layout,toxic smell from open drainage. This is happening in HSR Layout near the landmark.,21,0,13,HSR Layout,medium
sewage,Sewage issue in MG Road,underground drainage system failed. This is happening in MG Road near the landmark.,40,0,21,MG Road,high
sewage,Sewage issue in Koramangala,gutter water coming into house. This is happening in Koramangala near the landmark.,42,1,10,Koramangala,high
sewage,Sewage issue in Malleshwaram,manhole lid is broken. This is happening in Malleshwaram near the landmark.,11,1,1,Malleshwaram,medium
sewage,Sewage issue in Jayanagar,underground drainage system failed. This is happening in Jayanagar near the landmark.,17,1,18,Jayanagar,medium
sewage,Sewage issue in Malleshwaram,manhole lid is broken. This is happening in Malleshwaram near the landmark.,46,1,4,Malleshwaram,high
sewage,Sewage issue in Whitefield,"manhole uncovered, very bad smell. This is happening in Whitefield near the landmark.",46,0,1,Whitefield,high
sewage,Sewage issue in Koramangala,toxic smell from open drainage. This is happening in Koramangala near the landmark.,21,0,20,Koramangala,medium
sewage,Sewage issue in HSR Layout,gutter water coming into house. This is happening in HSR Layout near the landmark.,1,1,12,HSR Layout,medium
sewage,Sewage issue in HSR Layout,toxic smell from open drainage. This is happening in HSR Layout near the landmark.,1,0,6,HSR Layout,medium
sewage,Sewage issue in MG Road,manhole lid is broken. This is happening in MG Road near the landmark.,36,1,23,MG Road,high
sewage,Sewage issue in Whitefield,"manhole uncovered, very bad smell. This is happening in Whitefield near the landmark.",37,0,17,Whitefield,high
sewage,Sewage issue in Jayanagar,sewage overflow on road. This is happening in Jayanagar near the landmark.,27,0,6,Jayanagar,high
sewage,Sewage issue in Malleshwaram,underground drainage system failed. This is happening in Malleshwaram near the landmark.,22,1,13,Malleshwaram,medium
sewage,Sewage issue in Jayanagar,drainage water blocking path. This is happening in Jayanagar near the landmark.,39,0,2,Jayanagar,high
sewage,Sewage issue in MG Road,"manhole uncovered, very bad smell. This is happening in MG Road near the landmark.",42,1,16,MG Road,high
sewage,Sewage issue in Malleshwaram,sewer line choked. This is happening in Malleshwaram near the landmark.,30,0,1,Malleshwaram,high
sewage,Sewage issue in Malleshwaram,drainage water blocking path. This is happening in Malleshwaram near the landmark.,16,1,17,Malleshwaram,medium
sewage,Sewage issue in HSR Layout,sewer line choked. This is happening in HSR Layout near the landmark.,38,1,19,HSR Layout,high
sewage,Sewage issue in Koramangala,overflowing drains near hospital. This is happening in Koramangala near the landmark.,22,1,18,Koramangala,medium
sewage,Sewage issue in Koramangala,overflowing drains near hospital. This is happening in Koramangala near the landmark.,28,0,15,Koramangala,high
sewage,Sewage issue in Koramangala,stagnant sewage water on street. This is happening in Koramangala near the landmark.,39,1,15,Koramangala,high
sewage,Sewage issue in Koramangala,toxic smell from open drainage. This is happening in Koramangala near the landmark.,26,0,4,Koramangala,high
sewage,Sewage issue in Jayanagar,overflowing drains near hospital. This is happening in Jayanagar near the landmark.,46,0,20,Jayanagar,high
sewage,Sewage issue in Indiranagar,drainage water blocking path. This is happening in Indiranagar near the landmark.,46,0,17,Indiranagar,high
sewage,Sewage issue in Malleshwaram,toxic smell from open drainage. This is happening in Malleshwaram near the landmark.,35,1,6,Malleshwaram,high
sewage,Sewage issue in Whitefield,"manhole uncovered, very bad smell. This is happening in Whitefield near the landmark.",42,1,22,Whitefield,high
sewage,Sewage issue in Malleshwaram,"manhole uncovered, very bad smell. This is happening in Malleshwaram near the landmark.",40,0,9,Malleshwaram,high
sewage,Sewage issue in HSR Layout,drainage water blocking path. This is happening in HSR Layout near the landmark.,42,1,12,HSR Layout,high
sewage,Sewage issue in Jayanagar,stagnant sewage water on street. This is happening in Jayanagar near the landmark.,42,1,21,Jayanagar,high
sewage,Sewage issue in HSR Layout,drainage water blocking path. This is happening in HSR Layout near the landmark.,42,1,16,HSR Layout,high
sewage,Sewage issue in HSR Layout,gutter water coming into house. This is happening in HSR Layout near the landmark.,3,1,11,HSR Layout,medium
sewage,Sewage issue in Koramangala,underground drainage system failed. This is happening in Koramangala near the landmark.,11,1,9,Koramangala,medium
sewage,Sewage issue in Koramangala,gutter water coming into house. This is happening in Koramangala near the landmark.,20,1,5,Koramangala,medium
sewage,Sewage issue in HSR Layout,drainage water blocking path. This is happening in HSR Layout near the landmark.,36,0,18,HSR Layout,high
sewage,Sewage issue in Jayanagar,"manhole uncovered, very bad smell. This is happening in Jayanagar near the landmark.",8,1,9,Jayanagar,medium
sewage,Sewage issue in Jayanagar,toxic smell from open drainage. This is happening in Jayanagar near the landmark.,36,0,2,Jayanagar,high
sewage,Sewage issue in Whitefield,overflowing drains near hospital. This is happening in Whitefield near the landmark.,4,0,23,Whitefield,medium
sewage,Sewage issue in Jayanagar,toxic smell from open drainage. This is happening in Jayanagar near the landmark.,46,0,3,Jayanagar,high
sewage,Sewage issue in Malleshwaram,sewage overflow on road. This is happening in Malleshwaram near the landmark.,40,0,14,Malleshwaram,high
sewage,Sewage issue in Whitefield,underground drainage system failed. This is happening in Whitefield near the landmark.,28,0,5,Whitefield,high
sewage,Sewage issue in Whitefield,"manhole uncovered, very bad smell. This is happening in Whitefield near the landmark.",9,1,10,Whitefield,medium
sewage,Sewage issue in Koramangala,stagnant sewage water on street. This is happening in Koramangala near the landmark.,41,0,17,Koramangala,high
sewage,Sewage issue in Jayanagar,"manhole uncovered, very bad smell. This is happening in Jayanagar near the landmark.",40,1,8,Jayanagar,high
sewage,Sewage issue in Koramangala,sewage overflow on road. This is happening in Koramangala near the landmark.,6,0,15,Koramangala,medium
sewage,Sewage issue in Jayanagar,underground drainage system failed. This is happening in Jayanagar near the landmark.,46,1,14,Jayanagar,high
sewage,Sewage issue in Malleshwaram,sewage overflow on road. This is happening in Malleshwaram near the landmark.,45,1,6,Malleshwaram,high
sewage,Sewage issue in Koramangala,manhole lid is broken. This is happening in Koramangala near the landmark.,6,0,9,Koramangala,medium
sewage,Sewage issue in Indiranagar,drainage water blocking path. This is happening in Indiranagar near the landmark.,45,1,16,Indiranagar,high
sewage,Sewage issue in Indiranagar,stagnant sewage water on street. This is happening in Indiranagar near the landmark.,1,0,4,Indiranagar,medium
sewage,Sewage issue in Indiranagar,sewer line choked. This is happening in Indiranagar near the landmark.,28,0,20,Indiranagar,high
sewage,Sewage issue in Whitefield,manhole lid is broken. This is happening in Whitefield near the landmark.,8,0,0,Whitefield,medium
sewage,Sewage issue in HSR Layout,drainage water blocking path. This is happening in HSR Layout near the landmark.,36,1,6,HSR Layout,high
sewage,Sewage issue in Indiranagar,manhole lid is broken. This is happening in Indiranagar near the landmark.,2,1,22,Indiranagar,medium
sewage,Sewage issue in Malleshwaram,gutter water coming into house. This is happening in Malleshwaram near the landmark.,28,0,2,Malleshwaram,high
sewage,Sewage issue in Whitefield,"manhole uncovered, very bad smell. This is happening in Whitefield near the landmark.",16,0,7,Whitefield,medium
sewage,Sewage issue in Whitefield,gutter water coming into house. This is happening in Whitefield near the landmark.,5,0,14,Whitefield,medium
sewage,Sewage issue in Jayanagar,drainage water blocking path. This is happening in Jayanagar near the landmark.,21,1,21,Jayanagar,medium
sewage,Sewage issue in Indiranagar,stagnant sewage water on street. This is happening in Indiranagar near the landmark.,25,1,15,Indiranagar,medium
sewage,Sewage issue in MG Road,drainage water blocking path. This is happening in MG Road near the landmark.,2,1,21,MG Road,medium
sewage,Sewage issue in HSR Layout,sewage overflow on road. This is happening in HSR Layout near the landmark.,36,0,20,HSR Layout,high
sewage,Sewage issue in MG Road,"manhole uncovered, very bad smell. This is happening in MG Road near the landmark.",48,0,9,MG Road,high
sewage,Sewage issue in MG Road,manhole lid is broken. This is happening in MG Road near the landmark.,37,0,14,MG Road,high
sewage,Sewage issue in Whitefield,overflowing drains near hospital. This is happening in Whitefield near the landmark.,21,0,23,Whitefield,medium
sewage,Sewage issue in Whitefield,sewage overflow on road. This is happening in Whitefield near the landmark.,32,1,21,Whitefield,high
sewage,Sewage issue in Indiranagar,underground drainage system failed. This is happening in Indiranagar near the landmark.,2,1,17,Indiranagar,medium
sewage,Sewage issue in HSR Layout,gutter water coming into house. This is happening in HSR Layout near the landmark.,44,1,7,HSR Layout,high
sewage,Sewage issue in Malleshwaram,underground drainage system failed. This is happening in Malleshwaram near the landmark.,30,0,8,Malleshwaram,high
sewage,Sewage issue in Koramangala,gutter water coming into house. This is happening in Koramangala near the landmark.,24,1,7,Koramangala,medium
sewage,Sewage issue in Whitefield,gutter water coming into house. This is happening in Whitefield near the landmark.,3,1,7,Whitefield,medium
sewage,Sewage issue in HSR Layout,manhole lid is broken. This is happening in HSR Layout near the landmark.,24,0,17,HSR Layout,medium
sewage,Sewage issue in HSR Layout,sewer line choked. This is happening in HSR Layout near the landmark.,4,0,23,HSR Layout,medium
sewage,Sewage issue in MG Road,drainage water blocking path. This is happening in MG Road near the landmark.,39,0,22,MG Road,high
sewage,Sewage issue in Malleshwaram,toxic smell from open drainage. This is happening in Malleshwaram near the landmark.,15,1,3,Malleshwaram,medium
sewage,Sewage issue in Whitefield,sewer line choked. This is happening in Whitefield near the landmark.,10,1,7,Whitefield,medium
sewage,Sewage issue in Whitefield,stagnant sewage water on street. This is happening in Whitefield near the landmark.,45,1,14,Whitefield,high
sewage,Sewage issue in Malleshwaram,drainage water blocking path. This is happening in Malleshwaram near the landmark.,0,1,6,Malleshwaram,medium
sewage,Sewage issue in Jayanagar,toxic smell from open drainage. This is happening in Jayanagar near the landmark.,1,0,17,Jayanagar,medium
sewage,Sewage issue in Malleshwaram,drainage water blocking path. This is happening in Malleshwaram near the landmark.,40,1,23,Malleshwaram,high
sewage,Sewage issue in Indiranagar,overflowing drains near hospital. This is happening in Indiranagar near the landmark.,8,1,9,Indiranagar,medium
sewage,Sewage issue in Koramangala,stagnant sewage water on street. This is happening in Koramangala near the landmark.,49,0,23,Koramangala,high
sewage,Sewage issue in Koramangala,manhole lid is broken. This is happening in Koramangala near the landmark.,37,1,10,Koramangala,high
sewage,Sewage issue in Koramangala,toxic smell from open drainage. This is happening in Koramangala near the landmark.,29,0,10,Koramangala,high
sewage,Sewage issue in Jayanagar,sewer line choked. This is happening in Jayanagar near the landmark.,22,1,17,Jayanagar,medium
sewage,Sewage issue in Jayanagar,manhole lid is broken. This is happening in Jayanagar near the landmark.,40,1,13,Jayanagar,high
sewage,Sewage issue in MG Road,toxic smell from open drainage. This is happening in MG Road near the landmark.,50,0,7,MG Road,high
sewage,Sewage issue in MG Road,sewage overflow on road. This is happening in MG Road near the landmark.,41,0,19,MG Road,high
sewage,Sewage issue in Jayanagar,underground drainage system failed. This is happening in Jayanagar near the landmark.,16,0,2,Jayanagar,medium
sewage,Sewage issue in Koramangala,toxic smell from open drainage. This is happening in Koramangala near the landmark.,23,1,9,Koramangala,medium
sewage,Sewage issue in MG Road,"manhole uncovered, very bad smell. This is happening in MG Road near the landmark.",15,0,13,MG Road,medium
sewage,Sewage issue in Jayanagar,sewer line choked. This is happening in Jayanagar near the landmark.,35,1,12,Jayanagar,high
sewage,Sewage issue in Koramangala,drainage water blocking path. This is happening in Koramangala near the landmark.,2,1,7,Koramangala,medium
sewage,Sewage issue in Whitefield,"manhole uncovered, very bad smell. This is happening in Whitefield near the landmark.",27,0,23,Whitefield,high
sewage,Sewage issue in Koramangala,sewage overflow on road. This is happening in Koramangala near the landmark.,5,1,8,Koramangala,medium
sewage,Sewage issue in MG Road,gutter water coming into house. This is happening in MG Road near the landmark.,13,0,13,MG Road,medium
sewage,Sewage issue in Jayanagar,stagnant sewage water on street. This is happening in Jayanagar near the landmark.,33,0,20,Jayanagar,high
sewage,Sewage issue in HSR Layout,drainage water blocking path. This is happening in HSR Layout near the landmark.,26,0,21,HSR Layout,high
sewage,Sewage issue in Jayanagar,"manhole uncovered, very bad smell. This is happening in Jayanagar near the landmark.",0,1,11,Jayanagar,medium
sewage,Sewage issue in HSR Layout,toxic smell from open drainage. This is happening in HSR Layout near the landmark.,1,1,19,HSR Layout,medium
sewage,Sewage issue in Whitefield,gutter water coming into house. This is happening in Whitefield near the landmark.,18,0,13,Whitefield,medium
sewage,Sewage issue in Jayanagar,stagnant sewage water on street. This is happening in Jayanagar near the landmark.,28,1,5,Jayanagar,high
sewage,Sewage issue in Malleshwaram,underground drainage system failed. This is happening in Malleshwaram near the landmark.,0,1,23,Malleshwaram,medium
sewage,Sewage issue in HSR Layout,sewer line choked. This is happening in HSR Layout near the landmark.,14,1,14,HSR Layout,medium
sewage,Sewage issue in Whitefield,toxic smell from open drainage. This is happening in Whitefield near the landmark.,41,0,17,Whitefield,high
sewage,Sewage issue in Indiranagar,"manhole uncovered, very bad smell. This is happening in Indiranagar near the landmark.",15,0,1,Indiranagar,medium
sewage,Sewage issue in Indiranagar,overflowing drains near hospital. This is happening in Indiranagar near the landmark.,8,1,20,Indiranagar,medium
sewage,Sewage issue in Malleshwaram,sewer line choked. This is happening in Malleshwaram near the landmark.,15,1,22,Malleshwaram,medium
sewage,Sewage issue in Indiranagar,sewer line choked. This is happening in Indiranagar near the landmark.,43,1,8,Indiranagar,high
sewage,Sewage issue in Whitefield,toxic smell from open drainage. This is happening in Whitefield near the landmark.,39,0,9,Whitefield,high
sewage,Sewage issue in Whitefield,overflowing drains near hospital. This is happening in Whitefield near the landmark.,13,0,9,Whitefield,medium
sewage,Sewage issue in Malleshwaram,sewage overflow on road. This is happening in Malleshwaram near the landmark.,0,0,8,Malleshwaram,medium
sewage,Sewage issue in Jayanagar,"manhole uncovered, very bad smell. This is happening in Jayanagar near the landmark.",16,0,2,Jayanagar,medium
sewage,Sewage issue in HSR Layout,sewer line choked. This is happening in HSR Layout near the landmark.,31,1,19,HSR Layout,high
sewage,Sewage issue in Malleshwaram,sewage overflow on road. This is happening in Malleshwaram near the landmark.,16,0,4,Malleshwaram,medium
sewage,Sewage issue in Jayanagar,drainage water blocking path. This is happening in Jayanagar near the landmark.,24,0,7,Jayanagar,medium
sewage,Sewage issue in Malleshwaram,overflowing drains near hospital. This is happening in Malleshwaram near the landmark.,40,0,1,Malleshwaram,high
sewage,Sewage issue in MG Road,"manhole uncovered, very bad smell. This is happening in MG Road near the landmark.",10,1,8,MG Road,medium
sewage,Sewage issue in HSR Layout,drainage water blocking path. This is happening in HSR Layout near the landmark.,35,0,8,HSR Layout,high
sewage,Sewage issue in Jayanagar,stagnant sewage water on street. This is happening in Jayanagar near the landmark.,19,0,1,Jayanagar,medium
sewage,Sewage issue in Koramangala,manhole lid is broken. This is happening in Koramangala near the landmark.,4,0,13,Koramangala,medium
sewage,Sewage issue in Indiranagar,"manhole uncovered, very bad smell. This is happening in Indiranagar near the landmark.",26,0,9,Indiranagar,high
sewage,Sewage issue in MG Road,manhole lid is broken. This is happening in MG Road near the landmark.,31,0,7,MG Road,high
sewage,Sewage issue in Indiranagar,"manhole uncovered, very bad smell. This is happening in Indiranagar near the landmark.",37,0,19,Indiranagar,high
sewage,Sewage issue in HSR Layout,sewer line choked. This is happening in HSR Layout near the landmark.,41,0,11,HSR Layout,high
sewage,Sewage issue in MG Road,drainage water blocking path. This is happening in MG Road near the landmark.,16,1,3,MG Road,medium
sewage,Sewage issue in Whitefield,gutter water coming into house. This is happening in Whitefield near the landmark.,25,1,19,Whitefield,medium
sewage,Sewage issue in Jayanagar,sewage overflow on road. This is happening in Jayanagar near the landmark.,46,1,22,Jayanagar,high
sewage,Sewage issue in Indiranagar,sewer line choked. This is happening in Indiranagar near the landmark.,20,0,13,Indiranagar,medium
sewage,Sewage issue in Whitefield,overflowing drains near hospital. This is happening in Whitefield near the landmark.,45,0,15,Whitefield,high
sewage,Sewage issue in Jayanagar,gutter water coming into house. This is happening in Jayanagar near the landmark.,26,0,18,Jayanagar,high
sewage,Sewage issue in Whitefield,sewage overflow on road. This is happening in Whitefield near the landmark.,32,0,22,Whitefield,high
sewage,Sewage issue in Jayanagar,drainage water blocking path. This is happening in Jayanagar near the landmark.,0,1,13,Jayanagar,medium
sewage,Sewage issue in Koramangala,underground drainage system failed. This is happening in Koramangala near the landmark.,9,0,12,Koramangala,medium
sewage,Sewage issue in Whitefield,stagnant sewage water on street. This is happening in Whitefield near the landmark.,11,1,19,Whitefield,medium
sewage,Sewage issue in Whitefield,gutter water coming into house. This is happening in Whitefield near the landmark.,42,1,8,Whitefield,high
sewage,Sewage issue in HSR Layout,toxic smell from open drainage. This is happening in HSR Layout near the landmark.,48,0,9,HSR Layout,high
sewage,Sewage issue in MG Road,manhole lid is broken. This is happening in MG Road near the landmark.,25,1,6,MG Road,medium
sewage,Sewage issue in MG Road,gutter water coming into house. This is happening in MG Road near the landmark.,17,0,2,MG Road,medium
sewage,Sewage issue in Whitefield,overflowing drains near hospital. This is happening in Whitefield near the landmark.,26,1,23,Whitefield,high
sewage,Sewage issue in Whitefield,manhole lid is broken. This is happening in Whitefield near the landmark.,33,0,21,Whitefield,high
sewage,Sewage issue in Whitefield,sewer line choked. This is happening in Whitefield near the landmark.,24,0,19,Whitefield,medium
sewage,Sewage issue in MG Road,toxic smell from open drainage. This is happening in MG Road near the landmark.,25,0,1,MG Road,medium
sewage,Sewage issue in HSR Layout,manhole lid is broken. This is happening in HSR Layout near the landmark.,44,0,19,HSR Layout,high
sewage,Sewage issue in Koramangala,manhole lid is broken. This is happening in Koramangala near the landmark.,47,0,21,Koramangala,high
sewage,Sewage issue in HSR Layout,stagnant sewage water on street. This is happening in HSR Layout near the landmark.,28,0,20,HSR Layout,high
sewage,Sewage issue in HSR Layout,sewage overflow on road. This is happening in HSR Layout near the landmark.,29,1,22,HSR Layout,high
sewage,Sewage issue in MG Road,manhole lid is broken. This is happening in MG Road near the landmark.,17,0,19,MG Road,medium
sewage,Sewage issue in Malleshwaram,toxic smell from open drainage. This is happening in Malleshwaram near the landmark.,45,0,9,Malleshwaram,high
sewage,Sewage issue in Jayanagar,toxic smell from open drainage. This is happening in Jayanagar near the landmark.,11,1,3,Jayanagar,medium
sewage,Sewage issue in Koramangala,drainage water blocking path. This is happening in Koramangala near the landmark.,50,0,8,Koramangala,high
sewage,Sewage issue in Indiranagar,overflowing drains near hospital. This is happening in Indiranagar near the landmark.,26,0,1,Indiranagar,high
sewage,Sewage issue in Jayanagar,sewage overflow on road. This is happening in Jayanagar near the landmark.,12,0,10,Jayanagar,medium
sewage,Sewage issue in HSR Layout,gutter water coming into house. This is happening in HSR Layout near the landmark.,0,1,17,HSR Layout,medium
sewage,Sewage issue in Whitefield,overflowing drains near hospital. This is happening in Whitefield near the landmark.,17,1,3,Whitefield,medium
sewage,Sewage issue in MG Road,gutter water coming into house. This is happening in MG Road near the landmark.,22,0,2,MG Road,medium
sewage,Sewage issue in Whitefield,manhole lid is broken. This is happening in Whitefield near the landmark.,44,1,9,Whitefield,high
sewage,Sewage issue in Indiranagar,"manhole uncovered, very bad smell. This is happening in Indiranagar near the landmark.",21,1,6,Indiranagar,medium
sewage,Sewage issue in Whitefield,underground drainage system failed. This is happening in Whitefield near the landmark.,10,1,23,Whitefield,medium
sewage,Sewage issue in Malleshwaram,gutter water coming into house. This is happening in Malleshwaram near the landmark.,6,0,13,Malleshwaram,medium
sewage,Sewage issue in Jayanagar,toxic smell from open drainage. This is happening in Jayanagar near the landmark.,1,0,12,Jayanagar,medium
sewage,Sewage issue in HSR Layout,"manhole uncovered, very bad smell. This is happening in HSR Layout near the landmark.",21,1,17,HSR Layout,medium
sewage,Sewage issue in Indiranagar,stagnant sewage water on street. This is happening in Indiranagar near the landmark.,44,0,5,Indiranagar,high
sewage,Sewage issue in Whitefield,manhole lid is broken. This is happening in Whitefield near the landmark.,17,0,8,Whitefield,medium
sewage,Sewage issue in Whitefield,sewer line choked. This is happening in Whitefield near the landmark.,36,0,7,Whitefield,high
sewage,Sewage issue in HSR Layout,manhole lid is broken. This is happening in HSR Layout near the landmark.,29,1,5,HSR Layout,high
sewage,Sewage issue in Whitefield,overflowing drains near hospital. This is happening in Whitefield near the landmark.,30,1,15,Whitefield,high
sewage,Sewage issue in Koramangala,sewage overflow on road. This is happening in Koramangala near the landmark.,5,0,5,Koramangala,medium
sewage,Sewage issue in Whitefield,"manhole uncovered, very bad smell. This is happening in Whitefield near the landmark.",43,1,17,Whitefield,high
sewage,Sewage issue in Koramangala,sewage overflow on road. This is happening in Koramangala near the landmark.,2,1,5,Koramangala,medium
sewage,Sewage issue in HSR Layout,sewer line choked. This is happening in HSR Layout near the landmark.,41,0,5,HSR Layout,high
sewage,Sewage issue in Malleshwaram,"manhole uncovered, very bad smell. This is happening in Malleshwaram near the landmark.",35,1,9,Malleshwaram,high
sewage,Sewage issue in Indiranagar,"manhole uncovered, very bad smell. This is happening in Indiranagar near the landmark.",31,1,20,Indiranagar,high
sewage,Sewage issue in Koramangala,stagnant sewage water on street. This is happening in Koramangala near the landmark.,42,1,18,Koramangala,high
sewage,Sewage issue in MG Road,"manhole uncovered, very bad smell. This is happening in MG Road near the landmark.",18,0,12,MG Road,medium
sewage,Sewage issue in MG Road,toxic smell from open drainage. This is happening in MG Road near the landmark.,9,0,7,MG Road,medium
sewage,Sewage issue in Jayanagar,underground drainage system failed. This is happening in Jayanagar near the landmark.,33,0,7,Jayanagar,high
sewage,Sewage issue in HSR Layout,"manhole uncovered, very bad smell. This is happening in HSR Layout near the landmark.",21,1,20,HSR Layout,medium
sewage,Sewage issue in MG Road,toxic smell from open drainage. This is happening in MG Road near the landmark.,39,0,17,MG Road,high
sewage,Sewage issue in Malleshwaram,overflowing drains near hospital. This is happening in Malleshwaram near the landmark.,7,0,23,Malleshwaram,medium
sewage,Sewage issue in Jayanagar,underground drainage system failed. This is happening in Jayanagar near the landmark.,4,0,2,Jayanagar,medium
sewage,Sewage issue in Whitefield,gutter water coming into house. This is happening in Whitefield near the landmark.,14,0,0,Whitefield,medium
sewage,Sewage issue in Jayanagar,drainage water blocking path. This is happening in Jayanagar near the landmark.,19,1,20,Jayanagar,medium
sewage,Sewage issue in HSR Layout,manhole lid is broken. This is happening in HSR Layout near the landmark.,1,1,0,HSR Layout,medium
sewage,Sewage issue in HSR Layout,overflowing drains near hospital. This is happening in HSR Layout near the landmark.,15,1,0,HSR Layout,medium
sewage,Sewage issue in Koramangala,"manhole uncovered, very bad smell. This is happening in Koramangala near the landmark.",50,1,12,Koramangala,high
sewage,Sewage issue in Jayanagar,stagnant sewage water on street. This is happening in Jayanagar near the landmark.,19,1,10,Jayanagar,medium
sewage,Sewage issue in Jayanagar,stagnant sewage water on street. This is happening in Jayanagar near the landmark.,19,1,17,Jayanagar,medium
sewage,Sewage issue in Malleshwaram,stagnant sewage water on street. This is happening in Malleshwaram near the landmark.,24,1,18,Malleshwaram,medium
sewage,Sewage issue in HSR Layout,gutter water coming into house. This is happening in HSR Layout near the landmark.,16,1,21,HSR Layout,medium
sewage,Sewage issue in Koramangala,drainage water blocking path. This is happening in Koramangala near the landmark.,39,1,16,Koramangala,high
sewage,Sewage issue in HSR Layout,toxic smell from open drainage. This is happening in HSR Layout near the landmark.,22,0,23,HSR Layout,medium
sewage,Sewage issue in Koramangala,gutter water coming into house. This is happening in Koramangala near the landmark.,27,1,17,Koramangala,high
sewage,Sewage issue in MG Road,drainage water blocking path. This is happening in MG Road near the landmark.,35,1,7,MG Road,high
sewage,Sewage issue in Jayanagar,sewage overflow on road. This is happening in Jayanagar near the landmark.,48,0,19,Jayanagar,high
sewage,Sewage issue in Whitefield,sewage overflow on road. This is happening in Whitefield near the landmark.,15,1,3,Whitefield,medium
sewage,Sewage issue in MG Road,gutter water coming into house. This is happening in MG Road near the landmark.,24,0,23,MG Road,medium
sewage,Sewage issue in MG Road,toxic smell from open drainage. This is happening in MG Road near the landmark.,47,0,20,MG Road,high
sewage,Sewage issue in HSR Layout,manhole lid is broken. This is happening in HSR Layout near the landmark.,43,1,18,HSR Layout,high
sewage,Sewage issue in Whitefield,sewage overflow on road. This is happening in Whitefield near the landmark.,26,0,21,Whitefield,high
sewage,Sewage issue in MG Road,drainage water blocking path. This is happening in MG Road near the landmark.,46,1,19,MG Road,high
sewage,Sewage issue in Jayanagar,sewage overflow on road. This is happening in Jayanagar near the landmark.,29,0,23,Jayanagar,high
sewage,Sewage issue in Malleshwaram,toxic smell from open drainage. This is happening in Malleshwaram near the landmark.,20,1,2,Malleshwaram,medium
sewage,Sewage issue in MG Road,overflowing drains near hospital. This is happening in MG Road near the landmark.,24,1,19,MG Road,medium
sewage,Sewage issue in Whitefield,overflowing drains near hospital. This is happening in Whitefield near the landmark.,37,1,7,Whitefield,high
sewage,Sewage issue in Koramangala,sewer line choked. This is happening in Koramangala near the landmark.,39,1,7,Koramangala,high
sewage,Sewage issue in Jayanagar,drainage water blocking path. This is happening in Jayanagar near the landmark.,40,1,21,Jayanagar,high
sewage,Sewage issue in Malleshwaram,sewage overflow on road. This is happening in Malleshwaram near the landmark.,30,0,10,Malleshwaram,high
sewage,Sewage issue in Indiranagar,manhole lid is broken. This is happening in Indiranagar near the landmark.,18,1,15,Indiranagar,medium
sewage,Sewage issue in Indiranagar,overflowing drains near hospital. This is happening in Indiranagar near the landmark.,30,1,16,Indiranagar,high
sewage,Sewage issue in Koramangala,"manhole uncovered, very bad smell. This is happening in Koramangala near the landmark.",27,0,6,Koramangala,high
sewage,Sewage issue in Whitefield,gutter water coming into house. This is happening in Whitefield near the landmark.,17,0,2,Whitefield,medium
sewage,Sewage issue in Indiranagar,underground drainage system failed. This is happening in Indiranagar near the landmark.,15,0,3,Indiranagar,medium
sewage,Sewage issue in Jayanagar,sewer line choked. This is happening in Jayanagar near the landmark.,1,1,14,Jayanagar,medium
sewage,Sewage issue in Jayanagar,sewer line choked. This is happening in Jayanagar near the landmark.,18,1,6,Jayanagar,medium
sewage,Sewage issue in Whitefield,manhole lid is broken. This is happening in Whitefield near the landmark.,20,1,8,Whitefield,medium
sewage,Sewage issue in Indiranagar,drainage water blocking path. This is happening in Indiranagar near the landmark.,30,0,13,Indiranagar,high
sewage,Sewage issue in Jayanagar,stagnant sewage water on street. This is happening in Jayanagar near the landmark.,2,0,18,Jayanagar,medium
sewage,Sewage issue in Koramangala,gutter water coming into house. This is happening in Koramangala near the landmark.,23,0,22,Koramangala,medium
sewage,Sewage issue in Jayanagar,drainage water blocking path. This is happening in Jayanagar near the landmark.,0,1,19,Jayanagar,medium
sewage,Sewage issue in Jayanagar,overflowing drains near hospital. This is happening in Jayanagar near the landmark.,24,0,7,Jayanagar,medium
sewage,Sewage issue in Malleshwaram,manhole lid is broken. This is happening in Malleshwaram near the landmark.,42,1,20,Malleshwaram,high
sewage,Sewage issue in Whitefield,manhole lid is broken. This is happening in Whitefield near the landmark.,38,0,5,Whitefield,high
sewage,Sewage issue in HSR Layout,stagnant sewage water on street. This is happening in HSR Layout near the landmark.,43,0,16,HSR Layout,high
sewage,Sewage issue in Indiranagar,sewer line choked. This is happening in Indiranagar near the landmark.,49,1,23,Indiranagar,high
sewage,Sewage issue in MG Road,sewage overflow on road. This is happening in MG Road near the landmark.,2,1,7,MG Road,medium
sewage,Sewage issue in Whitefield,overflowing drains near hospital. This is happening in Whitefield near the landmark.,39,0,13,Whitefield,high
sewage,Sewage issue in Indiranagar,underground drainage system failed. This is happening in Indiranagar near the landmark.,30,1,6,Indiranagar,high
sewage,Sewage issue in Whitefield,manhole lid is broken. This is happening in Whitefield near the landmark.,48,0,14,Whitefield,high
sewage,Sewage issue in HSR Layout,drainage water blocking path. This is happening in HSR Layout near the landmark.,14,0,16,HSR Layout,medium
sewage,Sewage issue in Indiranagar,stagnant sewage water on street. This is happening in Indiranagar near the landmark.,0,0,17,Indiranagar,medium
sewage,Sewage issue in Whitefield,stagnant sewage water on street. This is happening in Whitefield near the landmark.,13,1,14,Whitefield,medium
sewage,Sewage issue in Whitefield,underground drainage system failed. This is happening in Whitefield near the landmark.,36,1,14,Whitefield,high
sewage,Sewage issue in Indiranagar,gutter water coming into house. This is happening in Indiranagar near the landmark.,44,0,2,Indiranagar,high
sewage,Sewage issue in Malleshwaram,sewer line choked. This is happening in Malleshwaram near the landmark.,9,0,5,Malleshwaram,medium
sewage,Sewage issue in Indiranagar,stagnant sewage water on street. This is happening in Indiranagar near the landmark.,30,1,16,Indiranagar,high
sewage,Sewage issue in HSR Layout,toxic smell from open drainage. This is happening in HSR Layout near the landmark.,37,0,7,HSR Layout,high
sewage,Sewage issue in Whitefield,underground drainage system failed. This is happening in Whitefield near the landmark.,4,0,10,Whitefield,medium
sewage,Sewage issue in Koramangala,stagnant sewage water on street. This is happening in Koramangala near the landmark.,19,0,16,Koramangala,medium
sewage,Sewage issue in Indiranagar,sewage overflow on road. This is happening in Indiranagar near the landmark.,11,1,12,Indiranagar,medium
sewage,Sewage issue in Malleshwaram,manhole lid is broken. This is happening in Malleshwaram near the landmark.,35,1,17,Malleshwaram,high
sewage,Sewage issue in Jayanagar,underground drainage system failed. This is happening in Jayanagar near the landmark.,34,1,22,Jayanagar,high
sewage,Sewage issue in Indiranagar,stagnant sewage water on street. This is happening in Indiranagar near the landmark.,13,0,4,Indiranagar,medium
sewage,Sewage issue in Whitefield,gutter water coming into house. This is happening in Whitefield near the landmark.,17,0,3,Whitefield,medium
sewage,Sewage issue in Koramangala,gutter water coming into house. This is happening in Koramangala near the landmark.,13,1,9,Koramangala,medium
sewage,Sewage issue in Koramangala,gutter water coming into house. This is happening in Koramangala near the landmark.,8,0,14,Koramangala,medium
sewage,Sewage issue in Malleshwaram,toxic smell from open drainage. This is happening in Malleshwaram near the landmark.,44,1,23,Malleshwaram,high
sewage,Sewage issue in Whitefield,"manhole uncovered, very bad smell. This is happening in Whitefield near the landmark.",46,1,12,Whitefield,high
sewage,Sewage issue in Jayanagar,toxic smell from open drainage. This is happening in Jayanagar near the landmark.,47,0,9,Jayanagar,high
sewage,Sewage issue in Indiranagar,underground drainage system failed. This is happening in Indiranagar near the landmark.,50,1,13,Indiranagar,high
sewage,Sewage issue in HSR Layout,sewer line choked. This is happening in HSR Layout near the landmark.,24,0,14,HSR Layout,medium
sewage,Sewage issue in Koramangala,toxic smell from open drainage. This is happening in Koramangala near the landmark.,46,1,14,Koramangala,high
sewage,Sewage issue in Koramangala,overflowing drains near hospital. This is happening in Koramangala near the landmark.,5,1,15,Koramangala,medium
sewage,Sewage issue in Malleshwaram,sewage overflow on road. This is happening in Malleshwaram near the landmark.,5,1,12,Malleshwaram,medium
sewage,Sewage issue in Koramangala,drainage water blocking path. This is happening in Koramangala near the landmark.,5,0,7,Koramangala,medium
sewage,Sewage issue in Indiranagar,gutter water coming into house. This is happening in Indiranagar near the landmark.,41,0,3,Indiranagar,high
sewage,Sewage issue in MG Road,manhole lid is broken. This is happening in MG Road near the landmark.,31,1,22,MG Road,high
sewage,Sewage issue in Jayanagar,underground drainage system failed. This is happening in Jayanagar near the landmark.,22,1,2,Jayanagar,medium
sewage,Sewage issue in MG Road,drainage water blocking path. This is happening in MG Road near the landmark.,3,0,12,MG Road,medium
sewage,Sewage issue in MG Road,gutter water coming into house. This is happening in MG Road near the landmark.,42,0,5,MG Road,high
sewage,Sewage issue in HSR Layout,stagnant sewage water on street. This is happening in HSR Layout near the landmark.,25,1,18,HSR Layout,medium
sewage,Sewage issue in Koramangala,overflowing drains near hospital. This is happening in Koramangala near the landmark.,39,1,16,Koramangala,high
sewage,Sewage issue in Malleshwaram,sewer line choked. This is happening in Malleshwaram near the landmark.,24,1,13,Malleshwaram,medium
sewage,Sewage issue in Jayanagar,underground drainage system failed. This is happening in Jayanagar near the landmark.,40,0,9,Jayanagar,high
sewage,Sewage issue in Whitefield,overflowing drains near hospital. This is happening in Whitefield near the landmark.,23,0,8,Whitefield,medium
sewage,Sewage issue in HSR Layout,stagnant sewage water on street. This is happening in HSR Layout near the landmark.,12,0,4,HSR Layout,medium
sewage,Sewage issue in Malleshwaram,stagnant sewage water on street. This is happening in Malleshwaram near the landmark.,11,1,10,Malleshwaram,medium
sewage,Sewage issue in HSR Layout,overflowing drains near hospital. This is happening in HSR Layout near the landmark.,12,0,1,HSR Layout,medium
sewage,Sewage issue in HSR Layout,toxic smell from open drainage. This is happening in HSR Layout near the landmark.,24,0,11,HSR Layout,medium
sewage,Sewage issue in Jayanagar,gutter water coming into house. This is happening in Jayanagar near the landmark.,6,1,10,Jayanagar,medium
sewage,Sewage issue in Indiranagar,underground drainage system failed. This is happening in Indiranagar near the landmark.,33,0,16,Indiranagar,high
sewage,Sewage issue in Indiranagar,overflowing drains near hospital. This is happening in Indiranagar near the landmark.,11,1,8,Indiranagar,medium
sewage,Sewage issue in Jayanagar,manhole lid is broken. This is happening in Jayanagar near the landmark.,19,0,10,Jayanagar,medium
sewage,Sewage issue in Indiranagar,stagnant sewage water on street. This is happening in Indiranagar near the landmark.,42,1,21,Indiranagar,high
sewage,Sewage issue in Koramangala,gutter water coming into house. This is happening in Koramangala near the landmark.,44,0,12,Koramangala,high
sewage,Sewage issue in HSR Layout,"manhole uncovered, very bad smell. This is happening in HSR Layout near the landmark.",16,0,16,HSR Layout,medium
sewage,Sewage issue in Whitefield,toxic smell from open drainage. This is happening in Whitefield near the landmark.,14,1,14,Whitefield,medium
sewage,Sewage issue in Whitefield,stagnant sewage water on street. This is happening in Whitefield near the landmark.,19,0,0,Whitefield,medium
sewage,Sewage issue in MG Road,sewage overflow on road. This is happening in MG Road near the landmark.,26,0,20,MG Road,high
sewage,Sewage issue in Whitefield,toxic smell from open drainage. This is happening in Whitefield near the landmark.,8,1,15,Whitefield,medium
sewage,Sewage issue in Koramangala,stagnant sewage water on street. This is happening in Koramangala near the landmark.,8,1,13,Koramangala,medium
sewage,Sewage issue in Indiranagar,"manhole uncovered, very bad smell. This is happening in Indiranagar near the landmark.",44,1,1,Indiranagar,high
sewage,Sewage issue in HSR Layout,manhole lid is broken. This is happening in HSR Layout near the landmark.,15,1,7,HSR Layout,medium
sewage,Sewage issue in Whitefield,overflowing drains near hospital. This is happening in Whitefield near the landmark.,4,1,6,Whitefield,medium
sewage,Sewage issue in Indiranagar,stagnant sewage water on street. This is happening in Indiranagar near the landmark.,17,0,13,Indiranagar,medium
sewage,Sewage issue in Malleshwaram,underground drainage system failed. This is happening in Malleshwaram near the landmark.,33,0,5,Malleshwaram,high
sewage,Sewage issue in Koramangala,sewage overflow on road. This is happening in Koramangala near the landmark.,31,1,11,Koramangala,high
sewage,Sewage issue in HSR Layout,"manhole uncovered, very bad smell. This is happening in HSR Layout near the landmark.",35,0,12,HSR Layout,high
sewage,Sewage issue in Koramangala,manhole lid is broken. This is happening in Koramangala near the landmark.,50,0,0,Koramangala,high
sewage,Sewage issue in Jayanagar,underground drainage system failed. This is happening in Jayanagar near the landmark.,18,1,0,Jayanagar,medium
sewage,Sewage issue in MG Road,toxic smell from open drainage. This is happening in MG Road near the landmark.,26,1,15,MG Road,high
sewage,Sewage issue in Jayanagar,sewage overflow on road. This is happening in Jayanagar near the landmark.,7,1,19,Jayanagar,medium
sewage,Sewage issue in Indiranagar,sewage overflow on road. This is happening in Indiranagar near the landmark.,40,1,9,Indiranagar,high
sewage,Sewage issue in Koramangala,"manhole uncovered, very bad smell. This is happening in Koramangala near the landmark.",47,0,13,Koramangala,high
sewage,Sewage issue in MG Road,underground drainage system failed. This is happening in MG Road near the landmark.,34,1,7,MG Road,high
sewage,Sewage issue in MG Road,overflowing drains near hospital. This is happening in MG Road near the landmark.,30,1,14,MG Road,high
sewage,Sewage issue in Jayanagar,gutter water coming into house. This is happening in Jayanagar near the landmark.,38,1,16,Jayanagar,high
sewage,Sewage issue in HSR Layout,toxic smell from open drainage. This is happening in HSR Layout near the landmark.,35,0,5,HSR Layout,high
sewage,Sewage issue in Indiranagar,drainage water blocking path. This is happening in Indiranagar near the landmark.,7,1,2,Indiranagar,medium
sewage,Sewage issue in Indiranagar,drainage water blocking path. This is happening in Indiranagar near the landmark.,41,1,0,Indiranagar,high
sewage,Sewage issue in Indiranagar,stagnant sewage water on street. This is happening in Indiranagar near the landmark.,50,1,7,Indiranagar,high
sewage,Sewage issue in Jayanagar,toxic smell from open drainage. This is happening in Jayanagar near the landmark.,35,1,5,Jayanagar,high
sewage,Sewage issue in MG Road,overflowing drains near hospital. This is happening in MG Road near the landmark.,29,1,3,MG Road,high
sewage,Sewage issue in Koramangala,manhole lid is broken. This is happening in Koramangala near the landmark.,18,0,18,Koramangala,medium
sewage,Sewage issue in HSR Layout,stagnant sewage water on street. This is happening in HSR Layout near the landmark.,33,0,3,HSR Layout,high
sewage,Sewage issue in MG Road,stagnant sewage water on street. This is happening in MG Road near the landmark.,16,0,9,MG Road,medium
sewage,Sewage issue in MG Road,underground drainage system failed. This is happening in MG Road near the landmark.,6,0,7,MG Road,medium
sewage,Sewage issue in Whitefield,stagnant sewage water on street. This is happening in Whitefield near the landmark.,29,0,3,Whitefield,high
sewage,Sewage issue in Jayanagar,stagnant sewage water on street. This is happening in Jayanagar near the landmark.,45,0,1,Jayanagar,high
sewage,Sewage issue in Koramangala,manhole lid is broken. This is happening in Koramangala near the landmark.,4,0,19,Koramangala,medium
sewage,Sewage issue in Indiranagar,overflowing drains near hospital. This is happening in Indiranagar near the landmark.,13,0,18,Indiranagar,medium
sewage,Sewage issue in Jayanagar,sewer line choked. This is happening in Jayanagar near the landmark.,28,1,16,Jayanagar,high
sewage,Sewage issue in Indiranagar,toxic smell from open drainage. This is happening in Indiranagar near the landmark.,5,1,17,Indiranagar,medium
sewage,Sewage issue in Jayanagar,gutter water coming into house. This is happening in Jayanagar near the landmark.,40,0,3,Jayanagar,high
sewage,Sewage issue in Malleshwaram,overflowing drains near hospital. This is happening in Malleshwaram near the landmark.,49,1,0,Malleshwaram,high
sewage,Sewage issue in HSR Layout,overflowing drains near hospital. This is happening in HSR Layout near the landmark.,35,0,20,HSR Layout,high
sewage,Sewage issue in Malleshwaram,sewer line choked. This is happening in Malleshwaram near the landmark.,44,0,20,Malleshwaram,high
sewage,Sewage issue in Indiranagar,"manhole uncovered, very bad smell. This is happening in Indiranagar near the landmark.",17,0,6,Indiranagar,medium
sewage,Sewage issue in MG Road,"manhole uncovered, very bad smell. This is happening in MG Road near the landmark.",38,1,2,MG Road,high
sewage,Sewage issue in MG Road,overflowing drains near hospital. This is happening in MG Road near the landmark.,9,0,16,MG Road,medium
sewage,Sewage issue in Koramangala,gutter water coming into house. This is happening in Koramangala near the landmark.,4,0,12,Koramangala,medium
sewage,Sewage issue in Koramangala,stagnant sewage water on street. This is happening in Koramangala near the landmark.,21,0,9,Koramangala,medium
sewage,Sewage issue in Whitefield,underground drainage system failed. This is happening in Whitefield near the landmark.,43,1,18,Whitefield,high
sewage,Sewage issue in HSR Layout,toxic smell from open drainage. This is happening in HSR Layout near the landmark.,9,0,18,HSR Layout,medium
sewage,Sewage issue in MG Road,drainage water blocking path. This is happening in MG Road near the landmark.,18,1,4,MG Road,medium
sewage,Sewage issue in Malleshwaram,overflowing drains near hospital. This is happening in Malleshwaram near the landmark.,7,1,14,Malleshwaram,medium
sewage,Sewage issue in HSR Layout,stagnant sewage water on street. This is happening in HSR Layout near the landmark.,41,0,4,HSR Layout,high
sewage,Sewage issue in Jayanagar,drainage water blocking path. This is happening in Jayanagar near the landmark.,47,0,9,Jayanagar,high
sewage,Sewage issue in Whitefield,sewage overflow on road. This is happening in Whitefield near the landmark.,14,1,5,Whitefield,medium
sewage,Sewage issue in Jayanagar,manhole lid is broken. This is happening in Jayanagar near the landmark.,42,1,14,Jayanagar,high
sewage,Sewage issue in MG Road,underground drainage system failed. This is happening in MG Road near the landmark.,29,0,17,MG Road,high
sewage,Sewage issue in Malleshwaram,sewage overflow on road. This is happening in Malleshwaram near the landmark.,37,0,15,Malleshwaram,high
sewage,Sewage issue in MG Road,drainage water blocking path. This is happening in MG Road near the landmark.,8,0,4,MG Road,medium
sewage,Sewage issue in Indiranagar,stagnant sewage water on street. This is happening in Indiranagar near the landmark.,37,1,4,Indiranagar,high
sewage,Sewage issue in HSR Layout,"manhole uncovered, very bad smell. This is happening in HSR Layout near the landmark.",50,0,2,HSR Layout,high
sewage,Sewage issue in Whitefield,sewer line choked. This is happening in Whitefield near the landmark.,22,0,8,Whitefield,medium
sewage,Sewage issue in Koramangala,toxic smell from open drainage. This is happening in Koramangala near the landmark.,13,1,22,Koramangala,medium
sewage,Sewage issue in Indiranagar,"manhole uncovered, very bad smell. This is happening in Indiranagar near the landmark.",26,0,19,Indiranagar,high
sewage,Sewage issue in Malleshwaram,sewage overflow on road. This is happening in Malleshwaram near the landmark.,35,0,4,Malleshwaram,high
sewage,Sewage issue in HSR Layout,sewer line choked. This is happening in HSR Layout near the landmark.,42,1,12,HSR Layout,high
sewage,Sewage issue in Koramangala,manhole lid is broken. This is happening in Koramangala near the landmark.,35,1,0,Koramangala,high
sewage,Sewage issue in Whitefield,sewer line choked. This is happening in Whitefield near the landmark.,46,1,0,Whitefield,high
sewage,Sewage issue in Koramangala,manhole lid is broken. This is happening in Koramangala near the landmark.,47,1,2,Koramangala,high
sewage,Sewage issue in HSR Layout,drainage water blocking path. This is happening in HSR Layout near the landmark.,40,0,6,HSR Layout,high
sewage,Sewage issue in Indiranagar,gutter water coming into house. This is happening in Indiranagar near the landmark.,7,0,4,Indiranagar,medium
sewage,Sewage issue in Indiranagar,overflowing drains near hospital. This is happening in Indiranagar near the landmark.,23,0,18,Indiranagar,medium
sewage,Sewage issue in Koramangala,manhole lid is broken. This is happening in Koramangala near the landmark.,30,0,9,Koramangala,high
sewage,Sewage issue in Koramangala,sewage overflow on road. This is happening in Koramangala near the landmark.,20,1,5,Koramangala,medium
sewage,Sewage issue in Jayanagar,underground drainage system failed. This is happening in Jayanagar near the landmark.,3,0,17,Jayanagar,medium
sewage,Sewage issue in Whitefield,sewage overflow on road. This is happening in Whitefield near the landmark.,23,1,17,Whitefield,medium
sewage,Sewage issue in Jayanagar,stagnant sewage water on street. This is happening in Jayanagar near the landmark.,41,0,8,Jayanagar,high
sewage,Sewage issue in Malleshwaram,underground drainage system failed. This is happening in Malleshwaram near the landmark.,37,0,22,Malleshwaram,high
sewage,Sewage issue in Whitefield,sewage overflow on road. This is happening in Whitefield near the landmark.,24,1,18,Whitefield,medium
sewage,Sewage issue in Jayanagar,toxic smell from open drainage. This is happening in Jayanagar near the landmark.,28,1,23,Jayanagar,high
sewage,Sewage issue in Whitefield,"manhole uncovered, very bad smell. This is happening in Whitefield near the landmark.",39,0,16,Whitefield,high
sewage,Sewage issue in Jayanagar,manhole lid is broken. This is happening in Jayanagar near the landmark.,15,1,0,Jayanagar,medium
sewage,Sewage issue in Koramangala,manhole lid is broken. This is happening in Koramangala near the landmark.,49,1,1,Koramangala,high
sewage,Sewage issue in MG Road,stagnant sewage water on street. This is happening in MG Road near the landmark.,7,0,9,MG Road,medium
sewage,Sewage issue in Whitefield,gutter water coming into house. This is happening in Whitefield near the landmark.,14,0,16,Whitefield,medium
sewage,Sewage issue in Koramangala,underground drainage system failed. This is happening in Koramangala near the landmark.,46,0,7,Koramangala,high
sewage,Sewage issue in Jayanagar,"manhole uncovered, very bad smell. This is happening in Jayanagar near the landmark.",2,0,4,Jayanagar,medium
sewage,Sewage issue in HSR Layout,gutter water coming into house. This is happening in HSR Layout near the landmark.,37,0,15,HSR Layout,high
sewage,Sewage issue in MG Road,sewage overflow on road. This is happening in MG Road near the landmark.,35,1,6,MG Road,high
sewage,Sewage issue in Malleshwaram,manhole lid is broken. This is happening in Malleshwaram near the landmark.,39,1,2,Malleshwaram,high
sewage,Sewage issue in Malleshwaram,"manhole uncovered, very bad smell. This is happening in Malleshwaram near the landmark.",3,0,15,Malleshwaram,medium
sewage,Sewage issue in Indiranagar,"manhole uncovered, very bad smell. This is happening in Indiranagar near the landmark.",10,0,10,Indiranagar,medium
sewage,Sewage issue in MG Road,stagnant sewage water on street. This is happening in MG Road near the landmark.,33,1,19,MG Road,high
sewage,Sewage issue in Jayanagar,overflowing drains near hospital. This is happening in Jayanagar near the landmark.,0,1,23,Jayanagar,medium
sewage,Sewage issue in Indiranagar,underground drainage system failed. This is happening in Indiranagar near the landmark.,6,0,16,Indiranagar,medium
sewage,Sewage issue in Indiranagar,sewage overflow on road. This is happening in Indiranagar near the landmark.,18,1,23,Indiranagar,medium
sewage,Sewage issue in Malleshwaram,manhole lid is broken. This is happening in Malleshwaram near the landmark.,46,1,5,Malleshwaram,high
sewage,Sewage issue in MG Road,sewage overflow on road. This is happening in MG Road near the landmark.,28,0,13,MG Road,high
sewage,Sewage issue in Jayanagar,drainage water blocking path. This is happening in Jayanagar near the landmark.,5,0,6,Jayanagar,medium
sewage,Sewage issue in Indiranagar,sewage overflow on road. This is happening in Indiranagar near the landmark.,50,0,16,Indiranagar,high
sewage,Sewage issue in Indiranagar,manhole lid is broken. This is happening in Indiranagar near the landmark.,35,0,6,Indiranagar,high
sewage,Sewage issue in MG Road,sewage overflow on road. This is happening in MG Road near the landmark.,4,1,6,MG Road,medium
sewage,Sewage issue in Indiranagar,"manhole uncovered, very bad smell. This is happening in Indiranagar near the landmark.",14,1,17,Indiranagar,medium
sewage,Sewage issue in Jayanagar,overflowing drains near hospital. This is happening in Jayanagar near the landmark.,50,0,19,Jayanagar,high
sewage,Sewage issue in Indiranagar,sewer line choked. This is happening in Indiranagar near the landmark.,31,1,7,Indiranagar,high
sewage,Sewage issue in Jayanagar,gutter water coming into house. This is happening in Jayanagar near the landmark.,43,1,9,Jayanagar,high
sewage,Sewage issue in Koramangala,sewer line choked. This is happening in Koramangala near the landmark.,42,0,20,Koramangala,high
sewage,Sewage issue in MG Road,sewer line choked. This is happening in MG Road near the landmark.,16,1,10,MG Road,medium
sewage,Sewage issue in MG Road,toxic smell from open drainage. This is happening in MG Road near the landmark.,43,1,3,MG Road,high
sewage,Sewage issue in Whitefield,"manhole uncovered, very bad smell. This is happening in Whitefield near the landmark.",45,0,20,Whitefield,high
sewage,Sewage issue in Koramangala,gutter water coming into house. This is happening in Koramangala near the landmark.,1,1,8,Koramangala,medium
sewage,Sewage issue in Koramangala,"manhole uncovered, very bad smell. This is happening in Koramangala near the landmark.",12,0,18,Koramangala,medium
sewage,Sewage issue in Koramangala,toxic smell from open drainage. This is happening in Koramangala near the landmark.,38,0,14,Koramangala,high
sewage,Sewage issue in MG Road,"manhole uncovered, very bad smell. This is happening in MG Road near the landmark.",48,1,16,MG Road,high
sewage,Sewage issue in Malleshwaram,sewer line choked. This is happening in Malleshwaram near the landmark.,12,1,10,Malleshwaram,medium
sewage,Sewage issue in Indiranagar,manhole lid is broken. This is happening in Indiranagar near the landmark.,36,1,1,Indiranagar,high
sewage,Sewage issue in Whitefield,overflowing drains near hospital. This is happening in Whitefield near the landmark.,24,0,7,Whitefield,medium
sewage,Sewage issue in Malleshwaram,overflowing drains near hospital. This is happening in Malleshwaram near the landmark.,31,1,7,Malleshwaram,high
sewage,Sewage issue in Whitefield,sewer line choked. This is happening in Whitefield near the landmark.,22,0,2,Whitefield,medium
sewage,Sewage issue in Malleshwaram,gutter water coming into house. This is happening in Malleshwaram near the landmark.,28,1,3,Malleshwaram,high
sewage,Sewage issue in MG Road,stagnant sewage water on street. This is happening in MG Road near the landmark.,40,1,17,MG Road,high
sewage,Sewage issue in HSR Layout,sewage overflow on road. This is happening in HSR Layout near the landmark.,1,0,12,HSR Layout,medium
sewage,Sewage issue in Indiranagar,gutter water coming into house. This is happening in Indiranagar near the landmark.,21,0,23,Indiranagar,medium
sewage,Sewage issue in Malleshwaram,drainage water blocking path. This is happening in Malleshwaram near the landmark.,34,1,15,Malleshwaram,high
sewage,Sewage issue in MG Road,drainage water blocking path. This is happening in MG Road near the landmark.,41,0,2,MG Road,high
sewage,Sewage issue in Jayanagar,gutter water coming into house. This is happening in Jayanagar near the landmark.,44,1,13,Jayanagar,high
sewage,Sewage issue in Koramangala,stagnant sewage water on street. This is happening in Koramangala near the landmark.,38,0,14,Koramangala,high
sewage,Sewage issue in Malleshwaram,sewage overflow on road. This is happening in Malleshwaram near the landmark.,1,1,1,Malleshwaram,medium
sewage,Sewage issue in Indiranagar,sewer line choked. This is happening in Indiranagar near the landmark.,25,1,20,Indiranagar,medium
sewage,Sewage issue in Malleshwaram,"manhole uncovered, very bad smell. This is happening in Malleshwaram near the landmark.",24,0,22,Malleshwaram,medium
sewage,Sewage issue in Koramangala,toxic smell from open drainage. This is happening in Koramangala near the landmark.,43,1,3,Koramangala,high
sewage,Sewage issue in Koramangala,manhole lid is broken. This is happening in Koramangala near the landmark.,35,1,2,Koramangala,high
sewage,Sewage issue in Indiranagar,stagnant sewage water on street. This is happening in Indiranagar near the landmark.,15,0,14,Indiranagar,medium
sewage,Sewage issue in Malleshwaram,underground drainage system failed. This is happening in Malleshwaram near the landmark.,49,1,0,Malleshwaram,high
sewage,Sewage issue in HSR Layout,sewer line choked. This is happening in HSR Layout near the landmark.,6,1,10,HSR Layout,medium
sewage,Sewage issue in Whitefield,toxic smell from open drainage. This is happening in Whitefield near the landmark.,26,0,13,Whitefield,high
sewage,Sewage issue in MG Road,drainage water blocking path. This is happening in MG Road near the landmark.,15,1,4,MG Road,medium
sewage,Sewage issue in Jayanagar,"manhole uncovered, very bad smell. This is happening in Jayanagar near the landmark.",18,1,2,Jayanagar,medium
sewage,Sewage issue in Indiranagar,gutter water coming into house. This is happening in Indiranagar near the landmark.,9,0,3,Indiranagar,medium
sewage,Sewage issue in Malleshwaram,overflowing drains near hospital. This is happening in Malleshwaram near the landmark.,6,0,15,Malleshwaram,medium
sewage,Sewage issue in Malleshwaram,sewer line choked. This is happening in Malleshwaram near the landmark.,19,1,23,Malleshwaram,medium
sewage,Sewage issue in Koramangala,drainage water blocking path. This is happening in Koramangala near the landmark.,24,0,16,Koramangala,medium
sewage,Sewage issue in Whitefield,toxic smell from open drainage. This is happening in Whitefield near the landmark.,0,1,12,Whitefield,medium
sewage,Sewage issue in Jayanagar,toxic smell from open drainage. This is happening in Jayanagar near the landmark.,26,1,22,Jayanagar,high
sewage,Sewage issue in Whitefield,drainage water blocking path. This is happening in Whitefield near the landmark.,47,0,10,Whitefield,high
sewage,Sewage issue in Jayanagar,sewage overflow on road. This is happening in Jayanagar near the landmark.,8,1,23,Jayanagar,medium
sewage,Sewage issue in Malleshwaram,underground drainage system failed. This is happening in Malleshwaram near the landmark.,43,1,13,Malleshwaram,high
sewage,Sewage issue in Indiranagar,underground drainage system failed. This is happening in Indiranagar near the landmark.,20,1,3,Indiranagar,medium
sewage,Sewage issue in HSR Layout,sewer line choked. This is happening in HSR Layout near the landmark.,21,1,11,HSR Layout,medium
sewage,Sewage issue in Koramangala,gutter water coming into house. This is happening in Koramangala near the landmark.,49,0,10,Koramangala,high
sewage,Sewage issue in Koramangala,underground drainage system failed. This is happening in Koramangala near the landmark.,24,1,7,Koramangala,medium
sewage,Sewage issue in MG Road,manhole lid is broken. This is happening in MG Road near the landmark.,39,1,7,MG Road,high
sewage,Sewage issue in Jayanagar,stagnant sewage water on street. This is happening in Jayanagar near the landmark.,12,0,7,Jayanagar,medium
sewage,Sewage issue in Whitefield,"manhole uncovered, very bad smell. This is happening in Whitefield near the landmark.",9,0,10,Whitefield,medium
sewage,Sewage issue in Jayanagar,stagnant sewage water on street. This is happening in Jayanagar near the landmark.,23,0,5,Jayanagar,medium
sewage,Sewage issue in HSR Layout,gutter water coming into house. This is happening in HSR Layout near the landmark.,27,1,10,HSR Layout,high
sewage,Sewage issue in Whitefield,stagnant sewage water on street. This is happening in Whitefield near the landmark.,29,0,17,Whitefield,high
sewage,Sewage issue in HSR Layout,toxic smell from open drainage. This is happening in HSR Layout near the landmark.,6,0,23,HSR Layout,medium
park,Park issue in Whitefield,"garden not maintained, plants dying. This is happening in Whitefield near the landmark.",23,0,6,Whitefield,medium
park,Park issue in HSR Layout,play area for kids is broken. This is happening in HSR Layout near the landmark.,49,0,4,HSR Layout,high
park,Park issue in Koramangala,garbage inside the garden area. This is happening in Koramangala near the landmark.,30,1,14,Koramangala,high
park,Park issue in Malleshwaram,"garden not maintained, plants dying. This is happening in Malleshwaram near the landmark.",4,0,12,Malleshwaram,low
park,Park issue in Jayanagar,park lights not working. This is happening in Jayanagar near the landmark.,30,0,20,Jayanagar,high
park,Park issue in Malleshwaram,illegal activities in park due to no security. This is happening in Malleshwaram near the landmark.,39,0,4,Malleshwaram,high
park,Park issue in Malleshwaram,play area for kids is broken. This is happening in Malleshwaram near the landmark.,42,1,15,Malleshwaram,high
park,Park issue in Jayanagar,garbage inside the garden area. This is happening in Jayanagar near the landmark.,18,1,0,Jayanagar,medium
park,Park issue in Indiranagar,garbage inside the garden area. This is happening in Indiranagar near the landmark.,23,1,10,Indiranagar,medium
park,Park issue in Indiranagar,play area for kids is broken. This is happening in Indiranagar near the landmark.,25,0,0,Indiranagar,medium
park,Park issue in HSR Layout,"garden not maintained, plants dying. This is happening in HSR Layout near the landmark.",48,0,20,HSR Layout,high
park,Park issue in Whitefield,"garden not maintained, plants dying. This is happening in Whitefield near the landmark.",38,1,19,Whitefield,high
park,Park issue in Jayanagar,park gate is broken. This is happening in Jayanagar near the landmark.,13,0,16,Jayanagar,medium
park,Park issue in Indiranagar,park lights not working. This is happening in Indiranagar near the landmark.,10,0,13,Indiranagar,medium
park,Park issue in Whitefield,play area for kids is broken. This is happening in Whitefield near the landmark.,36,1,13,Whitefield,high
park,Park issue in Whitefield,fountain not working for months. This is happening in Whitefield near the landmark.,38,0,13,Whitefield,high
park,Park issue in HSR Layout,garbage inside the garden area. This is happening in HSR Layout near the landmark.,12,0,1,HSR Layout,medium
park,Park issue in HSR Layout,"garden not maintained, plants dying. This is happening in HSR Layout near the landmark.",40,1,23,HSR Layout,high
park,Park issue in Indiranagar,fountain not working for months. This is happening in Indiranagar near the landmark.,26,0,17,Indiranagar,high
park,Park issue in Jayanagar,garbage inside the garden area. This is happening in Jayanagar near the landmark.,4,1,11,Jayanagar,low
park,Park issue in Koramangala,park lights not working. This is happening in Koramangala near the landmark.,38,0,17,Koramangala,high
park,Park issue in Malleshwaram,garbage inside the garden area. This is happening in Malleshwaram near the landmark.,42,1,16,Malleshwaram,high
park,Park issue in Jayanagar,park lights not working. This is happening in Jayanagar near the landmark.,26,1,19,Jayanagar,high
park,Park issue in MG Road,park bench is broken. This is happening in MG Road near the landmark.,48,0,16,MG Road,high
park,Park issue in MG Road,park lights not working. This is happening in MG Road near the landmark.,31,1,3,MG Road,high
park,Park issue in Malleshwaram,weed overgrowth in public park. This is happening in Malleshwaram near the landmark.,39,0,22,Malleshwaram,high
park,Park issue in MG Road,illegal activities in park due to no security. This is happening in MG Road near the landmark.,15,1,20,MG Road,medium
park,Park issue in MG Road,play area for kids is broken. This is happening in MG Road near the landmark.,45,0,5,MG Road,high
park,Park issue in Indiranagar,park gate is broken. This is happening in Indiranagar near the landmark.,23,0,0,Indiranagar,medium
park,Park issue in Koramangala,play area for kids is broken. This is happening in Koramangala near the landmark.,37,1,15,Koramangala,high
park,Park issue in Indiranagar,play area for kids is broken. This is happening in Indiranagar near the landmark.,9,0,8,Indiranagar,medium
park,Park issue in HSR Layout,illegal activities in park due to no security. This is happening in HSR Layout near the landmark.,28,0,2,HSR Layout,high
park,Park issue in Malleshwaram,"garden not maintained, plants dying. This is happening in Malleshwaram near the landmark.",1,0,23,Malleshwaram,low
park,Park issue in HSR Layout,weed overgrowth in public park. This is happening in HSR Layout near the landmark.,4,1,7,HSR Layout,low
park,Park issue in Jayanagar,jogging track is damaged. This is happening in Jayanagar near the landmark.,46,1,1,Jayanagar,high
park,Park issue in Malleshwaram,jogging track is damaged. This is happening in Malleshwaram near the landmark.,0,1,10,Malleshwaram,low
park,Park issue in MG Road,garbage inside the garden area. This is happening in MG Road near the landmark.,31,1,16,MG Road,high
park,Park issue in HSR Layout,illegal activities in park due to no security. This is happening in HSR Layout near the landmark.,44,1,7,HSR Layout,high
park,Park issue in Indiranagar,illegal activities in park due to no security. This is happening in Indiranagar near the landmark.,13,1,18,Indiranagar,medium
park,Park issue in Whitefield,garbage inside the garden area. This is happening in Whitefield near the landmark.,13,1,17,Whitefield,medium
park,Park issue in Whitefield,fountain not working for months. This is happening in Whitefield near the landmark.,28,0,19,Whitefield,high
park,Park issue in Malleshwaram,park bench is broken. This is happening in Malleshwaram near the landmark.,42,0,15,Malleshwaram,high
park,Park issue in Whitefield,fountain not working for months. This is happening in Whitefield near the landmark.,16,1,11,Whitefield,medium
park,Park issue in MG Road,play area for kids is broken. This is happening in MG Road near the landmark.,21,0,5,MG Road,medium
park,Park issue in Malleshwaram,fountain not working for months. This is happening in Malleshwaram near the landmark.,41,0,22,Malleshwaram,high
park,Park issue in Whitefield,illegal activities in park due to no security. This is happening in Whitefield near the landmark.,22,1,9,Whitefield,medium
park,Park issue in Indiranagar,fountain not working for months. This is happening in Indiranagar near the landmark.,5,1,10,Indiranagar,medium
park,Park issue in MG Road,jogging track is damaged. This is happening in MG Road near the landmark.,12,1,20,MG Road,medium
park,Park issue in Koramangala,garbage inside the garden area. This is happening in Koramangala near the landmark.,3,1,13,Koramangala,low
park,Park issue in HSR Layout,park lights not working. This is happening in HSR Layout near the landmark.,46,1,4,HSR Layout,high
park,Park issue in Koramangala,illegal activities in park due to no security. This is happening in Koramangala near the landmark.,33,0,3,Koramangala,high
park,Park issue in MG Road,park lights not working. This is happening in MG Road near the landmark.,41,0,12,MG Road,high
park,Park issue in Jayanagar,fountain not working for months. This is happening in Jayanagar near the landmark.,4,1,12,Jayanagar,low
park,Park issue in HSR Layout,jogging track is damaged. This is happening in HSR Layout near the landmark.,7,0,4,HSR Layout,medium
park,Park issue in Whitefield,"garden not maintained, plants dying. This is happening in Whitefield near the landmark.",26,1,23,Whitefield,high
park,Park issue in Koramangala,weed overgrowth in public park. This is happening in Koramangala near the landmark.,20,1,1,Koramangala,medium
park,Park issue in HSR Layout,jogging track is damaged. This is happening in HSR Layout near the landmark.,10,0,4,HSR Layout,medium
park,Park issue in Whitefield,fountain not working for months. This is happening in Whitefield near the landmark.,4,1,4,Whitefield,low
park,Park issue in Whitefield,garbage inside the garden area. This is happening in Whitefield near the landmark.,47,0,15,Whitefield,high
park,Park issue in Jayanagar,illegal activities in park due to no security. This is happening in Jayanagar near the landmark.,15,1,2,Jayanagar,medium
park,Park issue in MG Road,weed overgrowth in public park. This is happening in MG Road near the landmark.,34,0,5,MG Road,high
park,Park issue in HSR Layout,play area for kids is broken. This is happening in HSR Layout near the landmark.,18,0,2,HSR Layout,medium
park,Park issue in Jayanagar,jogging track is damaged. This is happening in Jayanagar near the landmark.,5,1,7,Jayanagar,medium
park,Park issue in MG Road,park gate is broken. This is happening in MG Road near the landmark.,49,0,2,MG Road,high
park,Park issue in Jayanagar,garbage inside the garden area. This is happening in Jayanagar near the landmark.,39,1,22,Jayanagar,high
park,Park issue in Indiranagar,park gate is broken. This is happening in Indiranagar near the landmark.,12,0,19,Indiranagar,medium
park,Park issue in Malleshwaram,"garden not maintained, plants dying. This is happening in Malleshwaram near the landmark.",43,1,6,Malleshwaram,high
park,Park issue in MG Road,"garden not maintained, plants dying. This is happening in MG Road near the landmark.",50,1,20,MG Road,high
park,Park issue in MG Road,garbage inside the garden area. This is happening in MG Road near the landmark.,24,1,23,MG Road,medium
park,Park issue in Indiranagar,jogging track is damaged. This is happening in Indiranagar near the landmark.,0,1,18,Indiranagar,low
park,Park issue in Whitefield,weed overgrowth in public park. This is happening in Whitefield near the landmark.,33,0,9,Whitefield,high
park,Park issue in HSR Layout,fountain not working for months. This is happening in HSR Layout near the landmark.,46,1,22,HSR Layout,high
park,Park issue in Malleshwaram,park gate is broken. This is happening in Malleshwaram near the landmark.,49,1,11,Malleshwaram,high
park,Park issue in Malleshwaram,garbage inside the garden area. This is happening in Malleshwaram near the landmark.,15,1,20,Malleshwaram,medium
park,Park issue in Whitefield,fountain not working for months. This is happening in Whitefield near the landmark.,6,0,8,Whitefield,medium
park,Park issue in Whitefield,weed overgrowth in public park. This is happening in Whitefield near the landmark.,5,0,6,Whitefield,medium
park,Park issue in Jayanagar,park bench is broken. This is happening in Jayanagar near the landmark.,41,1,2,Jayanagar,high
park,Park issue in Jayanagar,jogging track is damaged. This is happening in Jayanagar near the landmark.,9,0,10,Jayanagar,medium
park,Park issue in Jayanagar,fountain not working for months. This is happening in Jayanagar near the landmark.,31,0,12,Jayanagar,high
park,Park issue in Whitefield,fountain not working for months. This is happening in Whitefield near the landmark.,1,0,19,Whitefield,low
park,Park issue in Koramangala,park gate is broken. This is happening in Koramangala near the landmark.,46,0,2,Koramangala,high
park,Park issue in Whitefield,park lights not working. This is happening in Whitefield near the landmark.,38,0,11,Whitefield,high
park,Park issue in Koramangala,play area for kids is broken. This is happening in Koramangala near the landmark.,33,1,10,Koramangala,high
park,Park issue in Koramangala,jogging track is damaged. This is happening in Koramangala near the landmark.,22,1,13,Koramangala,medium
park,Park issue in Whitefield,play area for kids is broken. This is happening in Whitefield near the landmark.,36,0,22,Whitefield,high
park,Park issue in Malleshwaram,play area for kids is broken. This is happening in Malleshwaram near the landmark.,34,1,4,Malleshwaram,high
park,Park issue in MG Road,park gate is broken. This is happening in MG Road near the landmark.,7,1,3,MG Road,medium
park,Park issue in Whitefield,garbage inside the garden area. This is happening in Whitefield near the landmark.,30,0,1,Whitefield,high
park,Park issue in MG Road,park lights not working. This is happening in MG Road near the landmark.,39,0,21,MG Road,high
park,Park issue in Jayanagar,park gate is broken. This is happening in Jayanagar near the landmark.,16,0,11,Jayanagar,medium
park,Park issue in Jayanagar,play area for kids is broken. This is happening in Jayanagar near the landmark.,44,0,8,Jayanagar,high
park,Park issue in Whitefield,illegal activities in park due to no security. This is happening in Whitefield near the landmark.,28,1,6,Whitefield,high
park,Park issue in HSR Layout,"garden not maintained, plants dying. This is happening in HSR Layout near the landmark.",36,1,11,HSR Layout,high
park,Park issue in Indiranagar,park lights not working. This is happening in Indiranagar near the landmark.,38,0,15,Indiranagar,high
park,Park issue in Whitefield,park lights not working. This is happening in Whitefield near the landmark.,28,1,11,Whitefield,high
park,Park issue in HSR Layout,park bench is broken. This is happening in HSR Layout near the landmark.,36,1,4,HSR Layout,high
park,Park issue in MG Road,park lights not working. This is happening in MG Road near the landmark.,28,0,12,MG Road,high
park,Park issue in Whitefield,park gate is broken. This is happening in Whitefield near the landmark.,25,1,13,Whitefield,medium
park,Park issue in Koramangala,park lights not working. This is happening in Koramangala near the landmark.,17,0,7,Koramangala,medium
park,Park issue in Malleshwaram,illegal activities in park due to no security. This is happening in Malleshwaram near the landmark.,32,0,19,Malleshwaram,high
park,Park issue in MG Road,park gate is broken. This is happening in MG Road near the landmark.,11,0,20,MG Road,medium
park,Park issue in Koramangala,weed overgrowth in public park. This is happening in Koramangala near the landmark.,30,1,6,Koramangala,high
park,Park issue in Koramangala,illegal activities in park due to no security. This is happening in Koramangala near the landmark.,25,0,20,Koramangala,medium
park,Park issue in Indiranagar,"garden not maintained, plants dying. This is happening in Indiranagar near the landmark.",46,1,9,Indiranagar,high
park,Park issue in MG Road,park lights not working. This is happening in MG Road near the landmark.,0,1,13,MG Road,low
park,Park issue in MG Road,weed overgrowth in public park. This is happening in MG Road near the landmark.,1,1,8,MG Road,low
park,Park issue in Indiranagar,play area for kids is broken. This is happening in Indiranagar near the landmark.,39,1,0,Indiranagar,high
park,Park issue in Koramangala,play area for kids is broken. This is happening in Koramangala near the landmark.,15,1,8,Koramangala,medium
park,Park issue in Koramangala,illegal activities in park due to no security. This is happening in Koramangala near the landmark.,27,1,7,Koramangala,high
park,Park issue in Malleshwaram,garbage inside the garden area. This is happening in Malleshwaram near the landmark.,0,0,13,Malleshwaram,low
park,Park issue in Malleshwaram,illegal activities in park due to no security. This is happening in Malleshwaram near the landmark.,7,1,10,Malleshwaram,medium
park,Park issue in Malleshwaram,play area for kids is broken. This is happening in Malleshwaram near the landmark.,48,1,16,Malleshwaram,high
park,Park issue in Indiranagar,fountain not working for months. This is happening in Indiranagar near the landmark.,20,0,14,Indiranagar,medium
park,Park issue in HSR Layout,park bench is broken. This is happening in HSR Layout near the landmark.,32,1,10,HSR Layout,high
park,Park issue in Jayanagar,park gate is broken. This is happening in Jayanagar near the landmark.,21,1,0,Jayanagar,medium
park,Park issue in HSR Layout,park gate is broken. This is happening in HSR Layout near the landmark.,44,1,13,HSR Layout,high
park,Park issue in Jayanagar,park gate is broken. This is happening in Jayanagar near the landmark.,16,0,22,Jayanagar,medium
park,Park issue in Whitefield,jogging track is damaged. This is happening in Whitefield near the landmark.,41,1,19,Whitefield,high
park,Park issue in Jayanagar,illegal activities in park due to no security. This is happening in Jayanagar near the landmark.,15,0,11,Jayanagar,medium
park,Park issue in MG Road,weed overgrowth in public park. This is happening in MG Road near the landmark.,2,0,2,MG Road,low
park,Park issue in MG Road,fountain not working for months. This is happening in MG Road near the landmark.,15,1,18,MG Road,medium
park,Park issue in Whitefield,illegal activities in park due to no security. This is happening in Whitefield near the landmark.,33,1,22,Whitefield,high
park,Park issue in Koramangala,"garden not maintained, plants dying. This is happening in Koramangala near the landmark.",20,0,17,Koramangala,medium
park,Park issue in MG Road,weed overgrowth in public park. This is happening in MG Road near the landmark.,12,1,0,MG Road,medium
park,Park issue in Koramangala,jogging track is damaged. This is happening in Koramangala near the landmark.,19,1,0,Koramangala,medium
park,Park issue in Malleshwaram,park bench is broken. This is happening in Malleshwaram near the landmark.,0,0,13,Malleshwaram,low
park,Park issue in MG Road,jogging track is damaged. This is happening in MG Road near the landmark.,20,0,5,MG Road,medium
park,Park issue in Jayanagar,play area for kids is broken. This is happening in Jayanagar near the landmark.,20,0,10,Jayanagar,medium
park,Park issue in Indiranagar,weed overgrowth in public park. This is happening in Indiranagar near the landmark.,21,0,8,Indiranagar,medium
park,Park issue in HSR Layout,"garden not maintained, plants dying. This is happening in HSR Layout near the landmark.",17,0,3,HSR Layout,medium
park,Park issue in Jayanagar,weed overgrowth in public park. This is happening in Jayanagar near the landmark.,35,0,2,Jayanagar,high
park,Park issue in Koramangala,park bench is broken. This is happening in Koramangala near the landmark.,15,0,12,Koramangala,medium
park,Park issue in Jayanagar,park gate is broken. This is happening in Jayanagar near the landmark.,13,1,10,Jayanagar,medium
park,Park issue in Koramangala,illegal activities in park due to no security. This is happening in Koramangala near the landmark.,22,1,18,Koramangala,medium
park,Park issue in Malleshwaram,park gate is broken. This is happening in Malleshwaram near the landmark.,44,0,6,Malleshwaram,high
park,Park issue in HSR Layout,park bench is broken. This is happening in HSR Layout near the landmark.,32,0,2,HSR Layout,high
park,Park issue in Malleshwaram,jogging track is damaged. This is happening in Malleshwaram near the landmark.,42,1,13,Malleshwaram,high
park,Park issue in Whitefield,park lights not working. This is happening in Whitefield near the landmark.,5,0,6,Whitefield,medium
park,Park issue in Whitefield,illegal activities in park due to no security. This is happening in Whitefield near the landmark.,34,0,1,Whitefield,high
park,Park issue in Malleshwaram,play area for kids is broken. This is happening in Malleshwaram near the landmark.,48,0,6,Malleshwaram,high
park,Park issue in HSR Layout,play area for kids is broken. This is happening in HSR Layout near the landmark.,21,1,19,HSR Layout,medium
park,Park issue in Whitefield,"garden not maintained, plants dying. This is happening in Whitefield near the landmark.",6,0,1,Whitefield,medium
park,Park issue in Koramangala,jogging track is damaged. This is happening in Koramangala near the landmark.,39,0,8,Koramangala,high
park,Park issue in Malleshwaram,weed overgrowth in public park. This is happening in Malleshwaram near the landmark.,17,0,4,Malleshwaram,medium
park,Park issue in MG Road,"garden not maintained, plants dying. This is happening in MG Road near the landmark.",32,1,10,MG Road,high
park,Park issue in Indiranagar,fountain not working for months. This is happening in Indiranagar near the landmark.,26,0,12,Indiranagar,high
park,Park issue in MG Road,"garden not maintained, plants dying. This is happening in MG Road near the landmark.",25,0,4,MG Road,medium
park,Park issue in Malleshwaram,garbage inside the garden area. This is happening in Malleshwaram near the landmark.,45,1,1,Malleshwaram,high
park,Park issue in Indiranagar,park bench is broken. This is happening in Indiranagar near the landmark.,30,0,22,Indiranagar,high
park,Park issue in Koramangala,"garden not maintained, plants dying. This is happening in Koramangala near the landmark.",14,1,6,Koramangala,medium
park,Park issue in MG Road,play area for kids is broken. This is happening in MG Road near the landmark.,33,1,5,MG Road,high
park,Park issue in Whitefield,"garden not maintained, plants dying. This is happening in Whitefield near the landmark.",1,0,9,Whitefield,low
park,Park issue in Malleshwaram,illegal activities in park due to no security. This is happening in Malleshwaram near the landmark.,12,0,8,Malleshwaram,medium
park,Park issue in MG Road,weed overgrowth in public park. This is happening in MG Road near the landmark.,47,1,5,MG Road,high
park,Park issue in HSR Layout,jogging track is damaged. This is happening in HSR Layout near the landmark.,17,1,3,HSR Layout,medium
park,Park issue in Koramangala,play area for kids is broken. This is happening in Koramangala near the landmark.,23,1,22,Koramangala,medium
park,Park issue in Whitefield,play area for kids is broken. This is happening in Whitefield near the landmark.,5,1,1,Whitefield,medium
park,Park issue in Jayanagar,play area for kids is broken. This is happening in Jayanagar near the landmark.,30,0,21,Jayanagar,high
park,Park issue in Whitefield,jogging track is damaged. This is happening in Whitefield near the landmark.,33,1,20,Whitefield,high
park,Park issue in HSR Layout,park bench is broken. This is happening in HSR Layout near the landmark.,37,0,16,HSR Layout,high
park,Park issue in Indiranagar,fountain not working for months. This is happening in Indiranagar near the landmark.,46,1,4,Indiranagar,high
park,Park issue in MG Road,park gate is broken. This is happening in MG Road near the landmark.,10,0,1,MG Road,medium
park,Park issue in MG Road,"garden not maintained, plants dying. This is happening in MG Road near the landmark.",32,1,23,MG Road,high
park,Park issue in Malleshwaram,play area for kids is broken. This is happening in Malleshwaram near the landmark.,46,1,20,Malleshwaram,high
park,Park issue in Indiranagar,weed overgrowth in public park. This is happening in Indiranagar near the landmark.,5,0,8,Indiranagar,medium
park,Park issue in Jayanagar,"garden not maintained, plants dying. This is happening in Jayanagar near the landmark.",4,0,17,Jayanagar,low
park,Park issue in Koramangala,park lights not working. This is happening in Koramangala near the landmark.,11,1,1,Koramangala,medium
park,Park issue in Jayanagar,jogging track is damaged. This is happening in Jayanagar near the landmark.,8,1,7,Jayanagar,medium
park,Park issue in Malleshwaram,park gate is broken. This is happening in Malleshwaram near the landmark.,41,0,14,Malleshwaram,high
park,Park issue in Indiranagar,illegal activities in park due to no security. This is happening in Indiranagar near the landmark.,23,0,10,Indiranagar,medium
park,Park issue in Jayanagar,garbage inside the garden area. This is happening in Jayanagar near the landmark.,39,0,20,Jayanagar,high
park,Park issue in Malleshwaram,weed overgrowth in public park. This is happening in Malleshwaram near the landmark.,30,1,16,Malleshwaram,high
park,Park issue in Whitefield,park bench is broken. This is happening in Whitefield near the landmark.,11,1,2,Whitefield,medium
park,Park issue in Jayanagar,"garden not maintained, plants dying. This is happening in Jayanagar near the landmark.",25,0,14,Jayanagar,medium
park,Park issue in Jayanagar,park lights not working. This is happening in Jayanagar near the landmark.,17,1,7,Jayanagar,medium
park,Park issue in HSR Layout,play area for kids is broken. This is happening in HSR Layout near the landmark.,39,1,1,HSR Layout,high
park,Park issue in MG Road,park gate is broken. This is happening in MG Road near the landmark.,34,0,20,MG Road,high
park,Park issue in Koramangala,illegal activities in park due to no security. This is happening in Koramangala near the landmark.,32,1,5,Koramangala,high
park,Park issue in MG Road,park bench is broken. This is happening in MG Road near the landmark.,37,1,22,MG Road,high
park,Park issue in Malleshwaram,park bench is broken. This is happening in Malleshwaram near the landmark.,28,0,18,Malleshwaram,high
park,Park issue in HSR Layout,fountain not working for months. This is happening in HSR Layout near the landmark.,24,1,21,HSR Layout,medium
park,Park issue in HSR Layout,jogging track is damaged. This is happening in HSR Layout near the landmark.,28,1,3,HSR Layout,high
park,Park issue in HSR Layout,play area for kids is broken. This is happening in HSR Layout near the landmark.,4,1,10,HSR Layout,low
park,Park issue in MG Road,park bench is broken. This is happening in MG Road near the landmark.,4,1,13,MG Road,low
park,Park issue in HSR Layout,park lights not working. This is happening in HSR Layout near the landmark.,1,1,19,HSR Layout,low
park,Park issue in Jayanagar,park lights not working. This is happening in Jayanagar near the landmark.,28,1,6,Jayanagar,high
park,Park issue in Jayanagar,garbage inside the garden area. This is happening in Jayanagar near the landmark.,27,1,14,Jayanagar,high
park,Park issue in Whitefield,jogging track is damaged. This is happening in Whitefield near the landmark.,9,1,8,Whitefield,medium
park,Park issue in Whitefield,park lights not working. This is happening in Whitefield near the landmark.,49,0,1,Whitefield,high
park,Park issue in Whitefield,weed overgrowth in public park. This is happening in Whitefield near the landmark.,46,1,1,Whitefield,high
park,Park issue in HSR Layout,park gate is broken. This is happening in HSR Layout near the landmark.,29,0,1,HSR Layout,high
park,Park issue in Koramangala,garbage inside the garden area. This is happening in Koramangala near the landmark.,30,0,14,Koramangala,high
park,Park issue in MG Road,play area for kids is broken. This is happening in MG Road near the landmark.,40,0,10,MG Road,high
park,Park issue in HSR Layout,weed overgrowth in public park. This is happening in HSR Layout near the landmark.,43,0,9,HSR Layout,high
park,Park issue in Malleshwaram,park bench is broken. This is happening in Malleshwaram near the landmark.,45,0,12,Malleshwaram,high
park,Park issue in HSR Layout,park lights not working. This is happening in HSR Layout near the landmark.,31,1,12,HSR Layout,high
park,Park issue in Jayanagar,illegal activities in park due to no security. This is happening in Jayanagar near the landmark.,34,0,20,Jayanagar,high
park,Park issue in Malleshwaram,play area for kids is broken. This is happening in Malleshwaram near the landmark.,36,1,17,Malleshwaram,high
park,Park issue in Malleshwaram,jogging track is damaged. This is happening in Malleshwaram near the landmark.,32,1,4,Malleshwaram,high
park,Park issue in Jayanagar,"garden not maintained, plants dying. This is happening in Jayanagar near the landmark.",17,1,18,Jayanagar,medium
park,Park issue in HSR Layout,park gate is broken. This is happening in HSR Layout near the landmark.,48,1,1,HSR Layout,high
park,Park issue in Koramangala,play area for kids is broken. This is happening in Koramangala near the landmark.,22,0,21,Koramangala,medium
park,Park issue in Jayanagar,park gate is broken. This is happening in Jayanagar near the landmark.,10,1,4,Jayanagar,medium
park,Park issue in Koramangala,park bench is broken. This is happening in Koramangala near the landmark.,8,0,4,Koramangala,medium
park,Park issue in HSR Layout,play area for kids is broken. This is happening in HSR Layout near the landmark.,40,0,15,HSR Layout,high
park,Park issue in MG Road,fountain not working for months. This is happening in MG Road near the landmark.,9,1,7,MG Road,medium
park,Park issue in Koramangala,"garden not maintained, plants dying. This is happening in Koramangala near the landmark.",33,1,7,Koramangala,high
park,Park issue in Jayanagar,jogging track is damaged. This is happening in Jayanagar near the landmark.,45,1,17,Jayanagar,high
park,Park issue in Malleshwaram,illegal activities in park due to no security. This is happening in Malleshwaram near the landmark.,22,0,6,Malleshwaram,medium
park,Park issue in Malleshwaram,garbage inside the garden area. This is happening in Malleshwaram near the landmark.,21,0,12,Malleshwaram,medium
park,Park issue in Koramangala,park bench is broken. This is happening in Koramangala near the landmark.,36,0,1,Koramangala,high
park,Park issue in HSR Layout,fountain not working for months. This is happening in HSR Layout near the landmark.,0,0,3,HSR Layout,low
park,Park issue in HSR Layout,park lights not working. This is happening in HSR Layout near the landmark.,38,0,15,HSR Layout,high
park,Park issue in Koramangala,garbage inside the garden area. This is happening in Koramangala near the landmark.,36,0,23,Koramangala,high
park,Park issue in Malleshwaram,garbage inside the garden area. This is happening in Malleshwaram near the landmark.,15,1,14,Malleshwaram,medium
park,Park issue in Malleshwaram,fountain not working for months. This is happening in Malleshwaram near the landmark.,2,1,4,Malleshwaram,low
park,Park issue in MG Road,park gate is broken. This is happening in MG Road near the landmark.,44,1,0,MG Road,high
park,Park issue in Koramangala,"garden not maintained, plants dying. This is happening in Koramangala near the landmark.",11,0,8,Koramangala,medium
park,Park issue in Jayanagar,play area for kids is broken. This is happening in Jayanagar near the landmark.,3,1,21,Jayanagar,low
park,Park issue in MG Road,illegal activities in park due to no security. This is happening in MG Road near the landmark.,25,0,12,MG Road,medium
park,Park issue in Indiranagar,play area for kids is broken. This is happening in Indiranagar near the landmark.,9,0,2,Indiranagar,medium
park,Park issue in HSR Layout,park gate is broken. This is happening in HSR Layout near the landmark.,38,0,11,HSR Layout,high
park,Park issue in Jayanagar,jogging track is damaged. This is happening in Jayanagar near the landmark.,23,1,1,Jayanagar,medium
park,Park issue in Whitefield,play area for kids is broken. This is happening in Whitefield near the landmark.,8,0,15,Whitefield,medium
park,Park issue in Jayanagar,park lights not working. This is happening in Jayanagar near the landmark.,0,1,3,Jayanagar,low
park,Park issue in HSR Layout,jogging track is damaged. This is happening in HSR Layout near the landmark.,25,1,15,HSR Layout,medium
park,Park issue in Malleshwaram,"garden not maintained, plants dying. This is happening in Malleshwaram near the landmark.",2,0,4,Malleshwaram,low
park,Park issue in MG Road,weed overgrowth in public park. This is happening in MG Road near the landmark.,25,0,5,MG Road,medium
park,Park issue in Whitefield,fountain not working for months. This is happening in Whitefield near the landmark.,16,0,23,Whitefield,medium
park,Park issue in Malleshwaram,"garden not maintained, plants dying. This is happening in Malleshwaram near the landmark.",28,1,14,Malleshwaram,high
park,Park issue in Malleshwaram,play area for kids is broken. This is happening in Malleshwaram near the landmark.,24,0,4,Malleshwaram,medium
park,Park issue in Koramangala,park bench is broken. This is happening in Koramangala near the landmark.,40,1,1,Koramangala,high
park,Park issue in HSR Layout,weed overgrowth in public park. This is happening in HSR Layout near the landmark.,44,1,14,HSR Layout,high
park,Park issue in HSR Layout,park bench is broken. This is happening in HSR Layout near the landmark.,6,0,21,HSR Layout,medium
park,Park issue in Whitefield,play area for kids is broken. This is happening in Whitefield near the landmark.,11,0,3,Whitefield,medium
park,Park issue in Malleshwaram,"garden not maintained, plants dying. This is happening in Malleshwaram near the landmark.",0,0,6,Malleshwaram,low
park,Park issue in Whitefield,weed overgrowth in public park. This is happening in Whitefield near the landmark.,10,1,23,Whitefield,medium
park,Park issue in Jayanagar,garbage inside the garden area. This is happening in Jayanagar near the landmark.,14,0,21,Jayanagar,medium
park,Park issue in Koramangala,garbage inside the garden area. This is happening in Koramangala near the landmark.,34,1,0,Koramangala,high
park,Park issue in Jayanagar,illegal activities in park due to no security. This is happening in Jayanagar near the landmark.,34,0,13,Jayanagar,high
park,Park issue in Malleshwaram,"garden not maintained, plants dying. This is happening in Malleshwaram near the landmark.",33,0,18,Malleshwaram,high
park,Park issue in Jayanagar,garbage inside the garden area. This is happening in Jayanagar near the landmark.,22,1,10,Jayanagar,medium
park,Park issue in Whitefield,weed overgrowth in public park. This is happening in Whitefield near the landmark.,10,1,9,Whitefield,medium
park,Park issue in Koramangala,weed overgrowth in public park. This is happening in Koramangala near the landmark.,25,1,3,Koramangala,medium
park,Park issue in Malleshwaram,play area for kids is broken. This is happening in Malleshwaram near the landmark.,5,0,17,Malleshwaram,medium
park,Park issue in Malleshwaram,play area for kids is broken. This is happening in Malleshwaram near the landmark.,22,0,23,Malleshwaram,medium
park,Park issue in Whitefield,garbage inside the garden area. This is happening in Whitefield near the landmark.,41,0,17,Whitefield,high
park,Park issue in Jayanagar,park lights not working. This is happening in Jayanagar near the landmark.,32,0,6,Jayanagar,high
park,Park issue in Jayanagar,park gate is broken. This is happening in Jayanagar near the landmark.,18,1,22,Jayanagar,medium
park,Park issue in Whitefield,garbage inside the garden area. This is happening in Whitefield near the landmark.,38,0,16,Whitefield,high
park,Park issue in Malleshwaram,garbage inside the garden area. This is happening in Malleshwaram near the landmark.,24,1,20,Malleshwaram,medium
park,Park issue in MG Road,illegal activities in park due to no security. This is happening in MG Road near the landmark.,3,0,16,MG Road,low
park,Park issue in Indiranagar,illegal activities in park due to no security. This is happening in Indiranagar near the landmark.,49,0,21,Indiranagar,high
park,Park issue in MG Road,illegal activities in park due to no security. This is happening in MG Road near the landmark.,4,1,11,MG Road,low
park,Park issue in Jayanagar,jogging track is damaged. This is happening in Jayanagar near the landmark.,27,0,4,Jayanagar,high
park,Park issue in Whitefield,play area for kids is broken. This is happening in Whitefield near the landmark.,11,1,2,Whitefield,medium
park,Park issue in Malleshwaram,park lights not working. This is happening in Malleshwaram near the landmark.,27,0,3,Malleshwaram,high
park,Park issue in MG Road,fountain not working for months. This is happening in MG Road near the landmark.,19,1,20,MG Road,medium
park,Park issue in Jayanagar,illegal activities in park due to no security. This is happening in Jayanagar near the landmark.,15,1,21,Jayanagar,medium
park,Park issue in Malleshwaram,illegal activities in park due to no security. This is happening in Malleshwaram near the landmark.,41,0,15,Malleshwaram,high
park,Park issue in Whitefield,park gate is broken. This is happening in Whitefield near the landmark.,47,1,11,Whitefield,high
park,Park issue in Indiranagar,fountain not working for months. This is happening in Indiranagar near the landmark.,35,1,19,Indiranagar,high
park,Park issue in HSR Layout,park bench is broken. This is happening in HSR Layout near the landmark.,41,0,16,HSR Layout,high
park,Park issue in Malleshwaram,illegal activities in park due to no security. This is happening in Malleshwaram near the landmark.,50,1,3,Malleshwaram,high
park,Park issue in Jayanagar,"garden not maintained, plants dying. This is happening in Jayanagar near the landmark.",48,0,15,Jayanagar,high
park,Park issue in Jayanagar,park lights not working. This is happening in Jayanagar near the landmark.,40,1,18,Jayanagar,high
park,Park issue in HSR Layout,park lights not working. This is happening in HSR Layout near the landmark.,46,0,8,HSR Layout,high
park,Park issue in Koramangala,park bench is broken. This is happening in Koramangala near the landmark.,32,0,1,Koramangala,high
park,Park issue in HSR Layout,play area for kids is broken. This is happening in HSR Layout near the landmark.,15,0,6,HSR Layout,medium
park,Park issue in Indiranagar,jogging track is damaged. This is happening in Indiranagar near the landmark.,47,1,2,Indiranagar,high
park,Park issue in Indiranagar,fountain not working for months. This is happening in Indiranagar near the landmark.,10,0,14,Indiranagar,medium
park,Park issue in Jayanagar,park lights not working. This is happening in Jayanagar near the landmark.,34,0,13,Jayanagar,high
park,Park issue in Malleshwaram,play area for kids is broken. This is happening in Malleshwaram near the landmark.,16,0,21,Malleshwaram,medium
park,Park issue in Malleshwaram,park lights not working. This is happening in Malleshwaram near the landmark.,34,1,11,Malleshwaram,high
park,Park issue in MG Road,park gate is broken. This is happening in MG Road near the landmark.,29,0,17,MG Road,high
park,Park issue in MG Road,garbage inside the garden area. This is happening in MG Road near the landmark.,31,0,13,MG Road,high
park,Park issue in Koramangala,illegal activities in park due to no security. This is happening in Koramangala near the landmark.,29,0,2,Koramangala,high
park,Park issue in Koramangala,weed overgrowth in public park. This is happening in Koramangala near the landmark.,33,0,0,Koramangala,high
park,Park issue in Malleshwaram,park bench is broken. This is happening in Malleshwaram near the landmark.,42,0,4,Malleshwaram,high
park,Park issue in Koramangala,illegal activities in park due to no security. This is happening in Koramangala near the landmark.,24,1,13,Koramangala,medium
park,Park issue in Koramangala,play area for kids is broken. This is happening in Koramangala near the landmark.,34,0,22,Koramangala,high
park,Park issue in Jayanagar,park lights not working. This is happening in Jayanagar near the landmark.,43,1,17,Jayanagar,high
park,Park issue in Koramangala,weed overgrowth in public park. This is happening in Koramangala near the landmark.,2,1,12,Koramangala,low
park,Park issue in Koramangala,"garden not maintained, plants dying. This is happening in Koramangala near the landmark.",39,1,1,Koramangala,high
park,Park issue in Koramangala,garbage inside the garden area. This is happening in Koramangala near the landmark.,29,1,4,Koramangala,high
park,Park issue in Koramangala,illegal activities in park due to no security. This is happening in Koramangala near the landmark.,37,1,0,Koramangala,high
park,Park issue in Koramangala,park bench is broken. This is happening in Koramangala near the landmark.,14,0,6,Koramangala,medium
park,Park issue in Malleshwaram,fountain not working for months. This is happening in Malleshwaram near the landmark.,50,0,16,Malleshwaram,high
park,Park issue in Whitefield,play area for kids is broken. This is happening in Whitefield near the landmark.,10,0,6,Whitefield,medium
park,Park issue in Whitefield,jogging track is damaged. This is happening in Whitefield near the landmark.,29,0,4,Whitefield,high
park,Park issue in Koramangala,illegal activities in park due to no security. This is happening in Koramangala near the landmark.,44,0,13,Koramangala,high
park,Park issue in Indiranagar,fountain not working for months. This is happening in Indiranagar near the landmark.,6,0,13,Indiranagar,medium
park,Park issue in Malleshwaram,park gate is broken. This is happening in Malleshwaram near the landmark.,46,1,5,Malleshwaram,high
park,Park issue in HSR Layout,weed overgrowth in public park. This is happening in HSR Layout near the landmark.,44,0,13,HSR Layout,high
park,Park issue in Indiranagar,park bench is broken. This is happening in Indiranagar near the landmark.,49,0,6,Indiranagar,high
park,Park issue in Whitefield,play area for kids is broken. This is happening in Whitefield near the landmark.,12,1,1,Whitefield,medium
park,Park issue in Malleshwaram,illegal activities in park due to no security. This is happening in Malleshwaram near the landmark.,2,1,13,Malleshwaram,low
park,Park issue in Malleshwaram,play area for kids is broken. This is happening in Malleshwaram near the landmark.,17,1,20,Malleshwaram,medium
park,Park issue in Koramangala,park gate is broken. This is happening in Koramangala near the landmark.,12,1,23,Koramangala,medium
park,Park issue in Malleshwaram,"garden not maintained, plants dying. This is happening in Malleshwaram near the landmark.",13,0,12,Malleshwaram,medium
park,Park issue in Jayanagar,jogging track is damaged. This is happening in Jayanagar near the landmark.,12,1,16,Jayanagar,medium
park,Park issue in MG Road,illegal activities in park due to no security. This is happening in MG Road near the landmark.,5,1,20,MG Road,medium
park,Park issue in Indiranagar,garbage inside the garden area. This is happening in Indiranagar near the landmark.,22,0,5,Indiranagar,medium
park,Park issue in Whitefield,garbage inside the garden area. This is happening in Whitefield near the landmark.,1,0,22,Whitefield,low
park,Park issue in Indiranagar,play area for kids is broken. This is happening in Indiranagar near the landmark.,50,1,21,Indiranagar,high
park,Park issue in Jayanagar,park gate is broken. This is happening in Jayanagar near the landmark.,0,0,17,Jayanagar,low
park,Park issue in Jayanagar,weed overgrowth in public park. This is happening in Jayanagar near the landmark.,29,0,12,Jayanagar,high
park,Park issue in Whitefield,park lights not working. This is happening in Whitefield near the landmark.,50,1,12,Whitefield,high
park,Park issue in Indiranagar,fountain not working for months. This is happening in Indiranagar near the landmark.,27,1,2,Indiranagar,high
park,Park issue in HSR Layout,play area for kids is broken. This is happening in HSR Layout near the landmark.,29,1,2,HSR Layout,high
park,Park issue in Whitefield,park gate is broken. This is happening in Whitefield near the landmark.,14,1,1,Whitefield,medium
park,Park issue in HSR Layout,play area for kids is broken. This is happening in HSR Layout near the landmark.,45,1,19,HSR Layout,high
park,Park issue in Indiranagar,park bench is broken. This is happening in Indiranagar near the landmark.,11,0,13,Indiranagar,medium
park,Park issue in MG Road,garbage inside the garden area. This is happening in MG Road near the landmark.,10,1,14,MG Road,medium
park,Park issue in Malleshwaram,park lights not working. This is happening in Malleshwaram near the landmark.,38,1,9,Malleshwaram,high
park,Park issue in MG Road,garbage inside the garden area. This is happening in MG Road near the landmark.,19,0,5,MG Road,medium
park,Park issue in Whitefield,park gate is broken. This is happening in Whitefield near the landmark.,35,0,8,Whitefield,high
park,Park issue in Jayanagar,fountain not working for months. This is happening in Jayanagar near the landmark.,45,1,21,Jayanagar,high
park,Park issue in HSR Layout,"garden not maintained, plants dying. This is happening in HSR Layout near the landmark.",37,0,15,HSR Layout,high
park,Park issue in Whitefield,park gate is broken. This is happening in Whitefield near the landmark.,43,0,12,Whitefield,high
park,Park issue in Indiranagar,garbage inside the garden area. This is happening in Indiranagar near the landmark.,14,1,10,Indiranagar,medium
park,Park issue in Malleshwaram,play area for kids is broken. This is happening in Malleshwaram near the landmark.,42,1,8,Malleshwaram,high
park,Park issue in Koramangala,illegal activities in park due to no security. This is happening in Koramangala near the landmark.,8,1,18,Koramangala,medium
park,Park issue in Koramangala,garbage inside the garden area. This is happening in Koramangala near the landmark.,45,1,21,Koramangala,high
park,Park issue in Whitefield,jogging track is damaged. This is happening in Whitefield near the landmark.,1,0,14,Whitefield,low
park,Park issue in Koramangala,garbage inside the garden area. This is happening in Koramangala near the landmark.,6,0,19,Koramangala,medium
park,Park issue in Koramangala,"garden not maintained, plants dying. This is happening in Koramangala near the landmark.",8,1,16,Koramangala,medium
park,Park issue in Whitefield,park bench is broken. This is happening in Whitefield near the landmark.,7,1,10,Whitefield,medium
park,Park issue in MG Road,"garden not maintained, plants dying. This is happening in MG Road near the landmark.",32,1,21,MG Road,high
park,Park issue in Jayanagar,garbage inside the garden area. This is happening in Jayanagar near the landmark.,15,0,19,Jayanagar,medium
park,Park issue in Malleshwaram,park gate is broken. This is happening in Malleshwaram near the landmark.,46,0,21,Malleshwaram,high
park,Park issue in Koramangala,garbage inside the garden area. This is happening in Koramangala near the landmark.,33,0,14,Koramangala,high
park,Park issue in HSR Layout,fountain not working for months. This is happening in HSR Layout near the landmark.,16,1,0,HSR Layout,medium
park,Park issue in Indiranagar,garbage inside the garden area. This is happening in Indiranagar near the landmark.,0,1,10,Indiranagar,low
park,Park issue in Whitefield,"garden not maintained, plants dying. This is happening in Whitefield near the landmark.",41,0,22,Whitefield,high
park,Park issue in HSR Layout,park bench is broken. This is happening in HSR Layout near the landmark.,2,1,6,HSR Layout,low
park,Park issue in Koramangala,play area for kids is broken. This is happening in Koramangala near the landmark.,23,0,17,Koramangala,medium
park,Park issue in Indiranagar,park gate is broken. This is happening in Indiranagar near the landmark.,29,1,2,Indiranagar,high
park,Park issue in Koramangala,play area for kids is broken. This is happening in Koramangala near the landmark.,46,1,3,Koramangala,high
park,Park issue in MG Road,jogging track is damaged. This is happening in MG Road near the landmark.,39,1,12,MG Road,high
park,Park issue in Indiranagar,play area for kids is broken. This is happening in Indiranagar near the landmark.,49,0,13,Indiranagar,high
park,Park issue in HSR Layout,park lights not working. This is happening in HSR Layout near the landmark.,19,0,23,HSR Layout,medium
park,Park issue in Koramangala,fountain not working for months. This is happening in Koramangala near the landmark.,41,0,1,Koramangala,high
park,Park issue in Jayanagar,illegal activities in park due to no security. This is happening in Jayanagar near the landmark.,25,1,13,Jayanagar,medium
park,Park issue in Koramangala,illegal activities in park due to no security. This is happening in Koramangala near the landmark.,23,1,10,Koramangala,medium
park,Park issue in MG Road,park gate is broken. This is happening in MG Road near the landmark.,18,0,7,MG Road,medium
park,Park issue in Jayanagar,fountain not working for months. This is happening in Jayanagar near the landmark.,27,1,20,Jayanagar,high
park,Park issue in Jayanagar,park lights not working. This is happening in Jayanagar near the landmark.,37,1,19,Jayanagar,high
park,Park issue in Indiranagar,illegal activities in park due to no security. This is happening in Indiranagar near the landmark.,48,1,21,Indiranagar,high
park,Park issue in Whitefield,park lights not working. This is happening in Whitefield near the landmark.,35,1,2,Whitefield,high
park,Park issue in Indiranagar,weed overgrowth in public park. This is happening in Indiranagar near the landmark.,14,1,12,Indiranagar,medium
park,Park issue in Indiranagar,illegal activities in park due to no security. This is happening in Indiranagar near the landmark.,34,0,13,Indiranagar,high
park,Park issue in HSR Layout,fountain not working for months. This is happening in HSR Layout near the landmark.,27,1,15,HSR Layout,high
park,Park issue in Malleshwaram,park lights not working. This is happening in Malleshwaram near the landmark.,34,1,16,Malleshwaram,high
park,Park issue in Indiranagar,garbage inside the garden area. This is happening in Indiranagar near the landmark.,5,0,23,Indiranagar,medium
park,Park issue in Jayanagar,play area for kids is broken. This is happening in Jayanagar near the landmark.,49,0,11,Jayanagar,high
park,Park issue in Malleshwaram,park gate is broken. This is happening in Malleshwaram near the landmark.,30,0,8,Malleshwaram,high
park,Park issue in Indiranagar,"garden not maintained, plants dying. This is happening in Indiranagar near the landmark.",21,1,1,Indiranagar,medium
park,Park issue in Koramangala,weed overgrowth in public park. This is happening in Koramangala near the landmark.,46,0,18,Koramangala,high
park,Park issue in Jayanagar,"garden not maintained, plants dying. This is happening in Jayanagar near the landmark.",45,0,6,Jayanagar,high
park,Park issue in Whitefield,"garden not maintained, plants dying. This is happening in Whitefield near the landmark.",43,0,13,Whitefield,high
park,Park issue in Indiranagar,park gate is broken. This is happening in Indiranagar near the landmark.,27,1,3,Indiranagar,high
park,Park issue in Whitefield,play area for kids is broken. This is happening in Whitefield near the landmark.,41,1,23,Whitefield,high
park,Park issue in Indiranagar,"garden not maintained, plants dying. This is happening in Indiranagar near the landmark.",20,0,8,Indiranagar,medium
park,Park issue in HSR Layout,park bench is broken. This is happening in HSR Layout near the landmark.,31,0,23,HSR Layout,high
park,Park issue in Malleshwaram,park bench is broken. This is happening in Malleshwaram near the landmark.,4,0,20,Malleshwaram,low
park,Park issue in HSR Layout,garbage inside the garden area. This is happening in HSR Layout near the landmark.,7,0,21,HSR Layout,medium
park,Park issue in Indiranagar,weed overgrowth in public park. This is happening in Indiranagar near the landmark.,30,0,1,Indiranagar,high
park,Park issue in Koramangala,jogging track is damaged. This is happening in Koramangala near the landmark.,12,1,7,Koramangala,medium
park,Park issue in MG Road,fountain not working for months. This is happening in MG Road near the landmark.,19,0,18,MG Road,medium
park,Park issue in Koramangala,fountain not working for months. This is happening in Koramangala near the landmark.,20,0,0,Koramangala,medium
park,Park issue in Koramangala,fountain not working for months. This is happening in Koramangala near the landmark.,25,0,10,Koramangala,medium
park,Park issue in Koramangala,illegal activities in park due to no security. This is happening in Koramangala near the landmark.,40,1,1,Koramangala,high
park,Park issue in HSR Layout,fountain not working for months. This is happening in HSR Layout near the landmark.,2,0,11,HSR Layout,low
park,Park issue in Koramangala,play area for kids is broken. This is happening in Koramangala near the landmark.,43,0,7,Koramangala,high
park,Park issue in MG Road,jogging track is damaged. This is happening in MG Road near the landmark.,27,1,18,MG Road,high
park,Park issue in HSR Layout,park bench is broken. This is happening in HSR Layout near the landmark.,17,0,19,HSR Layout,medium
park,Park issue in Koramangala,"garden not maintained, plants dying. This is happening in Koramangala near the landmark.",37,1,12,Koramangala,high
park,Park issue in Indiranagar,play area for kids is broken. This is happening in Indiranagar near the landmark.,11,0,0,Indiranagar,medium
park,Park issue in Jayanagar,fountain not working for months. This is happening in Jayanagar near the landmark.,23,1,5,Jayanagar,medium
park,Park issue in Indiranagar,weed overgrowth in public park. This is happening in Indiranagar near the landmark.,45,0,9,Indiranagar,high
park,Park issue in HSR Layout,"garden not maintained, plants dying. This is happening in HSR Layout near the landmark.",13,0,19,HSR Layout,medium
park,Park issue in HSR Layout,park bench is broken. This is happening in HSR Layout near the landmark.,6,0,7,HSR Layout,medium
park,Park issue in MG Road,jogging track is damaged. This is happening in MG Road near the landmark.,29,1,12,MG Road,high
park,Park issue in Jayanagar,park lights not working. This is happening in Jayanagar near the landmark.,47,0,5,Jayanagar,high
park,Park issue in MG Road,park lights not working. This is happening in MG Road near the landmark.,45,1,17,MG Road,high
park,Park issue in Malleshwaram,fountain not working for months. This is happening in Malleshwaram near the landmark.,4,1,10,Malleshwaram,low
park,Park issue in Jayanagar,jogging track is damaged. This is happening in Jayanagar near the landmark.,23,0,0,Jayanagar,medium
park,Park issue in Indiranagar,park bench is broken. This is happening in Indiranagar near the landmark.,44,1,17,Indiranagar,high
park,Park issue in MG Road,weed overgrowth in public park. This is happening in MG Road near the landmark.,32,0,13,MG Road,high
park,Park issue in Koramangala,jogging track is damaged. This is happening in Koramangala near the landmark.,39,0,1,Koramangala,high
park,Park issue in Malleshwaram,park lights not working. This is happening in Malleshwaram near the landmark.,10,1,23,Malleshwaram,medium
park,Park issue in Jayanagar,illegal activities in park due to no security. This is happening in Jayanagar near the landmark.,24,0,13,Jayanagar,medium
park,Park issue in MG Road,jogging track is damaged. This is happening in MG Road near the landmark.,37,0,20,MG Road,high
park,Park issue in Whitefield,"garden not maintained, plants dying. This is happening in Whitefield near the landmark.",16,1,15,Whitefield,medium
park,Park issue in MG Road,park lights not working. This is happening in MG Road near the landmark.,13,0,20,MG Road,medium
park,Park issue in HSR Layout,jogging track is damaged. This is happening in HSR Layout near the landmark.,10,1,8,HSR Layout,medium
park,Park issue in Koramangala,park lights not working. This is happening in Koramangala near the landmark.,2,1,7,Koramangala,low
park,Park issue in Jayanagar,park bench is broken. This is happening in Jayanagar near the landmark.,25,1,18,Jayanagar,medium
park,Park issue in MG Road,jogging track is damaged. This is happening in MG Road near the landmark.,39,1,17,MG Road,high
park,Park issue in Indiranagar,weed overgrowth in public park. This is happening in Indiranagar near the landmark.,34,0,0,Indiranagar,high
park,Park issue in Jayanagar,park gate is broken. This is happening in Jayanagar near the landmark.,35,1,4,Jayanagar,high
park,Park issue in Koramangala,park bench is broken. This is happening in Koramangala near the landmark.,45,0,23,Koramangala,high
park,Park issue in Whitefield,park gate is broken. This is happening in Whitefield near the landmark.,46,1,0,Whitefield,high
park,Park issue in Whitefield,weed overgrowth in public park. This is happening in Whitefield near the landmark.,35,1,20,Whitefield,high
park,Park issue in Indiranagar,jogging track is damaged. This is happening in Indiranagar near the landmark.,34,0,23,Indiranagar,high
park,Park issue in Whitefield,park bench is broken. This is happening in Whitefield near the landmark.,7,1,22,Whitefield,medium
park,Park issue in Koramangala,park bench is broken. This is happening in Koramangala near the landmark.,9,1,17,Koramangala,medium
park,Park issue in HSR Layout,fountain not working for months. This is happening in HSR Layout near the landmark.,16,0,16,HSR Layout,medium
park,Park issue in Jayanagar,fountain not working for months. This is happening in Jayanagar near the landmark.,4,0,20,Jayanagar,low
park,Park issue in Indiranagar,play area for kids is broken. This is happening in Indiranagar near the landmark.,7,0,16,Indiranagar,medium
park,Park issue in Koramangala,park bench is broken. This is happening in Koramangala near the landmark.,41,1,7,Koramangala,high
park,Park issue in Koramangala,park lights not working. This is happening in Koramangala near the landmark.,27,0,11,Koramangala,high
park,Park issue in MG Road,jogging track is damaged. This is happening in MG Road near the landmark.,3,0,16,MG Road,low
park,Park issue in HSR Layout,"garden not maintained, plants dying. This is happening in HSR Layout near the landmark.",42,0,6,HSR Layout,high
park,Park issue in Koramangala,garbage inside the garden area. This is happening in Koramangala near the landmark.,11,1,22,Koramangala,medium
park,Park issue in MG Road,"garden not maintained, plants dying. This is happening in MG Road near the landmark.",43,1,2,MG Road,high
park,Park issue in Indiranagar,garbage inside the garden area. This is happening in Indiranagar near the landmark.,14,0,5,Indiranagar,medium
park,Park issue in Indiranagar,park bench is broken. This is happening in Indiranagar near the landmark.,40,1,15,Indiranagar,high
park,Park issue in Malleshwaram,illegal activities in park due to no security. This is happening in Malleshwaram near the landmark.,5,0,13,Malleshwaram,medium
park,Park issue in Whitefield,park lights not working. This is happening in Whitefield near the landmark.,23,1,9,Whitefield,medium
park,Park issue in Indiranagar,play area for kids is broken. This is happening in Indiranagar near the landmark.,35,1,4,Indiranagar,high
park,Park issue in Indiranagar,garbage inside the garden area. This is happening in Indiranagar near the landmark.,17,1,7,Indiranagar,medium
park,Park issue in Whitefield,illegal activities in park due to no security. This is happening in Whitefield near the landmark.,16,0,9,Whitefield,medium
park,Park issue in Indiranagar,"garden not maintained, plants dying. This is happening in Indiranagar near the landmark.",29,1,6,Indiranagar,high
park,Park issue in Malleshwaram,play area for kids is broken. This is happening in Malleshwaram near the landmark.,1,1,19,Malleshwaram,low
park,Park issue in Whitefield,"garden not maintained, plants dying. This is happening in Whitefield near the landmark.",11,1,12,Whitefield,medium
park,Park issue in Malleshwaram,weed overgrowth in public park. This is happening in Malleshwaram near the landmark.,30,0,15,Malleshwaram,high
park,Park issue in MG Road,park lights not working. This is happening in MG Road near the landmark.,9,1,11,MG Road,medium
park,Park issue in HSR Layout,park lights not working. This is happening in HSR Layout near the landmark.,44,1,8,HSR Layout,high
park,Park issue in HSR Layout,garbage inside the garden area. This is happening in HSR Layout near the landmark.,43,1,8,HSR Layout,high
park,Park issue in Malleshwaram,park lights not working. This is happening in Malleshwaram near the landmark.,46,1,6,Malleshwaram,high
park,Park issue in Jayanagar,play area for kids is broken. This is happening in Jayanagar near the landmark.,33,1,12,Jayanagar,high
park,Park issue in HSR Layout,weed overgrowth in public park. This is happening in HSR Layout near the landmark.,4,0,7,HSR Layout,low
park,Park issue in HSR Layout,park gate is broken. This is happening in HSR Layout near the landmark.,38,0,3,HSR Layout,high
park,Park issue in Whitefield,illegal activities in park due to no security. This is happening in Whitefield near the landmark.,33,1,10,Whitefield,high
park,Park issue in Indiranagar,weed overgrowth in public park. This is happening in Indiranagar near the landmark.,6,1,9,Indiranagar,medium
park,Park issue in MG Road,jogging track is damaged. This is happening in MG Road near the landmark.,17,0,16,MG Road,medium
park,Park issue in HSR Layout,park gate is broken. This is happening in HSR Layout near the landmark.,41,0,10,HSR Layout,high
park,Park issue in Koramangala,park bench is broken. This is happening in Koramangala near the landmark.,2,1,17,Koramangala,low
park,Park issue in Koramangala,jogging track is damaged. This is happening in Koramangala near the landmark.,27,1,20,Koramangala,high
park,Park issue in Whitefield,park bench is broken. This is happening in Whitefield near the landmark.,20,1,22,Whitefield,medium
park,Park issue in Indiranagar,play area for kids is broken. This is happening in Indiranagar near the landmark.,26,0,11,Indiranagar,high
park,Park issue in Jayanagar,fountain not working for months. This is happening in Jayanagar near the landmark.,39,1,18,Jayanagar,high
park,Park issue in Malleshwaram,illegal activities in park due to no security. This is happening in Malleshwaram near the landmark.,40,0,23,Malleshwaram,high
park,Park issue in Jayanagar,fountain not working for months. This is happening in Jayanagar near the landmark.,29,0,13,Jayanagar,high
park,Park issue in Indiranagar,illegal activities in park due to no security. This is happening in Indiranagar near the landmark.,39,1,15,Indiranagar,high
park,Park issue in HSR Layout,park lights not working. This is happening in HSR Layout near the landmark.,29,0,16,HSR Layout,high
park,Park issue in Whitefield,park lights not working. This is happening in Whitefield near the landmark.,29,0,15,Whitefield,high
park,Park issue in Jayanagar,"garden not maintained, plants dying. This is happening in Jayanagar near the landmark.",31,0,10,Jayanagar,high
park,Park issue in Jayanagar,play area for kids is broken. This is happening in Jayanagar near the landmark.,42,1,21,Jayanagar,high
park,Park issue in Jayanagar,park bench is broken. This is happening in Jayanagar near the landmark.,8,0,19,Jayanagar,medium
park,Park issue in Jayanagar,weed overgrowth in public park. This is happening in Jayanagar near the landmark.,43,1,9,Jayanagar,high
park,Park issue in Jayanagar,"garden not maintained, plants dying. This is happening in Jayanagar near the landmark.",15,1,12,Jayanagar,medium
park,Park issue in Indiranagar,illegal activities in park due to no security. This is happening in Indiranagar near the landmark.,40,1,13,Indiranagar,high
park,Park issue in HSR Layout,weed overgrowth in public park. This is happening in HSR Layout near the landmark.,43,1,20,HSR Layout,high
park,Park issue in Malleshwaram,fountain not working for months. This is happening in Malleshwaram near the landmark.,49,0,15,Malleshwaram,high
park,Park issue in Malleshwaram,"garden not maintained, plants dying. This is happening in Malleshwaram near the landmark.",16,0,15,Malleshwaram,medium
park,Park issue in Jayanagar,jogging track is damaged. This is happening in Jayanagar near the landmark.,48,0,8,Jayanagar,high
park,Park issue in Indiranagar,park lights not working. This is happening in Indiranagar near the landmark.,45,1,1,Indiranagar,high
park,Park issue in Jayanagar,weed overgrowth in public park. This is happening in Jayanagar near the landmark.,26,0,22,Jayanagar,high
park,Park issue in Jayanagar,play area for kids is broken. This is happening in Jayanagar near the landmark.,13,0,12,Jayanagar,medium
park,Park issue in Jayanagar,jogging track is damaged. This is happening in Jayanagar near the landmark.,34,1,7,Jayanagar,high
park,Park issue in HSR Layout,fountain not working for months. This is happening in HSR Layout near the landmark.,25,1,8,HSR Layout,medium
park,Park issue in MG Road,jogging track is damaged. This is happening in MG Road near the landmark.,20,1,6,MG Road,medium
park,Park issue in Malleshwaram,weed overgrowth in public park. This is happening in Malleshwaram near the landmark.,31,1,13,Malleshwaram,high
park,Park issue in Malleshwaram,park bench is broken. This is happening in Malleshwaram near the landmark.,10,0,4,Malleshwaram,medium
park,Park issue in Malleshwaram,garbage inside the garden area. This is happening in Malleshwaram near the landmark.,13,0,21,Malleshwaram,medium
park,Park issue in MG Road,"garden not maintained, plants dying. This is happening in MG Road near the landmark.",28,0,21,MG Road,high
park,Park issue in Koramangala,weed overgrowth in public park. This is happening in Koramangala near the landmark.,28,1,10,Koramangala,high
park,Park issue in Indiranagar,park lights not working. This is happening in Indiranagar near the landmark.,38,1,7,Indiranagar,high
park,Park issue in HSR Layout,illegal activities in park due to no security. This is happening in HSR Layout near the landmark.,2,1,19,HSR Layout,low
park,Park issue in HSR Layout,"garden not maintained, plants dying. This is happening in HSR Layout near the landmark.",11,1,22,HSR Layout,medium
park,Park issue in MG Road,park bench is broken. This is happening in MG Road near the landmark.,21,0,2,MG Road,medium
park,Park issue in Malleshwaram,illegal activities in park due to no security. This is happening in Malleshwaram near the landmark.,20,0,10,Malleshwaram,medium
park,Park issue in Whitefield,garbage inside the garden area. This is happening in Whitefield near the landmark.,36,0,2,Whitefield,high
park,Park issue in Whitefield,jogging track is damaged. This is happening in Whitefield near the landmark.,42,0,3,Whitefield,high
park,Park issue in Jayanagar,fountain not working for months. This is happening in Jayanagar near the landmark.,23,1,4,Jayanagar,medium
park,Park issue in Whitefield,fountain not working for months. This is happening in Whitefield near the landmark.,30,1,3,Whitefield,high
park,Park issue in Jayanagar,garbage inside the garden area. This is happening in Jayanagar near the landmark.,41,1,0,Jayanagar,high
park,Park issue in MG Road,park bench is broken. This is happening in MG Road near the landmark.,40,0,5,MG Road,high
park,Park issue in Malleshwaram,garbage inside the garden area. This is happening in Malleshwaram near the landmark.,31,0,18,Malleshwaram,high
park,Park issue in Indiranagar,play area for kids is broken. This is happening in Indiranagar near the landmark.,8,0,10,Indiranagar,medium
park,Park issue in Whitefield,park lights not working. This is happening in Whitefield near the landmark.,16,1,16,Whitefield,medium
park,Park issue in Jayanagar,play area for kids is broken. This is happening in Jayanagar near the landmark.,36,0,19,Jayanagar,high
park,Park issue in Jayanagar,weed overgrowth in public park. This is happening in Jayanagar near the landmark.,26,0,21,Jayanagar,high
park,Park issue in HSR Layout,play area for kids is broken. This is happening in HSR Layout near the landmark.,6,1,0,HSR Layout,medium
park,Park issue in Jayanagar,park lights not working. This is happening in Jayanagar near the landmark.,46,0,17,Jayanagar,high
park,Park issue in HSR Layout,illegal activities in park due to no security. This is happening in HSR Layout near the landmark.,36,1,16,HSR Layout,high
park,Park issue in Koramangala,park bench is broken. This is happening in Koramangala near the landmark.,4,1,11,Koramangala,low
park,Park issue in Jayanagar,"garden not maintained, plants dying. This is happening in Jayanagar near the landmark.",46,1,2,Jayanagar,high
park,Park issue in Koramangala,park bench is broken. This is happening in Koramangala near the landmark.,3,1,18,Koramangala,low
park,Park issue in Koramangala,illegal activities in park due to no security. This is happening in Koramangala near the landmark.,11,1,5,Koramangala,medium
park,Park issue in Jayanagar,park gate is broken. This is happening in Jayanagar near the landmark.,49,1,5,Jayanagar,high
park,Park issue in Whitefield,play area for kids is broken. This is happening in Whitefield near the landmark.,7,0,21,Whitefield,medium
park,Park issue in Whitefield,park lights not working. This is happening in Whitefield near the landmark.,11,0,10,Whitefield,medium
park,Park issue in Indiranagar,play area for kids is broken. This is happening in Indiranagar near the landmark.,24,1,16,Indiranagar,medium
park,Park issue in Koramangala,garbage inside the garden area. This is happening in Koramangala near the landmark.,47,1,20,Koramangala,high
park,Park issue in Koramangala,"garden not maintained, plants dying. This is happening in Koramangala near the landmark.",49,0,16,Koramangala,high
park,Park issue in Whitefield,play area for kids is broken. This is happening in Whitefield near the landmark.,22,1,16,Whitefield,medium
other,Other issue in Jayanagar,illegal billboard on tree. This is happening in Jayanagar near the landmark.,26,0,14,Jayanagar,high
other,Other issue in Jayanagar,unauthorized vendor on main road. This is happening in Jayanagar near the landmark.,32,1,15,Jayanagar,high
other,Other issue in Indiranagar,encroachment of footpath. This is happening in Indiranagar near the landmark.,40,0,12,Indiranagar,high
other,Other issue in Jayanagar,illegal billboard on tree. This is happening in Jayanagar near the landmark.,25,0,23,Jayanagar,medium
other,Other issue in Malleshwaram,noise pollution from construction. This is happening in Malleshwaram near the landmark.,42,0,5,Malleshwaram,high
other,Other issue in Whitefield,illegal parking blocking road. This is happening in Whitefield near the landmark.,11,0,12,Whitefield,medium
other,Other issue in Malleshwaram,illegal parking blocking road. This is happening in Malleshwaram near the landmark.,42,0,6,Malleshwaram,high
other,Other issue in Indiranagar,illegal parking blocking road. This is happening in Indiranagar near the landmark.,22,0,2,Indiranagar,medium
other,Other issue in MG Road,construction debris dumped on road. This is happening in MG Road near the landmark.,41,1,12,MG Road,high
other,Other issue in Indiranagar,loud speakers at night. This is happening in Indiranagar near the landmark.,9,0,13,Indiranagar,medium
other,Other issue in Jayanagar,construction debris dumped on road. This is happening in Jayanagar near the landmark.,13,0,18,Jayanagar,medium
other,Other issue in MG Road,noise pollution from construction. This is happening in MG Road near the landmark.,28,1,11,MG Road,high
other,Other issue in HSR Layout,rabid dog seen in area. This is happening in HSR Layout near the landmark.,23,0,10,HSR Layout,medium
other,Other issue in HSR Layout,encroachment of public land. This is happening in HSR Layout near the landmark.,34,0,5,HSR Layout,high
other,Other issue in MG Road,illegal parking blocking road. This is happening in MG Road near the landmark.,9,1,1,MG Road,medium
other,Other issue in Koramangala,loud speakers at night. This is happening in Koramangala near the landmark.,24,0,15,Koramangala,medium
other,Other issue in MG Road,noise pollution from construction. This is happening in MG Road near the landmark.,4,0,0,MG Road,low
other,Other issue in Koramangala,construction debris dumped on road. This is happening in Koramangala near the landmark.,16,0,9,Koramangala,medium
other,Other issue in Jayanagar,illegal billboard on tree. This is happening in Jayanagar near the landmark.,0,1,5,Jayanagar,low
other,Other issue in Jayanagar,loud speakers at night. This is happening in Jayanagar near the landmark.,22,0,3,Jayanagar,medium
other,Other issue in Indiranagar,illegal parking blocking road. This is happening in Indiranagar near the landmark.,2,0,19,Indiranagar,low
other,Other issue in Whitefield,illegal parking blocking road. This is happening in Whitefield near the landmark.,3,0,13,Whitefield,low
other,Other issue in Indiranagar,illegal billboard on tree. This is happening in Indiranagar near the landmark.,42,0,19,Indiranagar,high
other,Other issue in Jayanagar,noise pollution from construction. This is happening in Jayanagar near the landmark.,19,0,8,Jayanagar,medium
other,Other issue in Indiranagar,stray dogs problem. This is happening in Indiranagar near the landmark.,10,0,23,Indiranagar,medium
other,Other issue in Indiranagar,illegal billboard on tree. This is happening in Indiranagar near the landmark.,24,1,18,Indiranagar,medium
other,Other issue in HSR Layout,loud speakers at night. This is happening in HSR Layout near the landmark.,33,1,23,HSR Layout,high
other,Other issue in Koramangala,rabid dog seen in area. This is happening in Koramangala near the landmark.,36,1,19,Koramangala,high
other,Other issue in Jayanagar,loud speakers at night. This is happening in Jayanagar near the landmark.,4,1,18,Jayanagar,low
other,Other issue in Jayanagar,construction debris dumped on road. This is happening in Jayanagar near the landmark.,28,1,4,Jayanagar,high
other,Other issue in Indiranagar,illegal billboard on tree. This is happening in Indiranagar near the landmark.,36,1,13,Indiranagar,high
other,Other issue in Whitefield,noise pollution from construction. This is happening in Whitefield near the landmark.,35,1,8,Whitefield,high
other,Other issue in Koramangala,encroachment of public land. This is happening in Koramangala near the landmark.,36,0,5,Koramangala,high
other,Other issue in Indiranagar,noise pollution from construction. This is happening in Indiranagar near the landmark.,38,1,11,Indiranagar,high
other,Other issue in HSR Layout,loud speakers at night. This is happening in HSR Layout near the landmark.,20,1,5,HSR Layout,medium
other,Other issue in HSR Layout,encroachment of footpath. This is happening in HSR Layout near the landmark.,14,1,5,HSR Layout,medium
other,Other issue in MG Road,construction debris dumped on road. This is happening in MG Road near the landmark.,12,1,0,MG Road,medium
other,Other issue in Malleshwaram,encroachment of footpath. This is happening in Malleshwaram near the landmark.,8,0,18,Malleshwaram,medium
other,Other issue in HSR Layout,construction debris dumped on road. This is happening in HSR Layout near the landmark.,30,0,9,HSR Layout,high
other,Other issue in Indiranagar,stray dogs problem. This is happening in Indiranagar near the landmark.,5,1,9,Indiranagar,medium
other,Other issue in HSR Layout,illegal billboard on tree. This is happening in HSR Layout near the landmark.,38,1,23,HSR Layout,high
other,Other issue in HSR Layout,illegal billboard on tree. This is happening in HSR Layout near the landmark.,9,1,14,HSR Layout,medium
other,Other issue in Koramangala,rabid dog seen in area. This is happening in Koramangala near the landmark.,32,1,17,Koramangala,high
other,Other issue in HSR Layout,encroachment of footpath. This is happening in HSR Layout near the landmark.,4,1,22,HSR Layout,low
other,Other issue in Whitefield,encroachment of footpath. This is happening in Whitefield near the landmark.,21,1,20,Whitefield,medium
other,Other issue in MG Road,illegal parking blocking road. This is happening in MG Road near the landmark.,25,0,10,MG Road,medium
other,Other issue in MG Road,illegal parking blocking road. This is happening in MG Road near the landmark.,35,1,20,MG Road,high
other,Other issue in HSR Layout,unauthorized vendor on main road. This is happening in HSR Layout near the landmark.,2,0,16,HSR Layout,low
other,Other issue in Indiranagar,encroachment of public land. This is happening in Indiranagar near the landmark.,17,0,20,Indiranagar,medium
other,Other issue in Whitefield,unauthorized vendor on main road. This is happening in Whitefield near the landmark.,14,0,19,Whitefield,medium
other,Other issue in Whitefield,stray dogs problem. This is happening in Whitefield near the landmark.,48,0,11,Whitefield,high
other,Other issue in Jayanagar,encroachment of public land. This is happening in Jayanagar near the landmark.,43,1,21,Jayanagar,high
other,Other issue in Malleshwaram,encroachment of footpath. This is happening in Malleshwaram near the landmark.,49,1,0,Malleshwaram,high
other,Other issue in MG Road,loud speakers at night. This is happening in MG Road near the landmark.,27,1,20,MG Road,high
other,Other issue in Malleshwaram,unauthorized vendor on main road. This is happening in Malleshwaram near the landmark.,11,0,4,Malleshwaram,medium
other,Other issue in HSR Layout,unauthorized vendor on main road. This is happening in HSR Layout near the landmark.,39,0,1,HSR Layout,high
other,Other issue in Malleshwaram,construction debris dumped on road. This is happening in Malleshwaram near the landmark.,42,0,16,Malleshwaram,high
other,Other issue in Jayanagar,illegal billboard on tree. This is happening in Jayanagar near the landmark.,42,0,7,Jayanagar,high
other,Other issue in HSR Layout,illegal parking blocking road. This is happening in HSR Layout near the landmark.,45,0,2,HSR Layout,high
other,Other issue in Indiranagar,construction debris dumped on road. This is happening in Indiranagar near the landmark.,49,1,5,Indiranagar,high
other,Other issue in Jayanagar,loud speakers at night. This is happening in Jayanagar near the landmark.,25,0,0,Jayanagar,medium
other,Other issue in Whitefield,illegal billboard on tree. This is happening in Whitefield near the landmark.,46,0,0,Whitefield,high
other,Other issue in Jayanagar,illegal parking blocking road. This is happening in Jayanagar near the landmark.,37,0,13,Jayanagar,high
other,Other issue in Malleshwaram,encroachment of public land. This is happening in Malleshwaram near the landmark.,3,1,17,Malleshwaram,low
other,Other issue in Koramangala,encroachment of footpath. This is happening in Koramangala near the landmark.,10,0,7,Koramangala,medium
other,Other issue in Malleshwaram,noise pollution from construction. This is happening in Malleshwaram near the landmark.,2,1,20,Malleshwaram,low
other,Other issue in Indiranagar,stray dogs problem. This is happening in Indiranagar near the landmark.,8,1,21,Indiranagar,medium
other,Other issue in Jayanagar,encroachment of public land. This is happening in Jayanagar near the landmark.,30,0,5,Jayanagar,high
other,Other issue in Koramangala,encroachment of public land. This is happening in Koramangala near the landmark.,32,1,17,Koramangala,high
other,Other issue in HSR Layout,encroachment of public land. This is happening in HSR Layout near the landmark.,32,0,6,HSR Layout,high
other,Other issue in Malleshwaram,illegal billboard on tree. This is happening in Malleshwaram near the landmark.,46,1,16,Malleshwaram,high
other,Other issue in Indiranagar,encroachment of public land. This is happening in Indiranagar near the landmark.,45,0,2,Indiranagar,high
other,Other issue in Jayanagar,noise pollution from construction. This is happening in Jayanagar near the landmark.,28,0,7,Jayanagar,high
other,Other issue in HSR Layout,stray dogs problem. This is happening in HSR Layout near the landmark.,46,1,9,HSR Layout,high
other,Other issue in Whitefield,illegal parking blocking road. This is happening in Whitefield near the landmark.,42,1,12,Whitefield,high
other,Other issue in Whitefield,noise pollution from construction. This is happening in Whitefield near the landmark.,45,1,20,Whitefield,high
other,Other issue in Koramangala,loud speakers at night. This is happening in Koramangala near the landmark.,14,1,6,Koramangala,medium
other,Other issue in Koramangala,stray dogs problem. This is happening in Koramangala near the landmark.,32,1,18,Koramangala,high
other,Other issue in Whitefield,illegal parking blocking road. This is happening in Whitefield near the landmark.,19,1,8,Whitefield,medium
other,Other issue in Jayanagar,unauthorized vendor on main road. This is happening in Jayanagar near the landmark.,35,0,18,Jayanagar,high
other,Other issue in HSR Layout,encroachment of footpath. This is happening in HSR Layout near the landmark.,13,1,2,HSR Layout,medium
other,Other issue in MG Road,stray dogs problem. This is happening in MG Road near the landmark.,25,0,7,MG Road,medium
other,Other issue in MG Road,stray dogs problem. This is happening in MG Road near the landmark.,50,0,15,MG Road,high
other,Other issue in Indiranagar,rabid dog seen in area. This is happening in Indiranagar near the landmark.,13,1,6,Indiranagar,medium
other,Other issue in Koramangala,unauthorized vendor on main road. This is happening in Koramangala near the landmark.,41,1,18,Koramangala,high
other,Other issue in Jayanagar,loud speakers at night. This is happening in Jayanagar near the landmark.,15,0,21,Jayanagar,medium
other,Other issue in Koramangala,encroachment of public land. This is happening in Koramangala near the landmark.,9,0,23,Koramangala,medium
other,Other issue in Whitefield,illegal billboard on tree. This is happening in Whitefield near the landmark.,29,1,21,Whitefield,high
other,Other issue in MG Road,construction debris dumped on road. This is happening in MG Road near the landmark.,5,1,21,MG Road,medium
other,Other issue in Whitefield,unauthorized vendor on main road. This is happening in Whitefield near the landmark.,35,1,0,Whitefield,high
other,Other issue in Jayanagar,construction debris dumped on road. This is happening in Jayanagar near the landmark.,36,1,6,Jayanagar,high
other,Other issue in Indiranagar,stray dogs problem. This is happening in Indiranagar near the landmark.,42,0,14,Indiranagar,high
other,Other issue in Malleshwaram,unauthorized vendor on main road. This is happening in Malleshwaram near the landmark.,46,1,12,Malleshwaram,high
other,Other issue in Whitefield,rabid dog seen in area. This is happening in Whitefield near the landmark.,3,0,17,Whitefield,low
other,Other issue in Koramangala,illegal parking blocking road. This is happening in Koramangala near the landmark.,33,1,9,Koramangala,high
other,Other issue in Malleshwaram,encroachment of public land. This is happening in Malleshwaram near the landmark.,43,1,18,Malleshwaram,high
other,Other issue in Whitefield,noise pollution from construction. This is happening in Whitefield near the landmark.,15,1,23,Whitefield,medium
other,Other issue in Malleshwaram,noise pollution from construction. This is happening in Malleshwaram near the landmark.,20,0,11,Malleshwaram,medium
other,Other issue in HSR Layout,encroachment of footpath. This is happening in HSR Layout near the landmark.,41,1,11,HSR Layout,high
other,Other issue in HSR Layout,stray dogs problem. This is happening in HSR Layout near the landmark.,16,0,13,HSR Layout,medium
other,Other issue in Indiranagar,loud speakers at night. This is happening in Indiranagar near the landmark.,3,0,1,Indiranagar,low
other,Other issue in HSR Layout,noise pollution from construction. This is happening in HSR Layout near the landmark.,4,0,3,HSR Layout,low
other,Other issue in Whitefield,unauthorized vendor on main road. This is happening in Whitefield near the landmark.,9,1,7,Whitefield,medium
other,Other issue in MG Road,stray dogs problem. This is happening in MG Road near the landmark.,21,1,3,MG Road,medium
other,Other issue in Malleshwaram,unauthorized vendor on main road. This is happening in Malleshwaram near the landmark.,39,1,20,Malleshwaram,high
other,Other issue in Indiranagar,encroachment of footpath. This is happening in Indiranagar near the landmark.,30,0,18,Indiranagar,high
other,Other issue in MG Road,illegal parking blocking road. This is happening in MG Road near the landmark.,6,1,4,MG Road,medium
other,Other issue in HSR Layout,stray dogs problem. This is happening in HSR Layout near the landmark.,46,1,21,HSR Layout,high
other,Other issue in MG Road,loud speakers at night. This is happening in MG Road near the landmark.,7,1,0,MG Road,medium
other,Other issue in MG Road,unauthorized vendor on main road. This is happening in MG Road near the landmark.,11,1,9,MG Road,medium
other,Other issue in Whitefield,construction debris dumped on road. This is happening in Whitefield near the landmark.,9,0,13,Whitefield,medium
other,Other issue in Koramangala,illegal parking blocking road. This is happening in Koramangala near the landmark.,47,1,13,Koramangala,high
other,Other issue in MG Road,unauthorized vendor on main road. This is happening in MG Road near the landmark.,10,0,4,MG Road,medium
other,Other issue in Koramangala,rabid dog seen in area. This is happening in Koramangala near the landmark.,13,0,12,Koramangala,medium
other,Other issue in Malleshwaram,construction debris dumped on road. This is happening in Malleshwaram near the landmark.,24,1,8,Malleshwaram,medium
other,Other issue in Koramangala,encroachment of public land. This is happening in Koramangala near the landmark.,47,0,19,Koramangala,high
other,Other issue in Malleshwaram,construction debris dumped on road. This is happening in Malleshwaram near the landmark.,22,0,22,Malleshwaram,medium
other,Other issue in Malleshwaram,construction debris dumped on road. This is happening in Malleshwaram near the landmark.,33,0,14,Malleshwaram,high
other,Other issue in MG Road,unauthorized vendor on main road. This is happening in MG Road near the landmark.,19,0,9,MG Road,medium
other,Other issue in Malleshwaram,encroachment of public land. This is happening in Malleshwaram near the landmark.,48,0,9,Malleshwaram,high
other,Other issue in HSR Layout,encroachment of public land. This is happening in HSR Layout near the landmark.,25,1,23,HSR Layout,medium
other,Other issue in Jayanagar,encroachment of public land. This is happening in Jayanagar near the landmark.,44,1,13,Jayanagar,high
other,Other issue in Indiranagar,rabid dog seen in area. This is happening in Indiranagar near the landmark.,45,0,4,Indiranagar,high
other,Other issue in Whitefield,illegal parking blocking road. This is happening in Whitefield near the landmark.,32,1,20,Whitefield,high
other,Other issue in MG Road,illegal parking blocking road. This is happening in MG Road near the landmark.,29,1,14,MG Road,high
other,Other issue in Jayanagar,stray dogs problem. This is happening in Jayanagar near the landmark.,5,0,14,Jayanagar,medium
other,Other issue in HSR Layout,noise pollution from construction. This is happening in HSR Layout near the landmark.,28,0,5,HSR Layout,high
other,Other issue in Indiranagar,rabid dog seen in area. This is happening in Indiranagar near the landmark.,8,0,8,Indiranagar,medium
other,Other issue in HSR Layout,illegal billboard on tree. This is happening in HSR Layout near the landmark.,20,1,3,HSR Layout,medium
other,Other issue in Koramangala,stray dogs problem. This is happening in Koramangala near the landmark.,30,0,20,Koramangala,high
other,Other issue in Indiranagar,illegal billboard on tree. This is happening in Indiranagar near the landmark.,17,1,8,Indiranagar,medium
other,Other issue in Malleshwaram,construction debris dumped on road. This is happening in Malleshwaram near the landmark.,32,0,9,Malleshwaram,high
other,Other issue in MG Road,illegal parking blocking road. This is happening in MG Road near the landmark.,45,0,20,MG Road,high
other,Other issue in Indiranagar,construction debris dumped on road. This is happening in Indiranagar near the landmark.,47,0,22,Indiranagar,high
other,Other issue in HSR Layout,illegal billboard on tree. This is happening in HSR Layout near the landmark.,9,1,15,HSR Layout,medium
other,Other issue in MG Road,loud speakers at night. This is happening in MG Road near the landmark.,29,0,3,MG Road,high
other,Other issue in Whitefield,encroachment of public land. This is happening in Whitefield near the landmark.,36,0,8,Whitefield,high
other,Other issue in HSR Layout,encroachment of footpath. This is happening in HSR Layout near the landmark.,10,1,14,HSR Layout,medium
other,Other issue in Koramangala,unauthorized vendor on main road. This is happening in Koramangala near the landmark.,35,1,10,Koramangala,high
other,Other issue in Jayanagar,noise pollution from construction. This is happening in Jayanagar near the landmark.,2,0,15,Jayanagar,low
other,Other issue in Indiranagar,illegal parking blocking road. This is happening in Indiranagar near the landmark.,27,1,4,Indiranagar,high
other,Other issue in HSR Layout,noise pollution from construction. This is happening in HSR Layout near the landmark.,18,1,2,HSR Layout,medium
other,Other issue in Jayanagar,rabid dog seen in area. This is happening in Jayanagar near the landmark.,2,1,5,Jayanagar,low
other,Other issue in Malleshwaram,stray dogs problem. This is happening in Malleshwaram near the landmark.,34,0,19,Malleshwaram,high
other,Other issue in Jayanagar,encroachment of footpath. This is happening in Jayanagar near the landmark.,26,0,1,Jayanagar,high
other,Other issue in Jayanagar,encroachment of footpath. This is happening in Jayanagar near the landmark.,42,0,0,Jayanagar,high
other,Other issue in Koramangala,illegal parking blocking road. This is happening in Koramangala near the landmark.,3,1,22,Koramangala,low
other,Other issue in Indiranagar,encroachment of footpath. This is happening in Indiranagar near the landmark.,4,1,20,Indiranagar,low
other,Other issue in Malleshwaram,unauthorized vendor on main road. This is happening in Malleshwaram near the landmark.,36,1,9,Malleshwaram,high
other,Other issue in Koramangala,construction debris dumped on road. This is happening in Koramangala near the landmark.,30,1,0,Koramangala,high
other,Other issue in Indiranagar,stray dogs problem. This is happening in Indiranagar near the landmark.,38,1,12,Indiranagar,high
other,Other issue in Jayanagar,unauthorized vendor on main road. This is happening in Jayanagar near the landmark.,31,0,3,Jayanagar,high
other,Other issue in Indiranagar,illegal parking blocking road. This is happening in Indiranagar near the landmark.,36,1,14,Indiranagar,high
other,Other issue in Malleshwaram,loud speakers at night. This is happening in Malleshwaram near the landmark.,36,1,17,Malleshwaram,high
other,Other issue in Whitefield,encroachment of public land. This is happening in Whitefield near the landmark.,45,0,10,Whitefield,high
other,Other issue in Jayanagar,rabid dog seen in area. This is happening in Jayanagar near the landmark.,19,1,3,Jayanagar,medium
other,Other issue in Koramangala,encroachment of footpath. This is happening in Koramangala near the landmark.,46,0,16,Koramangala,high
other,Other issue in HSR Layout,encroachment of footpath. This is happening in HSR Layout near the landmark.,38,0,20,HSR Layout,high
other,Other issue in Jayanagar,illegal billboard on tree. This is happening in Jayanagar near the landmark.,41,0,2,Jayanagar,high
other,Other issue in MG Road,noise pollution from construction. This is happening in MG Road near the landmark.,24,0,7,MG Road,medium
other,Other issue in Malleshwaram,stray dogs problem. This is happening in Malleshwaram near the landmark.,18,0,1,Malleshwaram,medium
other,Other issue in Malleshwaram,construction debris dumped on road. This is happening in Malleshwaram near the landmark.,4,0,1,Malleshwaram,low
other,Other issue in Malleshwaram,illegal billboard on tree. This is happening in Malleshwaram near the landmark.,34,0,13,Malleshwaram,high
other,Other issue in Malleshwaram,construction debris dumped on road. This is happening in Malleshwaram near the landmark.,40,1,19,Malleshwaram,high
other,Other issue in MG Road,rabid dog seen in area. This is happening in MG Road near the landmark.,38,0,5,MG Road,high
other,Other issue in MG Road,encroachment of footpath. This is happening in MG Road near the landmark.,47,0,1,MG Road,high
other,Other issue in MG Road,construction debris dumped on road. This is happening in MG Road near the landmark.,8,0,23,MG Road,medium
other,Other issue in Malleshwaram,stray dogs problem. This is happening in Malleshwaram near the landmark.,25,1,18,Malleshwaram,medium
other,Other issue in HSR Layout,noise pollution from construction. This is happening in HSR Layout near the landmark.,42,0,23,HSR Layout,high
other,Other issue in Malleshwaram,stray dogs problem. This is happening in Malleshwaram near the landmark.,33,1,8,Malleshwaram,high
other,Other issue in Jayanagar,encroachment of footpath. This is happening in Jayanagar near the landmark.,44,0,14,Jayanagar,high
other,Other issue in HSR Layout,unauthorized vendor on main road. This is happening in HSR Layout near the landmark.,39,1,1,HSR Layout,high
other,Other issue in Whitefield,encroachment of footpath. This is happening in Whitefield near the landmark.,24,1,3,Whitefield,medium
other,Other issue in Koramangala,encroachment of footpath. This is happening in Koramangala near the landmark.,48,1,15,Koramangala,high
other,Other issue in Indiranagar,rabid dog seen in area. This is happening in Indiranagar near the landmark.,25,1,22,Indiranagar,medium
other,Other issue in HSR Layout,loud speakers at night. This is happening in HSR Layout near the landmark.,10,0,16,HSR Layout,medium
other,Other issue in HSR Layout,construction debris dumped on road. This is happening in HSR Layout near the landmark.,18,0,23,HSR Layout,medium
other,Other issue in Indiranagar,construction debris dumped on road. This is happening in Indiranagar near the landmark.,24,1,18,Indiranagar,medium
other,Other issue in Jayanagar,encroachment of footpath. This is happening in Jayanagar near the landmark.,40,0,12,Jayanagar,high
other,Other issue in MG Road,illegal billboard on tree. This is happening in MG Road near the landmark.,48,1,12,MG Road,high
other,Other issue in Jayanagar,encroachment of public land. This is happening in Jayanagar near the landmark.,46,0,12,Jayanagar,high
other,Other issue in Koramangala,illegal billboard on tree. This is happening in Koramangala near the landmark.,21,0,11,Koramangala,medium
other,Other issue in Jayanagar,loud speakers at night. This is happening in Jayanagar near the landmark.,43,1,21,Jayanagar,high
other,Other issue in MG Road,encroachment of footpath. This is happening in MG Road near the landmark.,47,1,13,MG Road,high
other,Other issue in Jayanagar,unauthorized vendor on main road. This is happening in Jayanagar near the landmark.,25,1,23,Jayanagar,medium
other,Other issue in MG Road,illegal parking blocking road. This is happening in MG Road near the landmark.,2,1,4,MG Road,low
other,Other issue in Whitefield,unauthorized vendor on main road. This is happening in Whitefield near the landmark.,5,1,23,Whitefield,medium
other,Other issue in Indiranagar,encroachment of footpath. This is happening in Indiranagar near the landmark.,26,0,22,Indiranagar,high
other,Other issue in MG Road,illegal billboard on tree. This is happening in MG Road near the landmark.,20,1,10,MG Road,medium
other,Other issue in Malleshwaram,construction debris dumped on road. This is happening in Malleshwaram near the landmark.,46,0,14,Malleshwaram,high
other,Other issue in Malleshwaram,construction debris dumped on road. This is happening in Malleshwaram near the landmark.,12,0,11,Malleshwaram,medium
other,Other issue in HSR Layout,noise pollution from construction. This is happening in HSR Layout near the landmark.,34,1,22,HSR Layout,high
other,Other issue in Malleshwaram,unauthorized vendor on main road. This is happening in Malleshwaram near the landmark.,39,1,12,Malleshwaram,high
other,Other issue in Malleshwaram,encroachment of public land. This is happening in Malleshwaram near the landmark.,33,1,17,Malleshwaram,high
other,Other issue in Indiranagar,encroachment of public land. This is happening in Indiranagar near the landmark.,40,1,8,Indiranagar,high
other,Other issue in MG Road,encroachment of footpath. This is happening in MG Road near the landmark.,4,1,12,MG Road,low
other,Other issue in Jayanagar,illegal billboard on tree. This is happening in Jayanagar near the landmark.,19,1,6,Jayanagar,medium
other,Other issue in Malleshwaram,noise pollution from construction. This is happening in Malleshwaram near the landmark.,23,0,21,Malleshwaram,medium
other,Other issue in MG Road,encroachment of public land. This is happening in MG Road near the landmark.,28,1,17,MG Road,high
other,Other issue in Malleshwaram,rabid dog seen in area. This is happening in Malleshwaram near the landmark.,8,0,11,Malleshwaram,medium
other,Other issue in HSR Layout,stray dogs problem. This is happening in HSR Layout near the landmark.,0,1,7,HSR Layout,low
other,Other issue in Indiranagar,loud speakers at night. This is happening in Indiranagar near the landmark.,14,0,23,Indiranagar,medium
other,Other issue in Malleshwaram,rabid dog seen in area. This is happening in Malleshwaram near the landmark.,6,1,8,Malleshwaram,medium
other,Other issue in MG Road,noise pollution from construction. This is happening in MG Road near the landmark.,22,0,4,MG Road,medium
other,Other issue in Whitefield,loud speakers at night. This is happening in Whitefield near the landmark.,9,0,8,Whitefield,medium
other,Other issue in Jayanagar,rabid dog seen in area. This is happening in Jayanagar near the landmark.,31,1,3,Jayanagar,high
other,Other issue in Indiranagar,encroachment of footpath. This is happening in Indiranagar near the landmark.,10,0,13,Indiranagar,medium
other,Other issue in Malleshwaram,rabid dog seen in area. This is happening in Malleshwaram near the landmark.,39,0,22,Malleshwaram,high
other,Other issue in Malleshwaram,encroachment of public land. This is happening in Malleshwaram near the landmark.,36,0,8,Malleshwaram,high
other,Other issue in HSR Layout,unauthorized vendor on main road. This is happening in HSR Layout near the landmark.,47,1,14,HSR Layout,high
other,Other issue in MG Road,loud speakers at night. This is happening in MG Road near the landmark.,39,1,19,MG Road,high
other,Other issue in HSR Layout,rabid dog seen in area. This is happening in HSR Layout near the landmark.,38,1,13,HSR Layout,high
other,Other issue in Malleshwaram,illegal parking blocking road. This is happening in Malleshwaram near the landmark.,39,1,17,Malleshwaram,high
other,Other issue in HSR Layout,stray dogs problem. This is happening in HSR Layout near the landmark.,33,1,17,HSR Layout,high
other,Other issue in Whitefield,stray dogs problem. This is happening in Whitefield near the landmark.,41,0,6,Whitefield,high
other,Other issue in Jayanagar,loud speakers at night. This is happening in Jayanagar near the landmark.,42,1,18,Jayanagar,high
other,Other issue in Koramangala,loud speakers at night. This is happening in Koramangala near the landmark.,11,0,4,Koramangala,medium
other,Other issue in Malleshwaram,noise pollution from construction. This is happening in Malleshwaram near the landmark.,48,1,6,Malleshwaram,high
other,Other issue in Malleshwaram,construction debris dumped on road. This is happening in Malleshwaram near the landmark.,17,1,10,Malleshwaram,medium
other,Other issue in MG Road,encroachment of public land. This is happening in MG Road near the landmark.,0,0,6,MG Road,low
other,Other issue in Malleshwaram,encroachment of footpath. This is happening in Malleshwaram near the landmark.,16,1,6,Malleshwaram,medium
other,Other issue in Whitefield,loud speakers at night. This is happening in Whitefield near the landmark.,15,0,2,Whitefield,medium
other,Other issue in MG Road,loud speakers at night. This is happening in MG Road near the landmark.,30,1,11,MG Road,high
other,Other issue in HSR Layout,encroachment of public land. This is happening in HSR Layout near the landmark.,3,1,7,HSR Layout,low
other,Other issue in MG Road,unauthorized vendor on main road. This is happening in MG Road near the landmark.,39,0,2,MG Road,high
other,Other issue in Whitefield,construction debris dumped on road. This is happening in Whitefield near the landmark.,16,0,7,Whitefield,medium
other,Other issue in Indiranagar,stray dogs problem. This is happening in Indiranagar near the landmark.,49,1,20,Indiranagar,high
other,Other issue in Indiranagar,unauthorized vendor on main road. This is happening in Indiranagar near the landmark.,13,1,14,Indiranagar,medium
other,Other issue in Whitefield,rabid dog seen in area. This is happening in Whitefield near the landmark.,28,1,4,Whitefield,high
other,Other issue in HSR Layout,noise pollution from construction. This is happening in HSR Layout near the landmark.,44,1,20,HSR Layout,high
other,Other issue in Indiranagar,noise pollution from construction. This is happening in Indiranagar near the landmark.,38,0,11,Indiranagar,high
other,Other issue in Jayanagar,rabid dog seen in area. This is happening in Jayanagar near the landmark.,41,0,7,Jayanagar,high
other,Other issue in Koramangala,illegal parking blocking road. This is happening in Koramangala near the landmark.,1,0,0,Koramangala,low
other,Other issue in Malleshwaram,illegal billboard on tree. This is happening in Malleshwaram near the landmark.,40,0,10,Malleshwaram,high
other,Other issue in MG Road,rabid dog seen in area. This is happening in MG Road near the landmark.,46,0,1,MG Road,high
other,Other issue in Koramangala,noise pollution from construction. This is happening in Koramangala near the landmark.,49,0,22,Koramangala,high
other,Other issue in MG Road,unauthorized vendor on main road. This is happening in MG Road near the landmark.,43,0,7,MG Road,high
other,Other issue in Indiranagar,noise pollution from construction. This is happening in Indiranagar near the landmark.,32,1,7,Indiranagar,high
other,Other issue in Indiranagar,construction debris dumped on road. This is happening in Indiranagar near the landmark.,16,0,7,Indiranagar,medium
other,Other issue in MG Road,construction debris dumped on road. This is happening in MG Road near the landmark.,20,0,11,MG Road,medium
other,Other issue in Koramangala,illegal billboard on tree. This is happening in Koramangala near the landmark.,6,0,23,Koramangala,medium
other,Other issue in Jayanagar,illegal parking blocking road. This is happening in Jayanagar near the landmark.,0,1,22,Jayanagar,low
other,Other issue in Malleshwaram,encroachment of footpath. This is happening in Malleshwaram near the landmark.,32,0,15,Malleshwaram,high
other,Other issue in HSR Layout,illegal parking blocking road. This is happening in HSR Layout near the landmark.,3,0,2,HSR Layout,low
other,Other issue in Whitefield,encroachment of public land. This is happening in Whitefield near the landmark.,9,1,21,Whitefield,medium
other,Other issue in Jayanagar,construction debris dumped on road. This is happening in Jayanagar near the landmark.,7,0,12,Jayanagar,medium
other,Other issue in Jayanagar,noise pollution from construction. This is happening in Jayanagar near the landmark.,47,1,19,Jayanagar,high
other,Other issue in MG Road,loud speakers at night. This is happening in MG Road near the landmark.,12,1,1,MG Road,medium
other,Other issue in MG Road,loud speakers at night. This is happening in MG Road near the landmark.,47,1,10,MG Road,high
other,Other issue in HSR Layout,stray dogs problem. This is happening in HSR Layout near the landmark.,27,0,21,HSR Layout,high
other,Other issue in Koramangala,stray dogs problem. This is happening in Koramangala near the landmark.,46,0,5,Koramangala,high
other,Other issue in Koramangala,illegal parking blocking road. This is happening in Koramangala near the landmark.,26,1,10,Koramangala,high
other,Other issue in Malleshwaram,noise pollution from construction. This is happening in Malleshwaram near the landmark.,45,0,12,Malleshwaram,high
other,Other issue in MG Road,illegal parking blocking road. This is happening in MG Road near the landmark.,35,1,18,MG Road,high
other,Other issue in Jayanagar,stray dogs problem. This is happening in Jayanagar near the landmark.,26,1,14,Jayanagar,high
other,Other issue in Jayanagar,loud speakers at night. This is happening in Jayanagar near the landmark.,49,1,19,Jayanagar,high
other,Other issue in Koramangala,illegal billboard on tree. This is happening in Koramangala near the landmark.,10,0,9,Koramangala,medium
other,Other issue in Jayanagar,encroachment of public land. This is happening in Jayanagar near the landmark.,41,0,9,Jayanagar,high
other,Other issue in Jayanagar,rabid dog seen in area. This is happening in Jayanagar near the landmark.,30,1,16,Jayanagar,high
other,Other issue in Malleshwaram,construction debris dumped on road. This is happening in Malleshwaram near the landmark.,15,1,23,Malleshwaram,medium
other,Other issue in Jayanagar,rabid dog seen in area. This is happening in Jayanagar near the landmark.,39,0,18,Jayanagar,high
other,Other issue in Malleshwaram,illegal parking blocking road. This is happening in Malleshwaram near the landmark.,10,1,5,Malleshwaram,medium
other,Other issue in Jayanagar,encroachment of public land. This is happening in Jayanagar near the landmark.,25,0,14,Jayanagar,medium
other,Other issue in MG Road,encroachment of public land. This is happening in MG Road near the landmark.,30,0,22,MG Road,high
other,Other issue in MG Road,illegal billboard on tree. This is happening in MG Road near the landmark.,29,1,10,MG Road,high
other,Other issue in Malleshwaram,construction debris dumped on road. This is happening in Malleshwaram near the landmark.,36,1,2,Malleshwaram,high
other,Other issue in Whitefield,stray dogs problem. This is happening in Whitefield near the landmark.,42,0,4,Whitefield,high
other,Other issue in Malleshwaram,illegal parking blocking road. This is happening in Malleshwaram near the landmark.,4,1,3,Malleshwaram,low
other,Other issue in Malleshwaram,stray dogs problem. This is happening in Malleshwaram near the landmark.,24,0,3,Malleshwaram,medium
other,Other issue in MG Road,stray dogs problem. This is happening in MG Road near the landmark.,17,0,16,MG Road,medium
other,Other issue in MG Road,loud speakers at night. This is happening in MG Road near the landmark.,41,1,23,MG Road,high
other,Other issue in HSR Layout,encroachment of footpath. This is happening in HSR Layout near the landmark.,4,1,18,HSR Layout,low
other,Other issue in MG Road,encroachment of footpath. This is happening in MG Road near the landmark.,20,1,4,MG Road,medium
other,Other issue in Indiranagar,stray dogs problem. This is happening in Indiranagar near the landmark.,9,0,2,Indiranagar,medium
other,Other issue in HSR Layout,construction debris dumped on road. This is happening in HSR Layout near the landmark.,38,0,2,HSR Layout,high
other,Other issue in MG Road,construction debris dumped on road. This is happening in MG Road near the landmark.,50,0,16,MG Road,high
other,Other issue in Jayanagar,construction debris dumped on road. This is happening in Jayanagar near the landmark.,28,0,22,Jayanagar,high
other,Other issue in MG Road,stray dogs problem. This is happening in MG Road near the landmark.,45,1,10,MG Road,high
other,Other issue in Malleshwaram,loud speakers at night. This is happening in Malleshwaram near the landmark.,18,0,3,Malleshwaram,medium
other,Other issue in Koramangala,loud speakers at night. This is happening in Koramangala near the landmark.,18,1,16,Koramangala,medium
other,Other issue in Malleshwaram,illegal parking blocking road. This is happening in Malleshwaram near the landmark.,50,1,6,Malleshwaram,high
other,Other issue in Jayanagar,unauthorized vendor on main road. This is happening in Jayanagar near the landmark.,32,1,20,Jayanagar,high
other,Other issue in MG Road,construction debris dumped on road. This is happening in MG Road near the landmark.,12,1,19,MG Road,medium
other,Other issue in Koramangala,noise pollution from construction. This is happening in Koramangala near the landmark.,7,1,9,Koramangala,medium
other,Other issue in Whitefield,encroachment of footpath. This is happening in Whitefield near the landmark.,15,0,23,Whitefield,medium
other,Other issue in Koramangala,unauthorized vendor on main road. This is happening in Koramangala near the landmark.,48,1,12,Koramangala,high
other,Other issue in MG Road,encroachment of public land. This is happening in MG Road near the landmark.,13,0,10,MG Road,medium
other,Other issue in MG Road,illegal billboard on tree. This is happening in MG Road near the landmark.,0,1,4,MG Road,low
other,Other issue in Jayanagar,construction debris dumped on road. This is happening in Jayanagar near the landmark.,45,0,4,Jayanagar,high
other,Other issue in HSR Layout,illegal parking blocking road. This is happening in HSR Layout near the landmark.,32,0,8,HSR Layout,high
other,Other issue in HSR Layout,construction debris dumped on road. This is happening in HSR Layout near the landmark.,0,1,4,HSR Layout,low
other,Other issue in Indiranagar,unauthorized vendor on main road. This is happening in Indiranagar near the landmark.,20,1,11,Indiranagar,medium
other,Other issue in Malleshwaram,illegal parking blocking road. This is happening in Malleshwaram near the landmark.,15,0,14,Malleshwaram,medium
other,Other issue in Whitefield,stray dogs problem. This is happening in Whitefield near the landmark.,4,1,18,Whitefield,low
other,Other issue in HSR Layout,stray dogs problem. This is happening in HSR Layout near the landmark.,33,1,19,HSR Layout,high
other,Other issue in Jayanagar,unauthorized vendor on main road. This is happening in Jayanagar near the landmark.,44,1,13,Jayanagar,high
other,Other issue in HSR Layout,illegal billboard on tree. This is happening in HSR Layout near the landmark.,32,0,8,HSR Layout,high
other,Other issue in Indiranagar,stray dogs problem. This is happening in Indiranagar near the landmark.,46,0,22,Indiranagar,high
other,Other issue in Jayanagar,encroachment of footpath. This is happening in Jayanagar near the landmark.,49,0,13,Jayanagar,high
other,Other issue in Jayanagar,loud speakers at night. This is happening in Jayanagar near the landmark.,32,1,7,Jayanagar,high
other,Other issue in Jayanagar,encroachment of footpath. This is happening in Jayanagar near the landmark.,36,0,10,Jayanagar,high
other,Other issue in Jayanagar,encroachment of footpath. This is happening in Jayanagar near the landmark.,6,0,2,Jayanagar,medium
other,Other issue in Indiranagar,encroachment of public land. This is happening in Indiranagar near the landmark.,4,0,19,Indiranagar,low
other,Other issue in MG Road,unauthorized vendor on main road. This is happening in MG Road near the landmark.,14,0,3,MG Road,medium
other,Other issue in Whitefield,unauthorized vendor on main road. This is happening in Whitefield near the landmark.,16,1,17,Whitefield,medium
other,Other issue in Jayanagar,loud speakers at night. This is happening in Jayanagar near the landmark.,41,0,21,Jayanagar,high
other,Other issue in Indiranagar,illegal parking blocking road. This is happening in Indiranagar near the landmark.,4,1,12,Indiranagar,low
other,Other issue in Indiranagar,unauthorized vendor on main road. This is happening in Indiranagar near the landmark.,15,1,21,Indiranagar,medium
other,Other issue in Indiranagar,unauthorized vendor on main road. This is happening in Indiranagar near the landmark.,18,0,3,Indiranagar,medium
other,Other issue in Jayanagar,encroachment of public land. This is happening in Jayanagar near the landmark.,7,0,5,Jayanagar,medium
other,Other issue in Malleshwaram,rabid dog seen in area. This is happening in Malleshwaram near the landmark.,50,1,19,Malleshwaram,high
other,Other issue in MG Road,loud speakers at night. This is happening in MG Road near the landmark.,12,1,0,MG Road,medium
other,Other issue in MG Road,encroachment of footpath. This is happening in MG Road near the landmark.,42,0,12,MG Road,high
other,Other issue in Indiranagar,construction debris dumped on road. This is happening in Indiranagar near the landmark.,5,1,17,Indiranagar,medium
other,Other issue in Indiranagar,illegal parking blocking road. This is happening in Indiranagar near the landmark.,19,0,20,Indiranagar,medium
other,Other issue in Koramangala,encroachment of public land. This is happening in Koramangala near the landmark.,32,0,15,Koramangala,high
other,Other issue in Koramangala,noise pollution from construction. This is happening in Koramangala near the landmark.,2,0,15,Koramangala,low
other,Other issue in MG Road,illegal parking blocking road. This is happening in MG Road near the landmark.,30,0,19,MG Road,high
other,Other issue in HSR Layout,illegal parking blocking road. This is happening in HSR Layout near the landmark.,45,0,3,HSR Layout,high
other,Other issue in Koramangala,illegal billboard on tree. This is happening in Koramangala near the landmark.,5,0,3,Koramangala,medium
other,Other issue in Koramangala,encroachment of public land. This is happening in Koramangala near the landmark.,19,1,2,Koramangala,medium
other,Other issue in Koramangala,illegal parking blocking road. This is happening in Koramangala near the landmark.,28,1,0,Koramangala,high
other,Other issue in Indiranagar,loud speakers at night. This is happening in Indiranagar near the landmark.,29,1,7,Indiranagar,high
other,Other issue in Malleshwaram,rabid dog seen in area. This is happening in Malleshwaram near the landmark.,47,0,14,Malleshwaram,high
other,Other issue in Jayanagar,encroachment of public land. This is happening in Jayanagar near the landmark.,1,1,16,Jayanagar,low
other,Other issue in HSR Layout,encroachment of footpath. This is happening in HSR Layout near the landmark.,21,0,9,HSR Layout,medium
other,Other issue in Whitefield,construction debris dumped on road. This is happening in Whitefield near the landmark.,33,1,18,Whitefield,high
other,Other issue in MG Road,noise pollution from construction. This is happening in MG Road near the landmark.,21,0,6,MG Road,medium
other,Other issue in MG Road,illegal billboard on tree. This is happening in MG Road near the landmark.,31,1,20,MG Road,high
other,Other issue in MG Road,construction debris dumped on road. This is happening in MG Road near the landmark.,18,1,17,MG Road,medium
other,Other issue in HSR Layout,noise pollution from construction. This is happening in HSR Layout near the landmark.,36,0,15,HSR Layout,high
other,Other issue in Jayanagar,encroachment of public land. This is happening in Jayanagar near the landmark.,10,1,13,Jayanagar,medium
other,Other issue in Malleshwaram,noise pollution from construction. This is happening in Malleshwaram near the landmark.,12,1,12,Malleshwaram,medium
other,Other issue in Malleshwaram,illegal billboard on tree. This is happening in Malleshwaram near the landmark.,23,0,0,Malleshwaram,medium
other,Other issue in Jayanagar,unauthorized vendor on main road. This is happening in Jayanagar near the landmark.,35,1,15,Jayanagar,high
other,Other issue in Koramangala,construction debris dumped on road. This is happening in Koramangala near the landmark.,9,1,18,Koramangala,medium
other,Other issue in Indiranagar,encroachment of public land. This is happening in Indiranagar near the landmark.,28,1,12,Indiranagar,high
other,Other issue in Jayanagar,encroachment of footpath. This is happening in Jayanagar near the landmark.,35,0,13,Jayanagar,high
other,Other issue in HSR Layout,noise pollution from construction. This is happening in HSR Layout near the landmark.,11,0,21,HSR Layout,medium
other,Other issue in Whitefield,unauthorized vendor on main road. This is happening in Whitefield near the landmark.,8,0,9,Whitefield,medium
other,Other issue in Whitefield,unauthorized vendor on main road. This is happening in Whitefield near the landmark.,15,1,21,Whitefield,medium
other,Other issue in Koramangala,noise pollution from construction. This is happening in Koramangala near the landmark.,8,0,0,Koramangala,medium
other,Other issue in Indiranagar,illegal parking blocking road. This is happening in Indiranagar near the landmark.,40,0,15,Indiranagar,high
other,Other issue in Jayanagar,rabid dog seen in area. This is happening in Jayanagar near the landmark.,46,1,2,Jayanagar,high
other,Other issue in Jayanagar,loud speakers at night. This is happening in Jayanagar near the landmark.,17,1,7,Jayanagar,medium
other,Other issue in Jayanagar,stray dogs problem. This is happening in Jayanagar near the landmark.,49,0,3,Jayanagar,high
other,Other issue in MG Road,illegal billboard on tree. This is happening in MG Road near the landmark.,15,1,23,MG Road,medium
other,Other issue in Koramangala,stray dogs problem. This is happening in Koramangala near the landmark.,10,0,1,Koramangala,medium
other,Other issue in Jayanagar,unauthorized vendor on main road. This is happening in Jayanagar near the landmark.,46,0,8,Jayanagar,high
other,Other issue in MG Road,rabid dog seen in area. This is happening in MG Road near the landmark.,2,0,4,MG Road,low
other,Other issue in Jayanagar,encroachment of public land. This is happening in Jayanagar near the landmark.,7,0,5,Jayanagar,medium
other,Other issue in Jayanagar,construction debris dumped on road. This is happening in Jayanagar near the landmark.,29,1,1,Jayanagar,high
other,Other issue in MG Road,construction debris dumped on road. This is happening in MG Road near the landmark.,48,0,20,MG Road,high
other,Other issue in Jayanagar,illegal parking blocking road. This is happening in Jayanagar near the landmark.,6,1,23,Jayanagar,medium
other,Other issue in Jayanagar,construction debris dumped on road. This is happening in Jayanagar near the landmark.,23,1,18,Jayanagar,medium
other,Other issue in Jayanagar,unauthorized vendor on main road. This is happening in Jayanagar near the landmark.,40,0,15,Jayanagar,high
other,Other issue in HSR Layout,noise pollution from construction. This is happening in HSR Layout near the landmark.,33,1,7,HSR Layout,high
other,Other issue in MG Road,rabid dog seen in area. This is happening in MG Road near the landmark.,0,0,0,MG Road,low
other,Other issue in Whitefield,stray dogs problem. This is happening in Whitefield near the landmark.,35,1,11,Whitefield,high
other,Other issue in Koramangala,stray dogs problem. This is happening in Koramangala near the landmark.,46,1,9,Koramangala,high
other,Other issue in HSR Layout,loud speakers at night. This is happening in HSR Layout near the landmark.,39,0,0,HSR Layout,high
other,Other issue in HSR Layout,encroachment of footpath. This is happening in HSR Layout near the landmark.,45,0,19,HSR Layout,high
other,Other issue in Jayanagar,rabid dog seen in area. This is happening in Jayanagar near the landmark.,44,1,18,Jayanagar,high
other,Other issue in HSR Layout,illegal parking blocking road. This is happening in HSR Layout near the landmark.,48,1,12,HSR Layout,high
other,Other issue in Jayanagar,stray dogs problem. This is happening in Jayanagar near the landmark.,33,0,0,Jayanagar,high
other,Other issue in Whitefield,unauthorized vendor on main road. This is happening in Whitefield near the landmark.,45,1,14,Whitefield,high
other,Other issue in HSR Layout,unauthorized vendor on main road. This is happening in HSR Layout near the landmark.,2,0,4,HSR Layout,low
other,Other issue in Indiranagar,encroachment of public land. This is happening in Indiranagar near the landmark.,33,0,5,Indiranagar,high
other,Other issue in Indiranagar,loud speakers at night. This is happening in Indiranagar near the landmark.,18,0,13,Indiranagar,medium
other,Other issue in HSR Layout,construction debris dumped on road. This is happening in HSR Layout near the landmark.,13,0,14,HSR Layout,medium
other,Other issue in Malleshwaram,illegal billboard on tree. This is happening in Malleshwaram near the landmark.,44,1,7,Malleshwaram,high
other,Other issue in Whitefield,stray dogs problem. This is happening in Whitefield near the landmark.,9,0,21,Whitefield,medium
other,Other issue in Indiranagar,encroachment of footpath. This is happening in Indiranagar near the landmark.,8,1,21,Indiranagar,medium
other,Other issue in Whitefield,illegal parking blocking road. This is happening in Whitefield near the landmark.,14,0,12,Whitefield,medium
other,Other issue in Indiranagar,rabid dog seen in area. This is happening in Indiranagar near the landmark.,38,1,22,Indiranagar,high
other,Other issue in Jayanagar,loud speakers at night. This is happening in Jayanagar near the landmark.,5,1,15,Jayanagar,medium
other,Other issue in Jayanagar,illegal billboard on tree. This is happening in Jayanagar near the landmark.,39,1,5,Jayanagar,high
other,Other issue in Whitefield,encroachment of public land. This is happening in Whitefield near the landmark.,23,1,5,Whitefield,medium
other,Other issue in Koramangala,illegal parking blocking road. This is happening in Koramangala near the landmark.,50,1,19,Koramangala,high
other,Other issue in Koramangala,illegal parking blocking road. This is happening in Koramangala near the landmark.,44,1,1,Koramangala,high
other,Other issue in Whitefield,illegal billboard on tree. This is happening in Whitefield near the landmark.,30,0,9,Whitefield,high
other,Other issue in HSR Layout,stray dogs problem. This is happening in HSR Layout near the landmark.,32,0,23,HSR Layout,high
other,Other issue in MG Road,noise pollution from construction. This is happening in MG Road near the landmark.,43,1,2,MG Road,high
other,Other issue in Indiranagar,illegal parking blocking road. This is happening in Indiranagar near the landmark.,50,1,8,Indiranagar,high
other,Other issue in Indiranagar,loud speakers at night. This is happening in Indiranagar near the landmark.,27,0,16,Indiranagar,high
other,Other issue in MG Road,stray dogs problem. This is happening in MG Road near the landmark.,42,0,14,MG Road,high
other,Other issue in Malleshwaram,loud speakers at night. This is happening in Malleshwaram near the landmark.,36,1,7,Malleshwaram,high
other,Other issue in Jayanagar,encroachment of public land. This is happening in Jayanagar near the landmark.,33,0,19,Jayanagar,high
other,Other issue in Jayanagar,construction debris dumped on road. This is happening in Jayanagar near the landmark.,34,1,13,Jayanagar,high
other,Other issue in MG Road,construction debris dumped on road. This is happening in MG Road near the landmark.,28,0,6,MG Road,high
other,Other issue in Whitefield,rabid dog seen in area. This is happening in Whitefield near the landmark.,9,0,10,Whitefield,medium
other,Other issue in Whitefield,rabid dog seen in area. This is happening in Whitefield near the landmark.,36,1,2,Whitefield,high
other,Other issue in Malleshwaram,rabid dog seen in area. This is happening in Malleshwaram near the landmark.,8,0,23,Malleshwaram,medium
other,Other issue in Indiranagar,illegal billboard on tree. This is happening in Indiranagar near the landmark.,27,1,3,Indiranagar,high
other,Other issue in MG Road,encroachment of public land. This is happening in MG Road near the landmark.,8,1,23,MG Road,medium
other,Other issue in Indiranagar,illegal billboard on tree. This is happening in Indiranagar near the landmark.,8,1,2,Indiranagar,medium
other,Other issue in Whitefield,loud speakers at night. This is happening in Whitefield near the landmark.,10,1,3,Whitefield,medium
other,Other issue in Indiranagar,rabid dog seen in area. This is happening in Indiranagar near the landmark.,49,1,14,Indiranagar,high
other,Other issue in Jayanagar,loud speakers at night. This is happening in Jayanagar near the landmark.,4,0,0,Jayanagar,low
other,Other issue in Koramangala,construction debris dumped on road. This is happening in Koramangala near the landmark.,25,0,10,Koramangala,medium
other,Other issue in Indiranagar,encroachment of public land. This is happening in Indiranagar near the landmark.,12,1,5,Indiranagar,medium
other,Other issue in Whitefield,rabid dog seen in area. This is happening in Whitefield near the landmark.,18,0,23,Whitefield,medium
other,Other issue in Indiranagar,loud speakers at night. This is happening in Indiranagar near the landmark.,3,1,23,Indiranagar,low
other,Other issue in Malleshwaram,noise pollution from construction. This is happening in Malleshwaram near the landmark.,40,0,0,Malleshwaram,high
other,Other issue in Whitefield,illegal billboard on tree. This is happening in Whitefield near the landmark.,9,0,6,Whitefield,medium
other,Other issue in Malleshwaram,rabid dog seen in area. This is happening in Malleshwaram near the landmark.,31,1,16,Malleshwaram,high
other,Other issue in Whitefield,stray dogs problem. This is happening in Whitefield near the landmark.,4,1,23,Whitefield,low
other,Other issue in Koramangala,illegal parking blocking road. This is happening in Koramangala near the landmark.,27,0,21,Koramangala,high
other,Other issue in Koramangala,stray dogs problem. This is happening in Koramangala near the landmark.,43,1,15,Koramangala,high
other,Other issue in Whitefield,rabid dog seen in area. This is happening in Whitefield near the landmark.,28,0,16,Whitefield,high
other,Other issue in Jayanagar,illegal parking blocking road. This is happening in Jayanagar near the landmark.,2,0,12,Jayanagar,low
other,Other issue in Whitefield,encroachment of footpath. This is happening in Whitefield near the landmark.,49,1,11,Whitefield,high
other,Other issue in Koramangala,encroachment of footpath. This is happening in Koramangala near the landmark.,41,0,14,Koramangala,high
other,Other issue in MG Road,unauthorized vendor on main road. This is happening in MG Road near the landmark.,3,0,0,MG Road,low
other,Other issue in HSR Layout,loud speakers at night. This is happening in HSR Layout near the landmark.,26,0,7,HSR Layout,high
other,Other issue in Koramangala,unauthorized vendor on main road. This is happening in Koramangala near the landmark.,45,1,23,Koramangala,high
other,Other issue in MG Road,stray dogs problem. This is happening in MG Road near the landmark.,21,0,0,MG Road,medium
other,Other issue in Malleshwaram,illegal billboard on tree. This is happening in Malleshwaram near the landmark.,50,0,18,Malleshwaram,high
other,Other issue in Malleshwaram,unauthorized vendor on main road. This is happening in Malleshwaram near the landmark.,16,0,15,Malleshwaram,medium
other,Other issue in Whitefield,illegal billboard on tree. This is happening in Whitefield near the landmark.,21,1,2,Whitefield,medium
other,Other issue in HSR Layout,construction debris dumped on road. This is happening in HSR Layout near the landmark.,33,1,12,HSR Layout,high
other,Other issue in Jayanagar,encroachment of footpath. This is happening in Jayanagar near the landmark.,39,1,18,Jayanagar,high
other,Other issue in MG Road,construction debris dumped on road. This is happening in MG Road near the landmark.,17,1,5,MG Road,medium
other,Other issue in HSR Layout,encroachment of footpath. This is happening in HSR Layout near the landmark.,16,1,0,HSR Layout,medium
other,Other issue in Malleshwaram,construction debris dumped on road. This is happening in Malleshwaram near the landmark.,46,1,5,Malleshwaram,high
other,Other issue in Indiranagar,encroachment of footpath. This is happening in Indiranagar near the landmark.,12,0,2,Indiranagar,medium
other,Other issue in HSR Layout,unauthorized vendor on main road. This is happening in HSR Layout near the landmark.,7,1,23,HSR Layout,medium
other,Other issue in Indiranagar,illegal billboard on tree. This is happening in Indiranagar near the landmark.,16,1,4,Indiranagar,medium
other,Other issue in Koramangala,noise pollution from construction. This is happening in Koramangala near the landmark.,48,0,4,Koramangala,high
other,Other issue in Jayanagar,unauthorized vendor on main road. This is happening in Jayanagar near the landmark.,39,0,19,Jayanagar,high
other,Other issue in Malleshwaram,unauthorized vendor on main road. This is happening in Malleshwaram near the landmark.,48,0,5,Malleshwaram,high
other,Other issue in MG Road,illegal billboard on tree. This is happening in MG Road near the landmark.,23,1,9,MG Road,medium
other,Other issue in MG Road,rabid dog seen in area. This is happening in MG Road near the landmark.,26,1,13,MG Road,high
other,Other issue in HSR Layout,illegal parking blocking road. This is happening in HSR Layout near the landmark.,16,0,4,HSR Layout,medium
other,Other issue in Koramangala,construction debris dumped on road. This is happening in Koramangala near the landmark.,15,1,12,Koramangala,medium
other,Other issue in MG Road,stray dogs problem. This is happening in MG Road near the landmark.,15,1,16,MG Road,medium
other,Other issue in Indiranagar,illegal billboard on tree. This is happening in Indiranagar near the landmark.,49,1,13,Indiranagar,high
other,Other issue in Malleshwaram,illegal parking blocking road. This is happening in Malleshwaram near the landmark.,21,1,7,Malleshwaram,medium
other,Other issue in Indiranagar,construction debris dumped on road. This is happening in Indiranagar near the landmark.,30,1,22,Indiranagar,high
other,Other issue in Indiranagar,rabid dog seen in area. This is happening in Indiranagar near the landmark.,33,1,18,Indiranagar,high
other,Other issue in Malleshwaram,rabid dog seen in area. This is happening in Malleshwaram near the landmark.,9,1,19,Malleshwaram,medium
other,Other issue in Koramangala,illegal billboard on tree. This is happening in Koramangala near the landmark.,43,1,7,Koramangala,high
other,Other issue in MG Road,encroachment of public land. This is happening in MG Road near the landmark.,15,0,6,MG Road,medium
other,Other issue in MG Road,encroachment of public land. This is happening in MG Road near the landmark.,31,0,6,MG Road,high
other,Other issue in Jayanagar,stray dogs problem. This is happening in Jayanagar near the landmark.,16,0,13,Jayanagar,medium
other,Other issue in Koramangala,unauthorized vendor on main road. This is happening in Koramangala near the landmark.,31,1,23,Koramangala,high
other,Other issue in Whitefield,noise pollution from construction. This is happening in Whitefield near the landmark.,14,0,7,Whitefield,medium
other,Other issue in Indiranagar,encroachment of public land. This is happening in Indiranagar near the landmark.,23,1,13,Indiranagar,medium
other,Other issue in Malleshwaram,loud speakers at night. This is happening in Malleshwaram near the landmark.,19,0,12,Malleshwaram,medium
other,Other issue in MG Road,loud speakers at night. This is happening in MG Road near the landmark.,20,0,23,MG Road,medium
other,Other issue in Malleshwaram,illegal parking blocking road. This is happening in Malleshwaram near the landmark.,43,1,15,Malleshwaram,high
other,Other issue in HSR Layout,encroachment of footpath. This is happening in HSR Layout near the landmark.,28,1,15,HSR Layout,high
other,Other issue in MG Road,stray dogs problem. This is happening in MG Road near the landmark.,21,0,13,MG Road,medium
other,Other issue in Indiranagar,illegal parking blocking road. This is happening in Indiranagar near the landmark.,20,1,3,Indiranagar,medium
other,Other issue in Koramangala,noise pollution from construction. This is happening in Koramangala near the landmark.,23,1,9,Koramangala,medium
other,Other issue in Jayanagar,loud speakers at night. This is happening in Jayanagar near the landmark.,32,0,3,Jayanagar,high
other,Other issue in Whitefield,stray dogs problem. This is happening in Whitefield near the landmark.,29,0,21,Whitefield,high
other,Other issue in MG Road,stray dogs problem. This is happening in MG Road near the landmark.,47,1,20,MG Road,high
other,Other issue in Koramangala,rabid dog seen in area. This is happening in Koramangala near the landmark.,15,0,18,Koramangala,medium
other,Other issue in Malleshwaram,loud speakers at night. This is happening in Malleshwaram near the landmark.,0,0,6,Malleshwaram,low
other,Other issue in Malleshwaram,construction debris dumped on road. This is happening in Malleshwaram near the landmark.,2,0,10,Malleshwaram,low
other,Other issue in Koramangala,encroachment of public land. This is happening in Koramangala near the landmark.,5,1,17,Koramangala,medium
other,Other issue in HSR Layout,encroachment of public land. This is happening in HSR Layout near the landmark.,48,0,2,HSR Layout,high
other,Other issue in Malleshwaram,illegal parking blocking road. This is happening in Malleshwaram near the landmark.,8,0,23,Malleshwaram,medium
other,Other issue in Indiranagar,illegal billboard on tree. This is happening in Indiranagar near the landmark.,30,1,2,Indiranagar,high
other,Other issue in Indiranagar,construction debris dumped on road. This is happening in Indiranagar near the landmark.,1,0,5,Indiranagar,low
other,Other issue in Koramangala,illegal billboard on tree. This is happening in Koramangala near the landmark.,42,1,11,Koramangala,high
other,Other issue in Whitefield,rabid dog seen in area. This is happening in Whitefield near the landmark.,32,0,21,Whitefield,high
other,Other issue in Whitefield,construction debris dumped on road. This is happening in Whitefield near the landmark.,9,0,20,Whitefield,medium
other,Other issue in Jayanagar,illegal parking blocking road. This is happening in Jayanagar near the landmark.,48,0,20,Jayanagar,high
other,Other issue in Whitefield,stray dogs problem. This is happening in Whitefield near the landmark.,30,0,10,Whitefield,high
other,Other issue in Malleshwaram,illegal parking blocking road. This is happening in Malleshwaram near the landmark.,1,0,21,Malleshwaram,low
other,Other issue in HSR Layout,illegal parking blocking road. This is happening in HSR Layout near the landmark.,50,1,3,HSR Layout,high
other,Other issue in Jayanagar,construction debris dumped on road. This is happening in Jayanagar near the landmark.,6,1,1,Jayanagar,medium
other,Other issue in Jayanagar,noise pollution from construction. This is happening in Jayanagar near the landmark.,39,0,3,Jayanagar,high
other,Other issue in HSR Layout,noise pollution from construction. This is happening in HSR Layout near the landmark.,31,1,13,HSR Layout,high
other,Other issue in Malleshwaram,illegal parking blocking road. This is happening in Malleshwaram near the landmark.,36,0,11,Malleshwaram,high
other,Other issue in Jayanagar,construction debris dumped on road. This is happening in Jayanagar near the landmark.,34,1,14,Jayanagar,high
other,Other issue in MG Road,loud speakers at night. This is happening in MG Road near the landmark.,44,1,13,MG Road,high
other,Other issue in Jayanagar,illegal parking blocking road. This is happening in Jayanagar near the landmark.,26,1,4,Jayanagar,high
other,Other issue in Indiranagar,encroachment of footpath. This is happening in Indiranagar near the landmark.,19,1,16,Indiranagar,medium
other,Other issue in Koramangala,encroachment of public land. This is happening in Koramangala near the landmark.,21,1,7,Koramangala,medium
other,Other issue in Jayanagar,illegal billboard on tree. This is happening in Jayanagar near the landmark.,19,1,3,Jayanagar,medium
other,Other issue in Indiranagar,encroachment of footpath. This is happening in Indiranagar near the landmark.,37,1,6,Indiranagar,high
other,Other issue in Whitefield,noise pollution from construction. This is happening in Whitefield near the landmark.,26,1,5,Whitefield,high
other,Other issue in MG Road,noise pollution from construction. This is happening in MG Road near the landmark.,25,1,12,MG Road,medium
other,Other issue in MG Road,rabid dog seen in area. This is happening in MG Road near the landmark.,17,0,23,MG Road,medium
other,Other issue in Malleshwaram,rabid dog seen in area. This is happening in Malleshwaram near the landmark.,18,1,16,Malleshwaram,medium
other,Other issue in HSR Layout,noise pollution from construction. This is happening in HSR Layout near the landmark.,39,1,17,HSR Layout,high
other,Other issue in Jayanagar,encroachment of public land. This is happening in Jayanagar near the landmark.,2,0,14,Jayanagar,low
other,Other issue in MG Road,encroachment of public land. This is happening in MG Road near the landmark.,5,0,0,MG Road,medium
other,Other issue in HSR Layout,rabid dog seen in area. This is happening in HSR Layout near the landmark.,29,1,23,HSR Layout,high
other,Other issue in Jayanagar,encroachment of footpath. This is happening in Jayanagar near the landmark.,40,1,17,Jayanagar,high
other,Other issue in Koramangala,construction debris dumped on road. This is happening in Koramangala near the landmark.,17,0,1,Koramangala,medium
other,Other issue in Koramangala,unauthorized vendor on main road. This is happening in Koramangala near the landmark.,30,0,7,Koramangala,high
other,Other issue in MG Road,illegal billboard on tree. This is happening in MG Road near the landmark.,45,0,16,MG Road,high
other,Other issue in Jayanagar,unauthorized vendor on main road. This is happening in Jayanagar near the landmark.,17,0,23,Jayanagar,medium
other,Other issue in Jayanagar,stray dogs problem. This is happening in Jayanagar near the landmark.,16,0,7,Jayanagar,medium
other,Other issue in HSR Layout,illegal parking blocking road. This is happening in HSR Layout near the landmark.,49,1,7,HSR Layout,high
other,Other issue in Koramangala,unauthorized vendor on main road. This is happening in Koramangala near the landmark.,45,1,19,Koramangala,high
